tourney_date;tourney_name;surface;tourney_level;winner_name;loser_name;winner_rank;loser_rank;round;best_of;score;fecha
20200106;Atp Cup;Hard;A;Novak Djokovic;Daniil Medvedev;2.0;5.0;SF;3;6-1 5-7 6-4;2020-01-06
20200106;Doha;Hard;A;Laslo Djere;Lorenzo Sonego;39.0;51.0;R32;3;6-1 3-6 6-2;2020-01-06
20200106;Doha;Hard;A;Miomir Kecmanovic;Jordan Thompson;62.0;63.0;R32;3;6-4 6-2;2020-01-06
20200106;Doha;Hard;A;Marton Fucsovics;Frances Tiafoe;70.0;47.0;R32;3;6-4 4-6 6-4;2020-01-06
20200106;Doha;Hard;A;Alexander Bublik;Adrian Mannarino;55.0;43.0;R32;3;6-3 6-4;2020-01-06
20200106;Doha;Hard;A;Pierre Hugues Herbert;Laslo Djere;65.0;39.0;R16;3;6-1 6-3;2020-01-06
20200106;Doha;Hard;A;Andrey Rublev;Pierre Hugues Herbert;23.0;65.0;QF;3;6-4 6-3;2020-01-06
20200106;Doha;Hard;A;Miomir Kecmanovic;Marton Fucsovics;62.0;70.0;QF;3;6-2 6-0;2020-01-06
20200106;Doha;Hard;A;Andrey Rublev;Miomir Kecmanovic;23.0;62.0;SF;3;6-3 6-1;2020-01-06
20200106;Doha;Hard;A;Corentin Moutet;Stan Wawrinka;81.0;15.0;SF;3;3-6 7-5 6-3;2020-01-06
20200106;Doha;Hard;A;Andrey Rublev;Corentin Moutet;23.0;81.0;F;3;6-2 7-6(3);2020-01-06
20200106;Atp Cup;Hard;A;Alex De Minaur;Denis Shapovalov;18.0;14.0;RR;3;6-7(6) 6-4 6-2;2020-01-06
20200106;Atp Cup;Hard;A;Nick Kyrgios;Stefanos Tsitsipas;29.0;6.0;RR;3;7-6(7) 6-7(3) 7-6(5);2020-01-06
20200106;Atp Cup;Hard;A;Denis Shapovalov;Stefanos Tsitsipas;14.0;6.0;RR;3;7-6(6) 7-6(4);2020-01-06
20200106;Atp Cup;Hard;A;Nick Kyrgios;Jan Lennard Struff;29.0;35.0;RR;3;6-4 7-6(4);2020-01-06
20200106;Atp Cup;Hard;A;Gael Monfils;Cristian Garin;9.0;33.0;RR;3;6-3 7-5;2020-01-06
20200106;Atp Cup;Hard;A;Jan Lennard Struff;Felix Auger Aliassime;35.0;21.0;RR;3;6-1 6-4;2020-01-06
20200106;Atp Cup;Hard;A;Denis Shapovalov;Alexander Zverev;14.0;7.0;RR;3;6-2 6-2;2020-01-06
20200106;Atp Cup;Hard;A;Stefanos Tsitsipas;Alexander Zverev;6.0;7.0;RR;3;6-1 6-4;2020-01-06
20200106;Atp Cup;Hard;A;Daniil Medvedev;Casper Ruud;5.0;53.0;RR;3;6-3 7-6(6);2020-01-06
20200106;Atp Cup;Hard;A;Karen Khachanov;Taylor Fritz;17.0;31.0;RR;3;3-6 7-5 6-1;2020-01-06
20200106;Atp Cup;Hard;A;David Goffin;Grigor Dimitrov;11.0;20.0;RR;3;4-6 6-2 6-2;2020-01-06
20200106;Atp Cup;Hard;A;Yoshihito Nishioka;Nikoloz Basilashvili;72.0;26.0;RR;3;6-2 6-3;2020-01-06
20200106;Atp Cup;Hard;A;Alex De Minaur;Alexander Zverev;18.0;7.0;RR;3;4-6 7-6(3) 6-2;2020-01-06
20200106;Atp Cup;Hard;A;Novak Djokovic;Cristian Garin;2.0;33.0;RR;3;6-3 6-3;2020-01-06
20200106;Atp Cup;Hard;A;Novak Djokovic;Gael Monfils;2.0;9.0;RR;3;6-3 6-2;2020-01-06
20200106;Atp Cup;Hard;A;Nick Kyrgios;Cameron Norrie;29.0;52.0;QF;3;6-2 6-2;2020-01-06
20200106;Atp Cup;Hard;A;Novak Djokovic;Denis Shapovalov;2.0;14.0;QF;3;4-6 6-1 7-6(4);2020-01-06
20200106;Atp Cup;Hard;A;Roberto Bautista Agut;Nick Kyrgios;10.0;29.0;SF;3;6-1 6-4;2020-01-06
20200113;Auckland;Hard;A;Hubert Hurkacz;Lorenzo Sonego;34.0;52.0;R32;3;7-5 6-3;2020-01-13
20200113;Auckland;Hard;A;Ugo Humbert;Casper Ruud;57.0;46.0;R32;3;7-6(3) 2-6 6-3;2020-01-13
20200113;Auckland;Hard;A;Ugo Humbert;Denis Shapovalov;57.0;13.0;QF;3;7-5 6-4;2020-01-13
20200113;Adelaide;Hard;A;Alexander Bublik;Taylor Fritz;55.0;32.0;R32;3;6-4 7-6(4);2020-01-13
20200113;Adelaide;Hard;A;Laslo Djere;Alexei Popyrin;40.0;95.0;R32;3;7-6(3) 3-6 6-4;2020-01-13
20200113;Adelaide;Hard;A;Felix Auger Aliassime;James Duckworth;22.0;96.0;R16;3;6-3 7-6(0);2020-01-13
20200113;Adelaide;Hard;A;Andrey Rublev;Felix Auger Aliassime;18.0;22.0;SF;3;7-6(5) 6-7(7) 6-4;2020-01-13
20200120;Australian Open;Hard;G;Alexander Zverev;Stan Wawrinka;7.0;15.0;QF;5;1-6 6-3 6-4 6-2;2020-01-20
20200120;Australian Open;Hard;G;Alexander Zverev;Andrey Rublev;7.0;16.0;R16;5;6-4 6-4 6-4;2020-01-20
20200120;Australian Open;Hard;G;Stan Wawrinka;Daniil Medvedev;15.0;4.0;R16;5;6-2 2-6 4-6 7-6(2) 6-2;2020-01-20
20200120;Australian Open;Hard;G;Novak Djokovic;Yoshihito Nishioka;2.0;71.0;R32;5;6-3 6-2 6-2;2020-01-20
20200120;Australian Open;Hard;G;Marin Cilic;Roberto Bautista Agut;39.0;9.0;R32;5;6-7(3) 6-4 6-0 5-7 6-3;2020-01-20
20200120;Australian Open;Hard;G;Marton Fucsovics;Tommy Paul;67.0;80.0;R32;5;6-1 6-1 6-4;2020-01-20
20200120;Australian Open;Hard;G;Andrey Rublev;David Goffin;16.0;11.0;R32;5;2-6 7-6(3) 6-4 7-6(4);2020-01-20
20200120;Australian Open;Hard;G;Daniil Medvedev;Alexei Popyrin;4.0;96.0;R32;5;6-4 6-3 6-2;2020-01-20
20200120;Australian Open;Hard;G;Nick Kyrgios;Karen Khachanov;26.0;17.0;R32;5;6-2 7-6(5) 6-7(6) 6-7(7) 7-6(8);2020-01-20
20200120;Australian Open;Hard;G;Roberto Bautista Agut;Michael Mmoh;9.0;217.0;R64;5;5-7 6-2 6-4 6-1;2020-01-20
20200120;Australian Open;Hard;G;Tommy Paul;Grigor Dimitrov;80.0;20.0;R64;5;6-4 7-6(6) 3-6 6-7(3) 7-6(3);2020-01-20
20200120;Australian Open;Hard;G;Marton Fucsovics;Jannik Sinner;67.0;82.0;R64;5;6-4 6-4 6-3;2020-01-20
20200120;Australian Open;Hard;G;David Goffin;Pierre Hugues Herbert;11.0;64.0;R64;5;6-1 6-4 4-6 1-6 6-3;2020-01-20
20200120;Australian Open;Hard;G;Daniil Medvedev;Pedro Martinez;4.0;168.0;R64;5;7-5 6-1 6-3;2020-01-20
20200120;Australian Open;Hard;G;Novak Djokovic;Jan Lennard Struff;2.0;37.0;R128;5;7-6(5) 6-2 2-6 6-1;2020-01-20
20200120;Australian Open;Hard;G;Yoshihito Nishioka;Laslo Djere;71.0;40.0;R128;5;6-4 3-6 6-2 7-6(1);2020-01-20
20200120;Australian Open;Hard;G;Marin Cilic;Corentin Moutet;39.0;70.0;R128;5;6-3 6-2 6-4;2020-01-20
20200120;Australian Open;Hard;G;Marton Fucsovics;Denis Shapovalov;67.0;13.0;R128;5;6-3 6-7(7) 6-1 7-6(3);2020-01-20
20200120;Australian Open;Hard;G;Jordan Thompson;Alexander Bublik;66.0;56.0;R128;5;6-4 6-3 6-2;2020-01-20
20200120;Australian Open;Hard;G;Andrey Rublev;Christopher Oconnell;16.0;115.0;R128;5;6-3 0-6 6-4 7-6(5);2020-01-20
20200120;Australian Open;Hard;G;Pierre Hugues Herbert;Cameron Norrie;64.0;62.0;R128;5;7-5 3-6 3-6 7-5 6-4;2020-01-20
20200120;Australian Open;Hard;G;Stan Wawrinka;Damir Dzumhur;15.0;92.0;R128;5;7-5 6-7(4) 6-4 6-4;2020-01-20
20200120;Australian Open;Hard;G;Jaume Munar;Hugo Gaston;90.0;247.0;R128;5;7-5 5-7 6-0 6-3;2020-01-20
20200120;Australian Open;Hard;G;Daniil Medvedev;Frances Tiafoe;4.0;50.0;R128;5;6-3 4-6 6-4 6-2;2020-01-20
20200120;Australian Open;Hard;G;Taylor Fritz;Tallon Griekspoor;34.0;175.0;R128;5;6-3 6-3 6-3;2020-01-20
20200120;Australian Open;Hard;G;Nick Kyrgios;Lorenzo Sonego;26.0;53.0;R128;5;6-2 7-6(3) 7-6(1);2020-01-20
20200120;Australian Open;Hard;G;Alexei Popyrin;Jaume Munar;96.0;90.0;R64;5;6-2 7-6(5) 6-2;2020-01-20
20200203;Montpellier;Hard;A;Felix Auger Aliassime;Damir Dzumhur;21.0;97.0;R32;3;6-7(5) 6-2 6-2;2020-02-03
20200203;Montpellier;Hard;A;Adrian Mannarino;Alexei Popyrin;45.0;99.0;R32;3;6-0 6-7(7) 6-0;2020-02-03
20200203;Montpellier;Hard;A;David Goffin;Alexander Bublik;10.0;54.0;R16;3;6-3 7-6(9);2020-02-03
20200203;Montpellier;Hard;A;Pierre Hugues Herbert;Felix Auger Aliassime;67.0;21.0;R16;3;7-6(2) 7-5;2020-02-03
20200203;Montpellier;Hard;A;Gael Monfils;Adrian Mannarino;9.0;45.0;R16;3;4-6 6-1 6-4;2020-02-03
20200203;Montpellier;Hard;A;David Goffin;Pierre Hugues Herbert;10.0;67.0;QF;3;6-4 7-6(5);2020-02-03
20200210;Rotterdam;Hard;A;Stefanos Tsitsipas;Hubert Hurkacz;6.0;29.0;R32;3;6-7(2) 6-3 6-1;2020-02-10
20200210;Rotterdam;Hard;A;Felix Auger Aliassime;Jan Lennard Struff;21.0;34.0;R32;3;6-3 1-6 6-3;2020-02-10
20200210;Rotterdam;Hard;A;Grigor Dimitrov;Denis Shapovalov;22.0;16.0;R32;3;6-3 7-6(3);2020-02-10
20200210;Rotterdam;Hard;A;Pablo Carreno Busta;Adrian Mannarino;30.0;44.0;R32;3;7-5 6-7(3) 6-4;2020-02-10
20200210;Rotterdam;Hard;A;Roberto Bautista Agut;Marton Fucsovics;12.0;66.0;R32;3;4-6 7-6(1) 6-1;2020-02-10
20200210;Rotterdam;Hard;A;Andrey Rublev;Nikoloz Basilashvili;15.0;28.0;R32;3;6-2 6-3;2020-02-10
20200210;Rotterdam;Hard;A;Jannik Sinner;David Goffin;79.0;10.0;R16;3;7-6(7) 7-5;2020-02-10
20200210;Rotterdam;Hard;A;Pablo Carreno Busta;Roberto Bautista Agut;30.0;12.0;R16;3;6-4 2-6 7-6(4);2020-02-10
20200210;Rotterdam;Hard;A;Felix Auger Aliassime;Grigor Dimitrov;21.0;22.0;R16;3;6-4 6-2;2020-02-10
20200210;Rotterdam;Hard;A;Pablo Carreno Busta;Jannik Sinner;30.0;79.0;QF;3;7-5 3-6 7-6(6);2020-02-10
20200210;Rotterdam;Hard;A;Felix Auger Aliassime;Pablo Carreno Busta;21.0;30.0;SF;3;7-6(2) 6-4;2020-02-10
20200210;Rotterdam;Hard;A;Gael Monfils;Felix Auger Aliassime;9.0;21.0;F;3;6-2 6-4;2020-02-10
20200210;New York;Hard;A;Miomir Kecmanovic;Tommy Paul;54.0;70.0;R32;3;6-4 6-2;2020-02-10
20200210;New York;Hard;A;Ugo Humbert;Marcos Giron;43.0;113.0;R16;3;6-1 6-0;2020-02-10
20200210;New York;Hard;A;Reilly Opelka;Yoshihito Nishioka;40.0;64.0;R16;3;6-4 6-4;2020-02-10
20200210;New York;Hard;A;Miomir Kecmanovic;Ugo Humbert;54.0;43.0;QF;3;3-6 6-2 6-4;2020-02-10
20200210;Rotterdam;Hard;A;Andrey Rublev;Alexander Bublik;15.0;56.0;R16;3;7-5 6-3;2020-02-10
20200217;Marseille;Hard;A;Alexander Bublik;Denis Shapovalov;55.0;15.0;QF;3;7-5 4-6 6-3;2020-02-17
20200217;Marseille;Hard;A;Daniil Medvedev;Jannik Sinner;5.0;68.0;R16;3;1-6 6-1 6-2;2020-02-17
20200217;Marseille;Hard;A;Felix Auger Aliassime;Pierre Hugues Herbert;18.0;79.0;R16;3;6-0 6-7(6) 7-6(9);2020-02-17
20200217;Marseille;Hard;A;Alexander Bublik;Marton Fucsovics;55.0;73.0;R32;3;6-4 7-5;2020-02-17
20200217;Marseille;Hard;A;Stefanos Tsitsipas;Felix Auger Aliassime;6.0;18.0;F;3;6-3 6-4;2020-02-17
20200217;Marseille;Hard;A;Denis Shapovalov;Marin Cilic;15.0;39.0;R16;3;6-4 4-6 6-2;2020-02-17
20200217;Delray Beach;Hard;A;Cameron Norrie;Taylor Fritz;60.0;38.0;R32;3;6-4 6-7(4) 6-4;2020-02-17
20200217;Marseille;Hard;A;Stefanos Tsitsipas;Alexander Bublik;6.0;55.0;SF;3;7-5 6-3;2020-02-17
20200217;Delray Beach;Hard;A;Brandon Nakashima;Cameron Norrie;294.0;60.0;R16;3;7-5 6-2;2020-02-17
20200217;Delray Beach;Hard;A;Ugo Humbert;Miomir Kecmanovic;44.0;50.0;R16;3;6-4 7-6(6);2020-02-17
20200217;Delray Beach;Hard;A;Reilly Opelka;Mackenzie Mcdonald;54.0;159.0;R16;3;6-3 6-4;2020-02-17
20200217;Delray Beach;Hard;A;Frances Tiafoe;Tommy Paul;84.0;70.0;R16;3;7-5 7-6(4);2020-02-17
20200217;Delray Beach;Hard;A;Yoshihito Nishioka;Brandon Nakashima;63.0;294.0;QF;3;3-6 7-6(5) 6-4;2020-02-17
20200217;Delray Beach;Hard;A;Ugo Humbert;Frances Tiafoe;44.0;84.0;QF;3;6-1 6-2;2020-02-17
20200217;Delray Beach;Hard;A;Yoshihito Nishioka;Ugo Humbert;63.0;44.0;SF;3;1-6 6-4 6-0;2020-02-17
20200217;Delray Beach;Hard;A;Reilly Opelka;Yoshihito Nishioka;54.0;63.0;F;3;7-5 6-7(4) 6-2;2020-02-17
20200224;Dubai;Hard;A;Stefanos Tsitsipas;Jan Lennard Struff;6.0;34.0;QF;3;4-6 6-4 6-4;2020-02-24
20200224;Dubai;Hard;A;Jan Lennard Struff;Nikoloz Basilashvili;34.0;29.0;R16;3;6-1 6-0;2020-02-24
20200224;Dubai;Hard;A;Stefanos Tsitsipas;Alexander Bublik;6.0;47.0;R16;3;7-6(1) 6-4;2020-02-24
20200224;Dubai;Hard;A;Gael Monfils;Marton Fucsovics;9.0;70.0;R32;3;6-4 7-5;2020-02-24
20200224;Dubai;Hard;A;Jan Lennard Struff;Roberto Bautista Agut;34.0;12.0;R32;3;7-6(2) 7-5;2020-02-24
20200224;Dubai;Hard;A;Pierre Hugues Herbert;Yoshihito Nishioka;78.0;48.0;R32;3;7-5 6-2;2020-02-24
20200224;Dubai;Hard;A;Novak Djokovic;Karen Khachanov;1.0;17.0;QF;3;6-2 6-2;2020-02-24
20200224;Dubai;Hard;A;Alexander Bublik;Hubert Hurkacz;47.0;30.0;R32;3;6-2 7-5;2020-02-24
20200224;Dubai;Hard;A;Stefanos Tsitsipas;Pablo Carreno Busta;6.0;27.0;R32;3;7-6(1) 6-1;2020-02-24
20200224;Dubai;Hard;A;Andrey Rublev;Lorenzo Musetti;14.0;311.0;R32;3;6-4 6-4;2020-02-24
20200224;Dubai;Hard;A;Novak Djokovic;Gael Monfils;1.0;9.0;SF;3;2-6 7-6(8) 6-1;2020-02-24
20200224;Acapulco;Hard;A;Grigor Dimitrov;Damir Dzumhur;22.0;109.0;R32;3;6-3 6-3;2020-02-24
20200224;Acapulco;Hard;A;Tommy Paul;Mackenzie Mcdonald;66.0;196.0;R32;3;6-7(4) 6-4 6-4;2020-02-24
20200224;Acapulco;Hard;A;Adrian Mannarino;Cameron Norrie;42.0;58.0;R32;3;2-6 6-3 6-3;2020-02-24
20200224;Acapulco;Hard;A;Stan Wawrinka;Frances Tiafoe;16.0;82.0;R32;3;6-3 6-7(4) 7-6(1);2020-02-24
20200224;Acapulco;Hard;A;Miomir Kecmanovic;Alex De Minaur;50.0;25.0;R32;3;3-6 6-4 6-3;2020-02-24
20200224;Acapulco;Hard;A;Tommy Paul;Alexander Zverev;66.0;7.0;R16;3;6-3 6-4;2020-02-24
20200224;Acapulco;Hard;A;Taylor Fritz;Ugo Humbert;35.0;43.0;R16;3;6-4 6-1;2020-02-24
20200224;Acapulco;Hard;A;Grigor Dimitrov;Adrian Mannarino;22.0;42.0;R16;3;6-7(8) 6-2 7-6(2);2020-02-24
20200224;Acapulco;Hard;A;Stan Wawrinka;Pedro Martinez;16.0;113.0;R16;3;6-4 6-4;2020-02-24
20200224;Acapulco;Hard;A;Grigor Dimitrov;Stan Wawrinka;22.0;16.0;QF;3;6-4 6-4;2020-02-24
20200224;Dubai;Hard;A;Novak Djokovic;Stefanos Tsitsipas;1.0;6.0;F;3;6-3 6-4;2020-02-24
20200306;Davis Cup QLS R1: SWE vs CHI;Hard;D;Alejandro Tabilo;Elias Ymer;173.0;202.0;RR;3;6-4 6-3;2020-03-06
20200306;Davis Cup QLS R1: KAZ vs NED;Hard;D;Alexander Bublik;Tallon Griekspoor;51.0;196.0;RR;3;7-6(4) 7-6(4);2020-03-06
20200824;Cincinnati Masters;Hard;M;Denis Shapovalov;Marin Cilic;17.0;37.0;R64;3;6-3 6-3;2020-08-24
20200824;Cincinnati Masters;Hard;M;Jan Lennard Struff;Alex De Minaur;34.0;26.0;R64;3;6-2 6-4;2020-08-24
20200824;Cincinnati Masters;Hard;M;Felix Auger Aliassime;Nikoloz Basilashvili;20.0;27.0;R64;3;6-4 6-1;2020-08-24
20200824;Cincinnati Masters;Hard;M;Reilly Opelka;Cameron Norrie;39.0;77.0;R64;3;6-3 6-4;2020-08-24
20200824;Cincinnati Masters;Hard;M;Grigor Dimitrov;Ugo Humbert;19.0;42.0;R64;3;6-3 6-4;2020-08-24
20200824;Cincinnati Masters;Hard;M;Marcos Giron;Mackenzie Mcdonald;101.0;269.0;R64;3;7-6(2) 7-5;2020-08-24
20200824;Cincinnati Masters;Hard;M;Marton Fucsovics;Grigor Dimitrov;84.0;19.0;R32;3;7-5 4-6 6-2;2020-08-24
20200824;Cincinnati Masters;Hard;M;Karen Khachanov;Alexander Bublik;16.0;51.0;R64;3;6-4 6-4;2020-08-24
20200824;Cincinnati Masters;Hard;M;Daniil Medvedev;Marcos Giron;5.0;101.0;R32;3;6-4 6-4;2020-08-24
20200824;Cincinnati Masters;Hard;M;Jan Lennard Struff;Denis Shapovalov;34.0;17.0;R32;3;7-6(4) 3-6 6-4;2020-08-24
20200824;Cincinnati Masters;Hard;M;Reilly Opelka;Matteo Berrettini;39.0;8.0;R16;3;6-3 7-6(4);2020-08-24
20200824;Cincinnati Masters;Hard;M;Roberto Bautista Agut;Karen Khachanov;12.0;16.0;R16;3;4-6 6-3 6-2;2020-08-24
20200824;Cincinnati Masters;Hard;M;Novak Djokovic;Jan Lennard Struff;1.0;34.0;QF;3;6-3 6-1;2020-08-24
20200824;Cincinnati Masters;Hard;M;Jan Lennard Struff;David Goffin;34.0;10.0;R16;3;6-4 3-6 6-4;2020-08-24
20200824;Cincinnati Masters;Hard;M;Roberto Bautista Agut;Daniil Medvedev;12.0;5.0;QF;3;1-6 6-4 6-3;2020-08-24
20200824;Cincinnati Masters;Hard;M;Novak Djokovic;Roberto Bautista Agut;1.0;12.0;SF;3;4-6 6-4 7-6(0);2020-08-24
20200824;Cincinnati Masters;Hard;M;Karen Khachanov;Pablo Carreno Busta;16.0;25.0;R32;3;7-6(8) 6-1;2020-08-24
20200831;Us Open;Hard;G;Alejandro Davidovich Fokina;Cameron Norrie;99.0;76.0;R32;5;7-6(2) 4-6 6-2 6-1;2020-08-31
20200831;Us Open;Hard;G;Alexander Zverev;Adrian Mannarino;7.0;39.0;R32;5;6-7(4) 6-4 6-2 6-2;2020-08-31
20200831;Us Open;Hard;G;Matteo Berrettini;Casper Ruud;8.0;37.0;R32;5;6-4 6-4 6-2;2020-08-31
20200831;Us Open;Hard;G;Frances Tiafoe;Marton Fucsovics;82.0;66.0;R32;5;6-2 6-3 6-2;2020-08-31
20200831;Us Open;Hard;G;Alex De Minaur;Karen Khachanov;28.0;16.0;R32;5;6-4 0-6 4-6 6-3 6-1;2020-08-31
20200831;Us Open;Hard;G;Felix Auger Aliassime;Corentin Moutet;21.0;77.0;R32;5;6-1 6-0 6-4;2020-08-31
20200831;Us Open;Hard;G;Daniil Medvedev;Frances Tiafoe;5.0;82.0;R16;5;6-4 6-1 6-0;2020-08-31
20200831;Us Open;Hard;G;Alexander Zverev;Alejandro Davidovich Fokina;7.0;99.0;R16;5;6-2 6-2 6-1;2020-08-31
20200831;Us Open;Hard;G;Andrey Rublev;Matteo Berrettini;14.0;8.0;R16;5;4-6 6-3 6-3 6-3;2020-08-31
20200831;Us Open;Hard;G;Denis Shapovalov;Taylor Fritz;17.0;25.0;R32;5;3-6 6-3 4-6 7-6(5) 6-2;2020-08-31
20200831;Us Open;Hard;G;Pablo Carreno Busta;Denis Shapovalov;27.0;17.0;QF;5;3-6 7-6(5) 7-6(4) 0-6 6-3;2020-08-31
20200831;Us Open;Hard;G;Alexander Zverev;Pablo Carreno Busta;7.0;27.0;SF;5;3-6 2-6 6-3 6-4 6-3;2020-08-31
20200831;Us Open;Hard;G;Denis Shapovalov;David Goffin;17.0;10.0;R16;5;6-7(0) 6-3 6-4 6-3;2020-08-31
20200831;Us Open;Hard;G;Novak Djokovic;Jan Lennard Struff;1.0;29.0;R32;5;6-3 6-3 6-1;2020-08-31
20200831;Us Open;Hard;G;Daniil Medvedev;Andrey Rublev;5.0;14.0;QF;5;7-6(6) 6-3 7-6(5);2020-08-31
20200831;Us Open;Hard;G;Daniil Medvedev;Christopher Oconnell;5.0;116.0;R64;5;6-3 6-2 6-4;2020-08-31
20200831;Us Open;Hard;G;Roberto Bautista Agut;Miomir Kecmanovic;11.0;47.0;R64;5;6-3 3-6 6-3 6-4;2020-08-31
20200831;Us Open;Hard;G;Novak Djokovic;Damir Dzumhur;1.0;109.0;R128;5;6-1 6-4 6-1;2020-08-31
20200831;Us Open;Hard;G;Jan Lennard Struff;Pedro Martinez;29.0;106.0;R128;5;6-0 7-5 6-4;2020-08-31
20200831;Us Open;Hard;G;Denis Shapovalov;Sebastian Korda;17.0;205.0;R128;5;6-4 4-6 6-3 6-2;2020-08-31
20200831;Us Open;Hard;G;David Goffin;Reilly Opelka;10.0;35.0;R128;5;7-6(2) 3-6 6-1 6-4;2020-08-31
20200831;Us Open;Hard;G;Casper Ruud;Mackenzie Mcdonald;37.0;243.0;R128;5;4-6 4-6 6-4 6-3 6-2;2020-08-31
20200831;Us Open;Hard;G;Grigor Dimitrov;Tommy Paul;20.0;58.0;R128;5;6-4 6-3 6-1;2020-08-31
20200831;Us Open;Hard;G;Adrian Mannarino;Lorenzo Sonego;39.0;46.0;R128;5;6-1 6-4 2-6 6-3;2020-08-31
20200831;Us Open;Hard;G;Karen Khachanov;Jannik Sinner;16.0;74.0;R128;5;3-6 6-7(7) 6-2 6-0 7-6(4);2020-08-31
20200831;Us Open;Hard;G;Jan Lennard Struff;Michael Mmoh;29.0;186.0;R64;5;6-2 6-2 7-5;2020-08-31
20200831;Us Open;Hard;G;Alejandro Davidovich Fokina;Hubert Hurkacz;99.0;33.0;R64;5;6-4 1-6 6-2 6-2;2020-08-31
20200831;Us Open;Hard;G;Alexander Zverev;Brandon Nakashima;7.0;223.0;R64;5;7-5 6-7(8) 6-3 6-1;2020-08-31
20200831;Us Open;Hard;G;Matteo Berrettini;Ugo Humbert;8.0;42.0;R64;5;6-4 6-4 7-6(6);2020-08-31
20200831;Us Open;Hard;G;Marton Fucsovics;Grigor Dimitrov;66.0;20.0;R64;5;6-7(5) 7-6(4) 3-6 6-4 6-1;2020-08-31
20200831;Us Open;Hard;G;Christopher Oconnell;Laslo Djere;116.0;81.0;R128;5;4-6 6-4 7-6(2) 6-4;2020-08-31
20201012;St Petersburg;Hard;A;Reilly Opelka;Daniil Medvedev;36.0;6.0;R16;3;2-6 7-5 6-4;2020-10-12
20201012;St Petersburg;Hard;A;Cameron Norrie;Taylor Fritz;75.0;28.0;R32;3;6-4 4-6 6-3;2020-10-12
20201012;St Petersburg;Hard;A;Alexander Bublik;Mackenzie Mcdonald;52.0;221.0;R32;3;2-6 7-6(2) 6-4;2020-10-12
20201012;St Petersburg;Hard;A;Karen Khachanov;James Duckworth;17.0;93.0;R32;3;6-4 6-4;2020-10-12
20201012;St Petersburg;Hard;A;Andrey Rublev;Ugo Humbert;10.0;38.0;R16;3;4-6 6-4 7-5;2020-10-12
20201012;St Petersburg;Hard;A;Denis Shapovalov;Stan Wawrinka;12.0;18.0;QF;3;6-4 7-5;2020-10-12
20201012;St Petersburg;Hard;A;Cameron Norrie;Miomir Kecmanovic;75.0;41.0;R16;3;7-5 6-7(5) 6-3;2020-10-12
20201012;St Petersburg;Hard;A;Andrey Rublev;Denis Shapovalov;10.0;12.0;SF;3;4-6 6-3 6-4;2020-10-12
20201012;Cologne 1;Hard;A;Marin Cilic;Marcos Giron;40.0;90.0;R32;3;6-2 4-6 6-3;2020-10-12
20201012;Cologne 1;Hard;A;Alejandro Davidovich Fokina;Marin Cilic;71.0;40.0;R16;3;3-6 7-6(3) 6-2;2020-10-12
20201012;Cologne 1;Hard;A;Roberto Bautista Agut;Hubert Hurkacz;13.0;31.0;QF;3;7-6(4) 5-7 6-0;2020-10-12
20201012;Cologne 1;Hard;A;Felix Auger Aliassime;Roberto Bautista Agut;22.0;13.0;SF;3;6-3 1-6 6-3;2020-10-12
20201012;Cologne 1;Hard;A;Alexander Zverev;Alejandro Davidovich Fokina;7.0;71.0;SF;3;7-5 7-6(3);2020-10-12
20201012;Cologne 1;Hard;A;Alexander Zverev;Felix Auger Aliassime;7.0;22.0;F;3;6-3 6-3;2020-10-12
20201012;St Petersburg;Hard;A;Andrey Rublev;Cameron Norrie;10.0;75.0;QF;3;6-2 6-1;2020-10-12
20201019;Antwerp;Hard;A;Taylor Fritz;Reilly Opelka;28.0;33.0;R32;3;7-6(5) 6-1;2020-10-19
20201019;Antwerp;Hard;A;Ugo Humbert;Alex De Minaur;38.0;29.0;F;3;6-1 7-6(4);2020-10-19
20201019;Antwerp;Hard;A;Alex De Minaur;Grigor Dimitrov;29.0;20.0;SF;3;7-6(4) 6-7(3) 6-4;2020-10-19
20201019;Antwerp;Hard;A;Alex De Minaur;Marcos Giron;29.0;94.0;QF;3;6-3 6-0;2020-10-19
20201019;Antwerp;Hard;A;Marcos Giron;David Goffin;94.0;14.0;R16;3;6-3 7-5;2020-10-19
20201019;Antwerp;Hard;A;Karen Khachanov;Zizou Bergs;17.0;528.0;R16;3;5-7 6-4 6-4;2020-10-19
20201019;Antwerp;Hard;A;Ugo Humbert;Pablo Carreno Busta;38.0;15.0;R16;3;5-7 6-3 6-4;2020-10-19
20201019;Cologne 2;Hard;A;Adrian Mannarino;Alexei Popyrin;41.0;109.0;R32;3;6-2 6-2;2020-10-19
20201019;Cologne 2;Hard;A;Alejandro Davidovich Fokina;Damir Dzumhur;64.0;114.0;R32;3;6-2 6-3;2020-10-19
20201019;Cologne 2;Hard;A;Jannik Sinner;James Duckworth;46.0;97.0;R32;3;6-1 6-2;2020-10-19
20201019;Cologne 2;Hard;A;Yoshihito Nishioka;Jan Lennard Struff;56.0;32.0;R16;3;2-6 6-3 7-6(3);2020-10-19
20201019;Cologne 2;Hard;A;Jannik Sinner;Pierre Hugues Herbert;46.0;82.0;R16;3;6-3 6-1;2020-10-19
20201019;Cologne 2;Hard;A;Adrian Mannarino;Miomir Kecmanovic;41.0;39.0;R16;3;6-3 6-3;2020-10-19
20201019;Cologne 2;Hard;A;Felix Auger Aliassime;Yoshihito Nishioka;22.0;56.0;QF;3;6-3 6-4;2020-10-19
20201019;Cologne 2;Hard;A;Alexander Zverev;Adrian Mannarino;7.0;41.0;QF;3;6-4 6-7(5) 6-4;2020-10-19
20201019;Cologne 2;Hard;A;Alexander Zverev;Jannik Sinner;7.0;46.0;SF;3;7-6(3) 6-3;2020-10-19
20201019;Antwerp;Hard;A;Marcos Giron;Luca Nardi;94.0;917.0;R32;3;4-6 6-4 6-1;2020-10-19
20201026;Vienna;Hard;A;Cristian Garin;Stan Wawrinka;22.0;19.0;R32;3;6-4 6-7(9) 6-3;2020-10-26
20201026;Vienna;Hard;A;Stefanos Tsitsipas;Jan Lennard Struff;5.0;34.0;R32;3;6-7(3) 6-3 6-4;2020-10-26
20201026;Vienna;Hard;A;Grigor Dimitrov;Karen Khachanov;20.0;18.0;R32;3;7-6(6) 6-3;2020-10-26
20201026;Nur-Sultan;Hard;A;Adrian Mannarino;Mackenzie Mcdonald;39.0;209.0;QF;3;6-1 6-4;2020-10-26
20201026;Nur-Sultan;Hard;A;Frances Tiafoe;Miomir Kecmanovic;64.0;40.0;R16;3;7-5 6-3;2020-10-26
20201026;Vienna;Hard;A;Jannik Sinner;Casper Ruud;43.0;27.0;R32;3;7-6(2) 6-3;2020-10-26
20201026;Nur-Sultan;Hard;A;Mackenzie Mcdonald;Alexander Bublik;209.0;49.0;R32;3;6-3 6-2;2020-10-26
20201026;Nur-Sultan;Hard;A;Frances Tiafoe;Corentin Moutet;64.0;74.0;R32;3;6-3 6-2;2020-10-26
20201026;Vienna;Hard;A;Andrey Rublev;Lorenzo Sonego;8.0;42.0;F;3;6-4 6-4;2020-10-26
20201026;Vienna;Hard;A;Lorenzo Sonego;Novak Djokovic;42.0;1.0;QF;3;6-2 6-1;2020-10-26
20201026;Vienna;Hard;A;Lorenzo Sonego;Hubert Hurkacz;42.0;31.0;R16;3;7-6(6) 7-6(2);2020-10-26
20201026;Vienna;Hard;A;Grigor Dimitrov;Stefanos Tsitsipas;20.0;5.0;R16;3;6-7(5) 6-4 6-3;2020-10-26
20201026;Nur-Sultan;Hard;A;Jordan Thompson;Cameron Norrie;60.0;70.0;R32;3;5-7 7-6(6) 6-2;2020-10-26
20201102;Paris Masters;Hard;M;Alejandro Davidovich Fokina;Benjamin Bonzi;63.0;180.0;R32;3;6-4 6-4;2020-11-02
20201102;Paris Masters;Hard;M;Stan Wawrinka;Tommy Paul;20.0;55.0;R32;3;4-6 7-6(3) 6-2;2020-11-02
20201102;Paris Masters;Hard;M;Daniil Medvedev;Alexander Zverev;5.0;7.0;F;3;5-7 6-4 6-1;2020-11-02
20201102;Paris Masters;Hard;M;Alexander Zverev;Stan Wawrinka;7.0;20.0;QF;3;6-3 7-6(1);2020-11-02
20201102;Paris Masters;Hard;M;Alexander Zverev;Adrian Mannarino;7.0;36.0;R16;3;7-6(11) 6-7(7) 6-4;2020-11-02
20201102;Paris Masters;Hard;M;Stan Wawrinka;Andrey Rublev;20.0;8.0;R16;3;1-6 6-4 6-3;2020-11-02
20201102;Paris Masters;Hard;M;Ugo Humbert;Marin Cilic;34.0;43.0;R16;3;6-3 6-7(4) 6-3;2020-11-02
20201102;Paris Masters;Hard;M;Pablo Carreno Busta;Jan Lennard Struff;15.0;35.0;R32;3;7-6(3) 6-2;2020-11-02
20201102;Paris Masters;Hard;M;Alexander Zverev;Miomir Kecmanovic;7.0;42.0;R32;3;6-2 6-2;2020-11-02
20201102;Paris Masters;Hard;M;Adrian Mannarino;Yoshihito Nishioka;36.0;51.0;R32;3;6-3 6-7(5) 6-3;2020-11-02
20201102;Paris Masters;Hard;M;Daniil Medvedev;Alex De Minaur;5.0;25.0;R16;3;5-7 6-2 6-2;2020-11-02
20201102;Paris Masters;Hard;M;Lorenzo Sonego;Alexander Bublik;32.0;49.0;R64;3;6-1 6-4;2020-11-02
20201102;Paris Masters;Hard;M;Marcos Giron;Matteo Berrettini;91.0;10.0;R32;3;7-6(3) 6-7(0) 7-5;2020-11-02
20201102;Paris Masters;Hard;M;Ugo Humbert;Stefanos Tsitsipas;34.0;6.0;R32;3;7-6(4) 6-7(6) 7-6(3);2020-11-02
20201102;Paris Masters;Hard;M;Pablo Carreno Busta;Hugo Gaston;15.0;161.0;R64;3;6-3 6-2;2020-11-02
20201102;Paris Masters;Hard;M;Jan Lennard Struff;Nikoloz Basilashvili;35.0;39.0;R64;3;6-4 6-2;2020-11-02
20201102;Paris Masters;Hard;M;Alejandro Davidovich Fokina;Karen Khachanov;63.0;19.0;R64;3;6-3 2-6 6-2;2020-11-02
20201102;Paris Masters;Hard;M;Marin Cilic;Felix Auger Aliassime;43.0;21.0;R64;3;6-0 3-6 6-3;2020-11-02
20201102;Paris Masters;Hard;M;Alex De Minaur;Lorenzo Sonego;25.0;32.0;R32;3;6-3 7-5;2020-11-02
20201102;Paris Masters;Hard;M;Ugo Humbert;Casper Ruud;34.0;27.0;R64;3;4-6 6-2 7-6(1);2020-11-02
20201109;Sofia;Hard;A;Jannik Sinner;Adrian Mannarino;44.0;35.0;SF;3;6-3 7-5;2020-11-09
20201109;Sofia;Hard;A;Jannik Sinner;Marton Fucsovics;44.0;55.0;R32;3;6-2 6-4;2020-11-09
20201109;Sofia;Hard;A;Jannik Sinner;Alex De Minaur;44.0;25.0;QF;3;6-7(3) 6-4 6-1;2020-11-09
20201116;Tour Finals;Hard;F;Stefanos Tsitsipas;Andrey Rublev;6.0;8.0;RR;3;6-1 4-6 7-6(6);2020-11-16
20201116;Tour Finals;Hard;F;Daniil Medvedev;Alexander Zverev;4.0;7.0;RR;3;6-3 6-4;2020-11-16
20201116;Tour Finals;Hard;F;Novak Djokovic;Alexander Zverev;1.0;7.0;RR;3;6-3 7-6(4);2020-11-16
20201116;Tour Finals;Hard;F;Daniil Medvedev;Novak Djokovic;4.0;1.0;RR;3;6-3 6-3;2020-11-16
20210104;Delray Beach;Hard;A;Hubert Hurkacz;Sebastian Korda;35.0;119.0;F;3;6-3 6-3;2021-01-04
20210104;Delray Beach;Hard;A;Sebastian Korda;Cameron Norrie;119.0;74.0;SF;3;6-3 7-5;2021-01-04
20210104;Delray Beach;Hard;A;Cameron Norrie;Adrian Mannarino;74.0;34.0;R16;3;6-2 7-5;2021-01-04
20210104;Delray Beach;Hard;A;Sebastian Korda;Tommy Paul;119.0;52.0;R16;3;4-6 6-3 6-2;2021-01-04
20210104;Delray Beach;Hard;A;Cameron Norrie;Frances Tiafoe;74.0;62.0;QF;3;6-0 3-6 6-4;2021-01-04
20210105;Antalya;Hard;A;David Goffin;Pierre Hugues Herbert;16.0;83.0;R32;3;3-6 7-5 6-0;2021-01-05
20210105;Antalya;Hard;A;Alex De Minaur;Nikoloz Basilashvili;23.0;40.0;QF;3;6-2 6-4;2021-01-05
20210105;Antalya;Hard;A;Alexander Bublik;Matteo Berrettini;49.0;10.0;QF;3;7-6(6) 6-4;2021-01-05
20210105;Antalya;Hard;A;Alex De Minaur;David Goffin;23.0;16.0;SF;3;6-4 3-6 6-2;2021-01-05
20210201;Murray River Open;Hard;A;Alexei Popyrin;Tommy Paul;114.0;53.0;R32;3;6-4 6-3;2021-02-01
20210201;Murray River Open;Hard;A;Felix Auger Aliassime;Corentin Moutet;21.0;80.0;SF;3;6-1 6-2;2021-02-01
20210201;Murray River Open;Hard;A;Corentin Moutet;Grigor Dimitrov;80.0;19.0;QF;3;7-5 6-2;2021-02-01
20210201;Murray River Open;Hard;A;Corentin Moutet;James Duckworth;80.0;105.0;R16;3;7-6(4) 6-4;2021-02-01
20210201;Murray River Open;Hard;A;Grigor Dimitrov;Alexei Popyrin;19.0;114.0;R16;3;6-4 6-7(5) 6-3;2021-02-01
20210201;Murray River Open;Hard;A;Marcos Giron;Adrian Mannarino;73.0;35.0;R32;3;6-3 6-4;2021-02-01
20210201;Murray River Open;Hard;A;James Duckworth;Ugo Humbert;105.0;32.0;R32;3;7-6(6) 6-4;2021-02-01
20210201;Murray River Open;Hard;A;Nick Kyrgios;Alexandre Muller;47.0;209.0;R64;3;3-6 6-4 7-6(4);2021-02-01
20210201;Great Ocean Road Open;Hard;A;Jordan Thompson;Pierre Hugues Herbert;52.0;84.0;R32;3;6-4 3-6 6-3;2021-02-01
20210201;Murray River Open;Hard;A;Jason Kubler;Lorenzo Sonego;265.0;34.0;R64;3;3-6 6-3 6-4;2021-02-01
20210201;Murray River Open;Hard;A;James Duckworth;Tomas Machac;105.0;197.0;R64;3;6-3 6-4;2021-02-01
20210201;Murray River Open;Hard;A;Corentin Moutet;Frances Tiafoe;80.0;62.0;R64;3;3-6 6-4 6-4;2021-02-01
20210201;Murray River Open;Hard;A;Tommy Paul;Cameron Norrie;53.0;67.0;R64;3;4-6 7-6(2) 6-3;2021-02-01
20210201;Great Ocean Road Open;Hard;A;Jannik Sinner;Karen Khachanov;36.0;20.0;SF;3;7-6(4) 4-6 7-6(4);2021-02-01
20210201;Great Ocean Road Open;Hard;A;Kamil Majchrzak;Laslo Djere;109.0;56.0;R64;3;6-3 6-4;2021-02-01
20210201;Great Ocean Road Open;Hard;A;Botic Van De Zandschulp;Tristan Schoolkate;159.0;844.0;R64;3;6-4 7-5;2021-02-01
20210201;Great Ocean Road Open;Hard;A;Botic Van De Zandschulp;Kamil Majchrzak;159.0;109.0;R32;3;6-4 3-6 6-4;2021-02-01
20210201;Great Ocean Road Open;Hard;A;Jannik Sinner;Aleksandar Vukic;36.0;195.0;R32;3;6-2 6-4;2021-02-01
20210201;Great Ocean Road Open;Hard;A;Alexander Bublik;Christopher Oconnell;45.0;121.0;R32;3;7-6(2) 6-7(6) 6-4;2021-02-01
20210201;Great Ocean Road Open;Hard;A;Carlos Alcaraz;David Goffin;146.0;14.0;R32;3;6-3 6-3;2021-02-01
20210201;Great Ocean Road Open;Hard;A;Botic Van De Zandschulp;Reilly Opelka;159.0;40.0;R16;3;7-6(6) 7-6(4);2021-02-01
20210201;Murray River Open;Hard;A;Marcos Giron;Michael Mmoh;73.0;177.0;R64;3;6-1 7-5;2021-02-01
20210201;Great Ocean Road Open;Hard;A;Karen Khachanov;Botic Van De Zandschulp;20.0;159.0;QF;3;6-7(6) 7-5 6-3;2021-02-01
20210201;Great Ocean Road Open;Hard;A;Jannik Sinner;Miomir Kecmanovic;36.0;42.0;QF;3;7-6(10) 6-4;2021-02-01
20210202;Atp Cup;Hard;A;Alexander Zverev;Denis Shapovalov;7.0;12.0;RR;3;6-7(5) 6-3 7-6(4);2021-02-02
20210202;Atp Cup;Hard;A;Matteo Berrettini;Roberto Bautista Agut;10.0;13.0;SF;3;6-3 7-5;2021-02-02
20210202;Atp Cup;Hard;A;Andrey Rublev;Jan Lennard Struff;8.0;37.0;SF;3;3-6 6-1 6-2;2021-02-02
20210202;Atp Cup;Hard;A;Daniil Medvedev;Alexander Zverev;4.0;7.0;SF;3;3-6 6-3 7-5;2021-02-02
20210202;Atp Cup;Hard;A;Daniil Medvedev;Matteo Berrettini;4.0;10.0;F;3;6-4 6-2;2021-02-02
20210202;Atp Cup;Hard;A;Stefanos Tsitsipas;Roberto Bautista Agut;6.0;13.0;RR;3;7-5 7-5;2021-02-02
20210202;Atp Cup;Hard;A;Roberto Bautista Agut;Alex De Minaur;13.0;23.0;RR;3;4-6 6-4 6-4;2021-02-02
20210202;Atp Cup;Hard;A;Stefanos Tsitsipas;Alex De Minaur;6.0;23.0;RR;3;6-3 7-5;2021-02-02
20210202;Atp Cup;Hard;A;Matteo Berrettini;Gael Monfils;10.0;11.0;RR;3;6-4 6-2;2021-02-02
20210202;Atp Cup;Hard;A;Andrey Rublev;Yoshihito Nishioka;8.0;57.0;RR;3;6-1 6-3;2021-02-02
20210202;Atp Cup;Hard;A;Novak Djokovic;Alexander Zverev;1.0;7.0;RR;3;6-7(3) 6-2 7-5;2021-02-02
20210202;Atp Cup;Hard;A;Novak Djokovic;Denis Shapovalov;1.0;12.0;RR;3;7-5 7-5;2021-02-02
20210208;Australian Open;Hard;G;Alexander Zverev;Marcos Giron;7.0;75.0;R128;5;6-7(8) 7-6(5) 6-3 6-2;2021-02-08
20210208;Australian Open;Hard;G;James Duckworth;Damir Dzumhur;105.0;120.0;R128;5;6-3 6-2 6-4;2021-02-08
20210208;Australian Open;Hard;G;Miomir Kecmanovic;Kamil Majchrzak;41.0;109.0;R128;5;6-2 6-4 6-3;2021-02-08
20210208;Australian Open;Hard;G;Pedro Martinez;Yoshihito Nishioka;87.0;58.0;R128;5;6-7(3) 6-1 6-1 6-1;2021-02-08
20210208;Australian Open;Hard;G;Alexander Zverev;Adrian Mannarino;7.0;36.0;R32;5;6-3 6-3 6-1;2021-02-08
20210208;Australian Open;Hard;G;Novak Djokovic;Daniil Medvedev;1.0;4.0;F;5;7-5 6-2 6-2;2021-02-08
20210208;Australian Open;Hard;G;Daniil Medvedev;Stefanos Tsitsipas;4.0;6.0;SF;5;6-4 6-2 7-5;2021-02-08
20210208;Australian Open;Hard;G;Daniil Medvedev;Andrey Rublev;4.0;8.0;QF;5;7-5 6-3 6-2;2021-02-08
20210208;Australian Open;Hard;G;Novak Djokovic;Alexander Zverev;1.0;7.0;QF;5;6-7(6) 6-2 6-4 7-6(6);2021-02-08
20210208;Australian Open;Hard;G;Daniil Medvedev;Mackenzie Mcdonald;4.0;192.0;R16;5;6-4 6-2 6-3;2021-02-08
20210208;Australian Open;Hard;G;Matteo Berrettini;Karen Khachanov;10.0;20.0;R32;5;7-6(1) 7-6(5) 7-6(5);2021-02-08
20210208;Australian Open;Hard;G;Grigor Dimitrov;Marin Cilic;21.0;43.0;R128;5;6-4 6-2 7-6(5);2021-02-08
20210208;Australian Open;Hard;G;Denis Shapovalov;Jannik Sinner;12.0;32.0;R128;5;3-6 6-3 6-2 4-6 6-4;2021-02-08
20210208;Australian Open;Hard;G;Felix Auger Aliassime;Denis Shapovalov;19.0;12.0;R32;5;7-5 7-5 6-3;2021-02-08
20210208;Australian Open;Hard;G;Andrey Rublev;Yannick Hanfmann;8.0;102.0;R128;5;6-3 6-3 6-4;2021-02-08
20210208;Australian Open;Hard;G;Stefanos Tsitsipas;Thanasi Kokkinakis;6.0;267.0;R64;5;6-7(5) 6-4 6-1 6-7(5) 6-4;2021-02-08
20210208;Australian Open;Hard;G;Matteo Berrettini;Tomas Machac;10.0;199.0;R64;5;6-3 6-2 4-6 6-3;2021-02-08
20210208;Australian Open;Hard;G;Cameron Norrie;Roman Safiullin;69.0;183.0;R64;5;3-6 7-5 6-3 7-6(3);2021-02-08
20210208;Australian Open;Hard;G;Novak Djokovic;Taylor Fritz;1.0;31.0;R32;5;7-6(1) 6-4 3-6 4-6 6-2;2021-02-08
20210208;Australian Open;Hard;G;Felix Auger Aliassime;James Duckworth;19.0;105.0;R64;5;6-4 6-1 6-2;2021-02-08
20210208;Australian Open;Hard;G;Nick Kyrgios;Ugo Humbert;47.0;34.0;R64;5;5-7 6-4 3-6 7-6(2) 6-4;2021-02-08
20210208;Australian Open;Hard;G;Casper Ruud;Tommy Paul;28.0;53.0;R64;5;3-6 6-2 6-4 7-5;2021-02-08
20210208;Australian Open;Hard;G;Adrian Mannarino;Miomir Kecmanovic;36.0;41.0;R64;5;6-1 6-2 6-4;2021-02-08
20210208;Australian Open;Hard;G;Taylor Fritz;Reilly Opelka;31.0;38.0;R64;5;4-6 7-6(6) 6-7(4) 7-6(5) 6-2;2021-02-08
20210208;Australian Open;Hard;G;Novak Djokovic;Frances Tiafoe;1.0;64.0;R64;5;6-3 6-7(3) 7-6(2) 6-3;2021-02-08
20210208;Australian Open;Hard;G;Karen Khachanov;Aleksandar Vukic;20.0;196.0;R128;5;6-3 6-7(4) 7-6(2) 6-4;2021-02-08
20210208;Australian Open;Hard;G;Carlos Alcaraz;Botic Van De Zandschulp;141.0;151.0;R128;5;6-1 6-4 6-4;2021-02-08
20210208;Australian Open;Hard;G;Alexei Popyrin;David Goffin;113.0;15.0;R128;5;3-6 6-4 6-7(4) 7-6(6) 6-3;2021-02-08
20210208;Australian Open;Hard;G;Christopher Oconnell;Jan Lennard Struff;121.0;37.0;R128;5;7-6(2) 7-6(5) 6-1;2021-02-08
20210208;Australian Open;Hard;G;Tommy Paul;Nikoloz Basilashvili;53.0;40.0;R128;5;6-4 7-6(0) 6-4;2021-02-08
20210208;Australian Open;Hard;G;Marton Fucsovics;Stan Wawrinka;55.0;18.0;R64;5;7-5 6-1 4-6 2-6 7-6(9);2021-02-08
20210208;Australian Open;Hard;G;Daniil Medvedev;Roberto Carballes Baena;4.0;99.0;R64;5;6-2 7-5 6-1;2021-02-08
20210222;Montpellier;Hard;A;Roberto Bautista Agut;Ugo Humbert;13.0;32.0;QF;3;6-3 6-3;2021-02-22
20210222;Singapore;Hard;A;Alexei Popyrin;Alexander Bublik;114.0;46.0;F;3;4-6 6-0 6-2;2021-02-22
20210222;Singapore;Hard;A;Yannick Hanfmann;James Duckworth;105.0;100.0;R32;3;6-2 6-4;2021-02-22
20210222;Singapore;Hard;A;Alexander Bublik;Yoshihito Nishioka;46.0;61.0;QF;3;6-3 6-2;2021-02-22
20210222;Singapore;Hard;A;Alexei Popyrin;Marin Cilic;114.0;44.0;SF;3;7-6(5) 7-6(2);2021-02-22
20210222;Montpellier;Hard;A;David Goffin;Lorenzo Sonego;15.0;36.0;QF;3;6-4 6-4;2021-02-22
20210222;Singapore;Hard;A;Yoshihito Nishioka;Michael Mmoh;61.0;178.0;R32;3;6-2 3-6 6-3;2021-02-22
20210222;Montpellier;Hard;A;Ugo Humbert;Tallon Griekspoor;32.0;160.0;R16;3;6-7(4) 7-6(5) 7-6(5);2021-02-22
20210222;Montpellier;Hard;A;David Goffin;Roberto Bautista Agut;15.0;13.0;F;3;5-7 6-4 6-2;2021-02-22
20210222;Montpellier;Hard;A;Lorenzo Sonego;Sebastian Korda;36.0;92.0;R16;3;6-3 6-2;2021-02-22
20210222;Montpellier;Hard;A;Lorenzo Sonego;Hugo Gaston;36.0;162.0;R32;3;6-3 6-7(7) 6-1;2021-02-22
20210222;Montpellier;Hard;A;Alejandro Davidovich Fokina;Hubert Hurkacz;56.0;30.0;R16;3;7-5 6-2;2021-02-22
20210222;Montpellier;Hard;A;David Goffin;Benjamin Bonzi;15.0;125.0;R16;3;4-6 6-4 7-5;2021-02-22
20210222;Montpellier;Hard;A;Tallon Griekspoor;Marcos Giron;160.0;78.0;R32;3;6-2 6-7(5) 6-3;2021-02-22
20210301;Rotterdam;Hard;A;Karen Khachanov;Stan Wawrinka;21.0;20.0;R32;3;6-4 7-5;2021-03-01
20210301;Rotterdam;Hard;A;Andrey Rublev;Stefanos Tsitsipas;8.0;6.0;SF;3;6-3 7-6(2);2021-03-01
20210301;Rotterdam;Hard;A;Marton Fucsovics;Tommy Paul;59.0;56.0;QF;3;6-4 6-3;2021-03-01
20210301;Rotterdam;Hard;A;Stefanos Tsitsipas;Karen Khachanov;6.0;21.0;QF;3;4-6 6-3 7-5;2021-03-01
20210301;Rotterdam;Hard;A;Tommy Paul;Alexander Bublik;56.0;43.0;R16;3;6-7(5) 6-3 6-1;2021-03-01
20210301;Rotterdam;Hard;A;Marton Fucsovics;Alejandro Davidovich Fokina;59.0;51.0;R16;3;6-3 6-2;2021-03-01
20210301;Rotterdam;Hard;A;Karen Khachanov;Cameron Norrie;21.0;65.0;R16;3;6-2 6-2;2021-03-01
20210301;Rotterdam;Hard;A;Stefanos Tsitsipas;Hubert Hurkacz;6.0;30.0;R16;3;6-4 4-6 7-5;2021-03-01
20210301;Rotterdam;Hard;A;Andrey Rublev;Marton Fucsovics;8.0;59.0;F;3;7-6(4) 6-4;2021-03-01
20210301;Rotterdam;Hard;A;Marton Fucsovics;Reilly Opelka;59.0;38.0;R32;3;7-6(2) 6-7(4) 7-6(4);2021-03-01
20210301;Rotterdam;Hard;A;Alejandro Davidovich Fokina;Roberto Bautista Agut;51.0;13.0;R32;3;6-2 7-6(3);2021-03-01
20210301;Rotterdam;Hard;A;David Goffin;Jan Lennard Struff;14.0;37.0;R32;3;6-4 6-0;2021-03-01
20210301;Rotterdam;Hard;A;Andrey Rublev;Marcos Giron;8.0;80.0;R32;3;7-6(1) 6-3;2021-03-01
20210301;Rotterdam;Hard;A;Alexander Bublik;Alexander Zverev;43.0;7.0;R32;3;7-5 6-3;2021-03-01
20210301;Rotterdam;Hard;A;Tommy Paul;Lorenzo Sonego;56.0;35.0;R32;3;6-4 7-6(7);2021-03-01
20210301;Rotterdam;Hard;A;Hubert Hurkacz;Adrian Mannarino;30.0;36.0;R32;3;6-3 7-6(6);2021-03-01
20210301;Rotterdam;Hard;A;Cameron Norrie;Nikoloz Basilashvili;65.0;40.0;R32;3;6-0 6-3;2021-03-01
20210308;Marseille;Hard;A;Jannik Sinner;Hugo Gaston;34.0;166.0;R16;3;6-4 6-1;2021-03-08
20210308;Marseille;Hard;A;Daniil Medvedev;Pierre Hugues Herbert;3.0;93.0;F;3;6-4 6-7(4) 6-4;2021-03-08
20210308;Marseille;Hard;A;Pierre Hugues Herbert;Ugo Humbert;93.0;31.0;SF;3;6-3 6-2;2021-03-08
20210308;Marseille;Hard;A;Daniil Medvedev;Jannik Sinner;3.0;34.0;QF;3;6-2 6-4;2021-03-08
20210308;Doha;Hard;A;Taylor Fritz;Lorenzo Sonego;33.0;35.0;R32;3;7-6(5) 6-4;2021-03-08
20210308;Doha;Hard;A;Roberto Bautista Agut;Reilly Opelka;13.0;39.0;R32;3;4-6 6-3 6-4;2021-03-08
20210308;Marseille;Hard;A;Pierre Hugues Herbert;Stefanos Tsitsipas;93.0;5.0;QF;3;6-7(6) 6-4 6-2;2021-03-08
20210308;Doha;Hard;A;Roberto Bautista Agut;Alexander Bublik;13.0;44.0;R16;3;6-4 6-3;2021-03-08
20210308;Doha;Hard;A;Taylor Fritz;Denis Shapovalov;33.0;11.0;QF;3;5-7 6-3 7-5;2021-03-08
20210308;Doha;Hard;A;Nikoloz Basilashvili;Taylor Fritz;42.0;33.0;SF;3;7-6(3) 6-1;2021-03-08
20210308;Doha;Hard;A;Roberto Bautista Agut;Andrey Rublev;13.0;8.0;SF;3;6-3 6-3;2021-03-08
20210308;Doha;Hard;A;Nikoloz Basilashvili;Roberto Bautista Agut;42.0;13.0;F;3;7-6(5) 6-2;2021-03-08
20210308;Doha;Hard;A;Taylor Fritz;David Goffin;33.0;14.0;R16;3;6-1 5-7 7-6(9);2021-03-08
20210308;Marseille;Hard;A;Karen Khachanov;Mackenzie Mcdonald;21.0;120.0;R16;3;7-6(4) 6-4;2021-03-08
20210308;Marseille;Hard;A;Ugo Humbert;Arthur Rinderknech;31.0;138.0;QF;3;4-6 7-5 7-6(4);2021-03-08
20210308;Marseille;Hard;A;Pierre Hugues Herbert;Cameron Norrie;93.0;63.0;R16;3;6-3 6-4;2021-03-08
20210308;Marseille;Hard;A;Arthur Rinderknech;Alejandro Davidovich Fokina;138.0;52.0;R16;3;3-6 6-1 6-2;2021-03-08
20210315;Dubai;Hard;A;Taylor Fritz;Nikoloz Basilashvili;30.0;36.0;R32;3;4-6 6-3 7-6(4);2021-03-15
20210315;Acapulco;Hard;A;Alexander Zverev;Carlos Alcaraz;7.0;132.0;R32;3;6-3 6-1;2021-03-15
20210315;Acapulco;Hard;A;Frances Tiafoe;Brandon Nakashima;56.0;145.0;R32;3;6-4 6-7(5) 7-6(5);2021-03-15
20210315;Acapulco;Hard;A;Sebastian Korda;Marin Cilic;92.0;45.0;R32;3;7-5 6-2;2021-03-15
20210315;Acapulco;Hard;A;Alexander Zverev;Laslo Djere;7.0;54.0;R16;3;6-4 6-3;2021-03-15
20210315;Acapulco;Hard;A;Casper Ruud;Tallon Griekspoor;25.0;154.0;R16;3;4-6 6-3 7-6(3);2021-03-15
20210315;Acapulco;Hard;A;Grigor Dimitrov;Miomir Kecmanovic;16.0;46.0;R16;3;6-4 6-2;2021-03-15
20210315;Acapulco;Hard;A;Lorenzo Musetti;Frances Tiafoe;120.0;56.0;R16;3;2-6 6-3 7-6(1);2021-03-15
20210315;Acapulco;Hard;A;Felix Auger Aliassime;Sebastian Korda;18.0;92.0;R16;3;6-3 6-4;2021-03-15
20210315;Acapulco;Hard;A;Lorenzo Musetti;Grigor Dimitrov;120.0;16.0;QF;3;6-4 7-6(3);2021-03-15
20210315;Acapulco;Hard;A;Stefanos Tsitsipas;Lorenzo Musetti;5.0;120.0;SF;3;6-1 6-3;2021-03-15
20210315;Dubai;Hard;A;Alexander Bublik;Yoshihito Nishioka;43.0;64.0;R64;3;6-4 7-6(4);2021-03-15
20210315;Dubai;Hard;A;Andrey Rublev;Marton Fucsovics;8.0;44.0;QF;3;7-5 6-2;2021-03-15
20210315;Acapulco;Hard;A;Alexander Zverev;Stefanos Tsitsipas;7.0;5.0;F;3;6-4 7-6(3);2021-03-15
20210315;Dubai;Hard;A;Denis Shapovalov;Hubert Hurkacz;12.0;35.0;R16;3;6-4 6-3;2021-03-15
20210315;Dubai;Hard;A;Jannik Sinner;Roberto Bautista Agut;32.0;11.0;R16;3;6-4 3-6 7-5;2021-03-15
20210315;Dubai;Hard;A;Andrey Rublev;Taylor Fritz;8.0;30.0;R16;3;6-3 6-1;2021-03-15
20210315;Dubai;Hard;A;Denis Shapovalov;Jan Lennard Struff;12.0;39.0;R32;3;6-1 6-3;2021-03-15
20210315;Dubai;Hard;A;Jannik Sinner;Alexander Bublik;32.0;43.0;R32;3;2-6 7-6(2) 6-4;2021-03-15
20210315;Dubai;Hard;A;Marton Fucsovics;Pablo Carreno Busta;44.0;15.0;R32;3;6-7(5) 6-3 6-2;2021-03-15
20210315;Acapulco;Hard;A;Stefanos Tsitsipas;Felix Auger Aliassime;5.0;18.0;QF;3;7-5 4-6 6-3;2021-03-15
20210315;Dubai;Hard;A;Karen Khachanov;Alexei Popyrin;22.0;86.0;R32;3;6-4 3-6 7-6(4);2021-03-15
20210322;Miami Masters;Hard;M;Alexander Bublik;James Duckworth;44.0;104.0;R32;3;6-4 6-4;2021-03-22
20210322;Miami Masters;Hard;M;Andrey Rublev;Marin Cilic;8.0;45.0;R16;3;6-4 6-4;2021-03-22
20210322;Miami Masters;Hard;M;Alexander Bublik;Laslo Djere;44.0;57.0;R64;3;6-3 6-4;2021-03-22
20210322;Miami Masters;Hard;M;Taylor Fritz;Marcos Giron;32.0;88.0;R64;3;6-2 6-2;2021-03-22
20210322;Miami Masters;Hard;M;Cameron Norrie;Grigor Dimitrov;56.0;16.0;R64;3;7-5 7-5;2021-03-22
20210322;Miami Masters;Hard;M;Karen Khachanov;Yannick Hanfmann;22.0;108.0;R64;3;6-3 6-2;2021-03-22
20210322;Miami Masters;Hard;M;Adrian Mannarino;Miomir Kecmanovic;36.0;46.0;R64;3;6-3 6-4;2021-03-22
20210322;Miami Masters;Hard;M;Marin Cilic;Cristian Garin;45.0;20.0;R64;3;3-6 7-5 7-6(5);2021-03-22
20210322;Miami Masters;Hard;M;Marton Fucsovics;Thanasi Kokkinakis;40.0;243.0;R64;3;7-6(3) 6-7(4) 6-4;2021-03-22
20210322;Miami Masters;Hard;M;Stefanos Tsitsipas;Damir Dzumhur;5.0;126.0;R64;3;6-1 6-4;2021-03-22
20210322;Miami Masters;Hard;M;Cameron Norrie;Yoshihito Nishioka;56.0;66.0;R128;3;6-1 3-6 7-5;2021-03-22
20210322;Miami Masters;Hard;M;Marcos Giron;Tommy Paul;88.0;53.0;R128;3;7-6(5) 6-4;2021-03-22
20210322;Miami Masters;Hard;M;Lorenzo Musetti;Michael Mmoh;94.0;181.0;R128;3;6-4 6-4;2021-03-22
20210322;Miami Masters;Hard;M;Thanasi Kokkinakis;Shintaro Mochizuki;243.0;654.0;R128;3;6-3 6-3;2021-03-22
20210322;Miami Masters;Hard;M;Jannik Sinner;Hugo Gaston;31.0;162.0;R64;3;6-2 6-2;2021-03-22
20210322;Miami Masters;Hard;M;James Duckworth;David Goffin;104.0;13.0;R64;3;6-3 6-1;2021-03-22
20210322;Miami Masters;Hard;M;Alexei Popyrin;Reilly Opelka;86.0;41.0;R64;3;6-4 6-2;2021-03-22
20210322;Miami Masters;Hard;M;Felix Auger Aliassime;Pierre Hugues Herbert;18.0;74.0;R64;3;6-4 6-4;2021-03-22
20210322;Miami Masters;Hard;M;Andrey Rublev;Marton Fucsovics;8.0;40.0;R32;3;6-2 6-1;2021-03-22
20210322;Miami Masters;Hard;M;Jannik Sinner;Roberto Bautista Agut;31.0;12.0;SF;3;5-7 6-4 6-4;2021-03-22
20210322;Miami Masters;Hard;M;Hubert Hurkacz;Andrey Rublev;37.0;8.0;SF;3;6-3 6-4;2021-03-22
20210322;Miami Masters;Hard;M;Roberto Bautista Agut;Daniil Medvedev;12.0;2.0;QF;3;6-4 6-2;2021-03-22
20210322;Miami Masters;Hard;M;Jannik Sinner;Alexander Bublik;31.0;44.0;QF;3;7-6(5) 6-4;2021-03-22
20210322;Miami Masters;Hard;M;Hubert Hurkacz;Denis Shapovalov;37.0;11.0;R32;3;6-3 7-6(6);2021-03-22
20210322;Miami Masters;Hard;M;Hubert Hurkacz;Stefanos Tsitsipas;37.0;5.0;QF;3;2-6 6-3 6-4;2021-03-22
20210322;Miami Masters;Hard;M;Daniil Medvedev;Frances Tiafoe;2.0;58.0;R16;3;6-4 6-3;2021-03-22
20210322;Miami Masters;Hard;M;Andrey Rublev;Sebastian Korda;8.0;87.0;QF;3;7-5 7-6(7);2021-03-22
20210322;Miami Masters;Hard;M;Stefanos Tsitsipas;Lorenzo Sonego;5.0;34.0;R16;3;6-2 7-6(2);2021-03-22
20210322;Miami Masters;Hard;M;Daniil Medvedev;Alexei Popyrin;2.0;86.0;R32;3;7-6(3) 6-7(7) 6-4;2021-03-22
20210322;Miami Masters;Hard;M;Roberto Bautista Agut;Jan Lennard Struff;12.0;42.0;R32;3;4-6 6-3 6-2;2021-03-22
20210322;Miami Masters;Hard;M;Jannik Sinner;Karen Khachanov;31.0;22.0;R32;3;4-6 7-6(2) 6-4;2021-03-22
20210322;Miami Masters;Hard;M;Taylor Fritz;Cameron Norrie;32.0;56.0;R32;3;6-4 3-6 6-1;2021-03-22
20210322;Miami Masters;Hard;M;Marin Cilic;Lorenzo Musetti;45.0;94.0;R32;3;6-3 6-4;2021-03-22
20210322;Miami Masters;Hard;M;Alexander Bublik;Taylor Fritz;44.0;32.0;R16;3;6-7(5) 6-3 6-4;2021-03-22
20210322;Miami Masters;Hard;M;Hubert Hurkacz;Jannik Sinner;37.0;31.0;F;3;7-6(4) 6-4;2021-03-22
20210719;Los Cabos;Hard;A;Cameron Norrie;Taylor Fritz;30.0;37.0;SF;3;6-3 6-1;2021-07-19
20210719;Los Cabos;Hard;A;Brandon Nakashima;Jordan Thompson;134.0;63.0;QF;3;6-3 4-6 7-6(4);2021-07-19
20210719;Los Cabos;Hard;A;Cameron Norrie;Elias Ymer;30.0;169.0;R16;3;7-6(4) 6-3;2021-07-19
20210719;Los Cabos;Hard;A;Jordan Thompson;Sebastian Ofner;63.0;165.0;R16;3;3-6 6-4 7-5;2021-07-19
20210719;Los Cabos;Hard;A;Cameron Norrie;Brandon Nakashima;30.0;134.0;F;3;6-2 6-2;2021-07-19
20210724;Tokyo Olympics;Hard;A;Pablo Carreno Busta;Daniil Medvedev;11.0;2.0;QF;3;6-2 7-6(5);2021-07-24
20210724;Tokyo Olympics;Hard;A;Pablo Carreno Busta;Novak Djokovic;11.0;1.0;BR;3;6-4 6-7(6) 6-3;2021-07-24
20210724;Tokyo Olympics;Hard;A;Alexander Zverev;Karen Khachanov;5.0;25.0;F;3;6-3 6-1;2021-07-24
20210724;Tokyo Olympics;Hard;A;Alexander Zverev;Novak Djokovic;5.0;1.0;SF;3;1-6 6-3 6-1;2021-07-24
20210724;Tokyo Olympics;Hard;A;Karen Khachanov;Pablo Carreno Busta;25.0;11.0;SF;3;6-3 6-3;2021-07-24
20210724;Tokyo Olympics;Hard;A;Karen Khachanov;Ugo Humbert;25.0;28.0;QF;3;7-6(4) 4-6 6-3;2021-07-24
20210724;Tokyo Olympics;Hard;A;Novak Djokovic;Alejandro Davidovich Fokina;1.0;35.0;R16;3;6-3 6-1;2021-07-24
20210724;Tokyo Olympics;Hard;A;Ugo Humbert;Stefanos Tsitsipas;28.0;4.0;R16;3;2-6 7-6(4) 6-2;2021-07-24
20210724;Tokyo Olympics;Hard;A;Alexander Zverev;Nikoloz Basilashvili;5.0;42.0;R16;3;6-4 7-6(5);2021-07-24
20210724;Tokyo Olympics;Hard;A;Novak Djokovic;Jan Lennard Struff;1.0;48.0;R32;3;6-4 6-3;2021-07-24
20210724;Tokyo Olympics;Hard;A;Pablo Carreno Busta;Marin Cilic;11.0;36.0;R32;3;5-7 6-4 6-4;2021-07-24
20210724;Tokyo Olympics;Hard;A;Karen Khachanov;James Duckworth;25.0;77.0;R32;3;7-5 6-1;2021-07-24
20210724;Tokyo Olympics;Hard;A;Nikoloz Basilashvili;Lorenzo Sonego;42.0;26.0;R32;3;6-4 3-6 6-4;2021-07-24
20210724;Tokyo Olympics;Hard;A;Ugo Humbert;Miomir Kecmanovic;28.0;50.0;R32;3;4-6 7-6(5) 7-5;2021-07-24
20210724;Tokyo Olympics;Hard;A;Daniil Medvedev;Alexander Bublik;2.0;40.0;R64;3;6-4 7-6(8);2021-07-24
20210724;Tokyo Olympics;Hard;A;Karen Khachanov;Yoshihito Nishioka;25.0;55.0;R64;3;3-6 6-1 6-2;2021-07-24
20210724;Tokyo Olympics;Hard;A;Nikoloz Basilashvili;Roberto Carballes Baena;42.0;90.0;R64;3;6-3 6-2;2021-07-24
20210724;Tokyo Olympics;Hard;A;Miomir Kecmanovic;Kamil Majchrzak;50.0;115.0;R64;3;6-4 6-2;2021-07-24
20210724;Tokyo Olympics;Hard;A;Stefanos Tsitsipas;Frances Tiafoe;4.0;53.0;R32;3;6-3 6-4;2021-07-24
20210726;Atlanta;Hard;A;Cameron Norrie;Nick Kyrgios;29.0;58.0;R16;3;6-1 6-4;2021-07-26
20210726;Atlanta;Hard;A;Brandon Nakashima;Jordan Thompson;115.0;63.0;QF;3;7-6(5) 7-5;2021-07-26
20210726;Atlanta;Hard;A;Christopher Oconnell;Jannik Sinner;132.0;23.0;R16;3;7-6(7) 6-4;2021-07-26
20210726;Atlanta;Hard;A;Taylor Fritz;Reilly Opelka;42.0;36.0;QF;3;7-6(5) 6-7(3) 7-6(4);2021-07-26
20210802;Washington;Hard;A;Jannik Sinner;Sebastian Korda;24.0;45.0;R16;3;7-6(3) 7-6(3);2021-08-02
20210802;Washington;Hard;A;Jenson Brooksby;Felix Auger Aliassime;130.0;15.0;R16;3;6-3 6-4;2021-08-02
20210802;Washington;Hard;A;Jannik Sinner;Mackenzie Mcdonald;24.0;107.0;F;3;7-5 4-6 7-5;2021-08-02
20210802;Washington;Hard;A;Elias Ymer;Jordan Thompson;168.0;62.0;R64;3;3-6 7-5 6-3;2021-08-02
20210802;Washington;Hard;A;Brandon Nakashima;Alexei Popyrin;89.0;72.0;R64;3;6-3 6-3;2021-08-02
20210802;Washington;Hard;A;Jenson Brooksby;Frances Tiafoe;130.0;53.0;R32;3;7-6(4) 7-5;2021-08-02
20210802;Washington;Hard;A;Cameron Norrie;Marcos Giron;29.0;64.0;R32;3;6-4 6-3;2021-08-02
20210802;Washington;Hard;A;Jannik Sinner;Jenson Brooksby;24.0;130.0;SF;3;7-6(2) 6-1;2021-08-02
20210802;Washington;Hard;A;Mackenzie Mcdonald;Nick Kyrgios;107.0;77.0;R64;3;6-4 6-4;2021-08-02
20210809;Canada Masters;Hard;M;Karen Khachanov;Cameron Norrie;29.0;28.0;R64;3;6-4 5-7 6-4;2021-08-09
20210809;Canada Masters;Hard;M;Daniil Medvedev;Reilly Opelka;2.0;32.0;F;3;6-4 6-3;2021-08-09
20210809;Canada Masters;Hard;M;Frances Tiafoe;Yoshihito Nishioka;52.0;56.0;R64;3;6-4 6-3;2021-08-09
20210809;Canada Masters;Hard;M;Nikoloz Basilashvili;Jenson Brooksby;43.0;97.0;R64;3;2-6 6-0 6-4;2021-08-09
20210809;Canada Masters;Hard;M;James Duckworth;Taylor Fritz;85.0;40.0;R64;3;7-6(2) 6-3;2021-08-09
20210809;Canada Masters;Hard;M;Reilly Opelka;Grigor Dimitrov;32.0;21.0;R32;3;6-3 6-4;2021-08-09
20210809;Canada Masters;Hard;M;Roberto Bautista Agut;Tommy Paul;18.0;58.0;R32;3;6-3 6-4;2021-08-09
20210809;Canada Masters;Hard;M;Stefanos Tsitsipas;Ugo Humbert;3.0;26.0;R32;3;6-3 6-7(13) 6-1;2021-08-09
20210809;Canada Masters;Hard;M;Reilly Opelka;Nick Kyrgios;32.0;80.0;R64;3;4-6 7-6(4) 6-4;2021-08-09
20210809;Canada Masters;Hard;M;Frances Tiafoe;Denis Shapovalov;52.0;10.0;R32;3;6-1 6-4;2021-08-09
20210809;Canada Masters;Hard;M;Nikoloz Basilashvili;Alex De Minaur;43.0;17.0;R32;3;6-1 6-1;2021-08-09
20210809;Canada Masters;Hard;M;James Duckworth;Jannik Sinner;85.0;15.0;R32;3;6-3 6-4;2021-08-09
20210809;Canada Masters;Hard;M;Daniil Medvedev;Alexander Bublik;2.0;38.0;R32;3;4-6 6-3 6-4;2021-08-09
20210809;Canada Masters;Hard;M;Stefanos Tsitsipas;Karen Khachanov;3.0;29.0;R16;3;6-3 6-2;2021-08-09
20210809;Canada Masters;Hard;M;Gael Monfils;Frances Tiafoe;24.0;52.0;R16;3;6-1 7-6(2);2021-08-09
20210809;Canada Masters;Hard;M;Hubert Hurkacz;Nikoloz Basilashvili;13.0;43.0;R16;3;6-7(7) 6-4 6-4;2021-08-09
20210809;Canada Masters;Hard;M;Daniil Medvedev;James Duckworth;2.0;85.0;R16;3;6-2 6-4;2021-08-09
20210809;Canada Masters;Hard;M;Reilly Opelka;Roberto Bautista Agut;32.0;18.0;QF;3;6-3 7-6(1);2021-08-09
20210809;Canada Masters;Hard;M;Stefanos Tsitsipas;Casper Ruud;3.0;12.0;QF;3;6-1 6-4;2021-08-09
20210809;Canada Masters;Hard;M;Daniil Medvedev;Hubert Hurkacz;2.0;13.0;QF;3;2-6 7-6(6) 7-6(5);2021-08-09
20210809;Canada Masters;Hard;M;Reilly Opelka;Stefanos Tsitsipas;32.0;3.0;SF;3;6-7(2) 7-6(4) 6-4;2021-08-09
20210809;Canada Masters;Hard;M;Ugo Humbert;Lorenzo Sonego;26.0;25.0;R64;3;6-3 6-4;2021-08-09
20210809;Canada Masters;Hard;M;Casper Ruud;Marin Cilic;12.0;39.0;R32;3;6-3 3-6 6-3;2021-08-09
20210816;Cincinnati Masters;Hard;M;Frances Tiafoe;Ugo Humbert;51.0;29.0;R64;3;7-5 7-6(9);2021-08-16
20210816;Cincinnati Masters;Hard;M;Hubert Hurkacz;Alejandro Davidovich Fokina;12.0;34.0;R64;3;6-1 6-7(3) 6-1;2021-08-16
20210816;Cincinnati Masters;Hard;M;Stefanos Tsitsipas;Felix Auger Aliassime;3.0;17.0;QF;3;6-2 5-7 6-1;2021-08-16
20210816;Cincinnati Masters;Hard;M;Daniil Medvedev;Grigor Dimitrov;2.0;21.0;R16;3;6-3 6-3;2021-08-16
20210816;Cincinnati Masters;Hard;M;Pablo Carreno Busta;Hubert Hurkacz;13.0;12.0;R16;3;7-6(6) 7-6(3);2021-08-16
20210816;Cincinnati Masters;Hard;M;Andrey Rublev;Gael Monfils;7.0;22.0;R16;3;7-6(2) 7-6(5);2021-08-16
20210816;Cincinnati Masters;Hard;M;Felix Auger Aliassime;Matteo Berrettini;17.0;8.0;R16;3;6-4 6-3;2021-08-16
20210816;Cincinnati Masters;Hard;M;Stefanos Tsitsipas;Lorenzo Sonego;3.0;27.0;R16;3;5-7 6-3 6-4;2021-08-16
20210816;Cincinnati Masters;Hard;M;Grigor Dimitrov;Alexander Bublik;21.0;38.0;R32;3;6-3 7-5;2021-08-16
20210816;Cincinnati Masters;Hard;M;Andrey Rublev;Marin Cilic;7.0;39.0;R32;3;5-7 6-3 6-1;2021-08-16
20210816;Cincinnati Masters;Hard;M;Gael Monfils;Alex De Minaur;22.0;18.0;R32;3;6-3 7-5;2021-08-16
20210816;Cincinnati Masters;Hard;M;Casper Ruud;Reilly Opelka;11.0;23.0;R32;3;6-7(5) 6-0 7-6(4);2021-08-16
20210816;Cincinnati Masters;Hard;M;Felix Auger Aliassime;Karen Khachanov;17.0;30.0;R32;3;6-7(5) 6-3 6-4;2021-08-16
20210816;Cincinnati Masters;Hard;M;Lorenzo Sonego;Tommy Paul;27.0;56.0;R32;3;7-6(9) 6-2;2021-08-16
20210816;Cincinnati Masters;Hard;M;Stefanos Tsitsipas;Sebastian Korda;3.0;45.0;R32;3;7-6(5) 6-3;2021-08-16
20210816;Cincinnati Masters;Hard;M;Mackenzie Mcdonald;Brandon Nakashima;64.0;86.0;R64;3;7-5 6-2;2021-08-16
20210816;Cincinnati Masters;Hard;M;Alexander Bublik;Marcos Giron;38.0;66.0;R64;3;3-6 6-3 7-6(5);2021-08-16
20210816;Cincinnati Masters;Hard;M;Grigor Dimitrov;Roberto Bautista Agut;21.0;16.0;R64;3;6-3 6-4;2021-08-16
20210816;Cincinnati Masters;Hard;M;Reilly Opelka;Corentin Moutet;23.0;90.0;R64;3;7-6(3) 4-6 6-4;2021-08-16
20210816;Cincinnati Masters;Hard;M;Felix Auger Aliassime;Marton Fucsovics;17.0;37.0;R64;3;7-6(0) 6-3;2021-08-16
20210816;Cincinnati Masters;Hard;M;Tommy Paul;Cristian Garin;56.0;20.0;R64;3;4-6 6-3 6-4;2021-08-16
20210816;Cincinnati Masters;Hard;M;Lorenzo Sonego;Carlos Alcaraz;27.0;55.0;R64;3;6-3 7-6(6);2021-08-16
20210816;Cincinnati Masters;Hard;M;Sebastian Korda;Laslo Djere;45.0;52.0;R64;3;6-4 6-4;2021-08-16
20210816;Cincinnati Masters;Hard;M;Alexander Zverev;Casper Ruud;5.0;11.0;QF;3;6-1 6-3;2021-08-16
20210816;Cincinnati Masters;Hard;M;Daniil Medvedev;Pablo Carreno Busta;2.0;13.0;QF;3;6-1 6-1;2021-08-16
20210816;Cincinnati Masters;Hard;M;Daniil Medvedev;Mackenzie Mcdonald;2.0;64.0;R32;3;6-2 6-2;2021-08-16
20210816;Cincinnati Masters;Hard;M;Andrey Rublev;Daniil Medvedev;7.0;2.0;SF;3;2-6 6-3 6-3;2021-08-16
20210816;Cincinnati Masters;Hard;M;Alexander Zverev;Andrey Rublev;5.0;7.0;F;3;6-2 6-3;2021-08-16
20210816;Cincinnati Masters;Hard;M;Alexander Zverev;Stefanos Tsitsipas;5.0;3.0;SF;3;6-4 3-6 7-6(4);2021-08-16
20210823;Winston-Salem;Hard;A;Carlos Alcaraz;Marcos Giron;54.0;65.0;QF;3;7-6(2) 6-2;2021-08-23
20210823;Winston-Salem;Hard;A;Marcos Giron;Pierre Hugues Herbert;65.0;104.0;R16;3;4-6 6-3 6-3;2021-08-23
20210823;Winston-Salem;Hard;A;Carlos Alcaraz;Marton Fucsovics;54.0;42.0;R16;3;6-3 0-6 6-2;2021-08-23
20210823;Winston-Salem;Hard;A;Carlos Alcaraz;Alexei Popyrin;54.0;71.0;R32;3;6-7(9) 6-1 7-6(1);2021-08-23
20210823;Winston-Salem;Hard;A;Marton Fucsovics;Yosuke Watanuki;42.0;255.0;R32;3;7-5 6-1;2021-08-23
20210823;Winston-Salem;Hard;A;Yosuke Watanuki;Jaume Munar;255.0;64.0;R64;3;3-6 6-3 6-0;2021-08-23
20210830;Us Open;Hard;G;Frances Tiafoe;Andrey Rublev;50.0;7.0;R32;5;4-6 6-3 7-6(6) 4-6 6-1;2021-08-30
20210830;Us Open;Hard;G;Novak Djokovic;Holger Rune;1.0;145.0;R128;5;6-1 6-7(5) 6-2 6-1;2021-08-30
20210830;Us Open;Hard;G;Felix Auger Aliassime;Roberto Bautista Agut;15.0;21.0;R32;5;6-3 6-4 4-6 3-6 6-3;2021-08-30
20210830;Us Open;Hard;G;Stefanos Tsitsipas;Adrian Mannarino;3.0;44.0;R64;5;6-3 6-4 6-7(4) 6-0;2021-08-30
20210830;Us Open;Hard;G;Tallon Griekspoor;Jan Lennard Struff;121.0;52.0;R128;5;2-6 7-6(3) 4-6 6-4 7-5;2021-08-30
20210830;Us Open;Hard;G;Felix Auger Aliassime;Frances Tiafoe;15.0;50.0;R16;5;4-6 6-2 7-6(6) 6-4;2021-08-30
20210830;Us Open;Hard;G;Novak Djokovic;Matteo Berrettini;1.0;8.0;QF;5;5-7 6-2 6-2 6-3;2021-08-30
20210830;Us Open;Hard;G;Daniil Medvedev;Botic Van De Zandschulp;2.0;117.0;QF;5;6-3 6-0 4-6 7-5;2021-08-30
20210830;Us Open;Hard;G;Novak Djokovic;Alexander Zverev;1.0;4.0;SF;5;4-6 6-2 6-4 4-6 6-2;2021-08-30
20210830;Us Open;Hard;G;Jannik Sinner;Gael Monfils;16.0;20.0;R32;5;7-6(1) 6-2 4-6 4-6 6-4;2021-08-30
20210830;Us Open;Hard;G;Reilly Opelka;Nikoloz Basilashvili;24.0;39.0;R32;5;7-6(5) 6-3 6-4;2021-08-30
20210830;Us Open;Hard;G;Alexander Zverev;Jannik Sinner;4.0;16.0;R16;5;6-4 6-4 7-6(7);2021-08-30
20210830;Us Open;Hard;G;Botic Van De Zandschulp;Casper Ruud;117.0;11.0;R64;5;3-6 6-4 6-3 6-4;2021-08-30
20210830;Us Open;Hard;G;Taylor Fritz;Alex De Minaur;42.0;17.0;R128;5;7-6(4) 6-2 1-6 6-4;2021-08-30
20210830;Us Open;Hard;G;Alexander Bublik;Yannick Hanfmann;37.0;134.0;R128;5;6-0 4-6 6-2 6-1;2021-08-30
20210830;Us Open;Hard;G;Pedro Martinez;James Duckworth;75.0;68.0;R128;5;4-6 4-6 7-6(7) 6-2 6-2;2021-08-30
20210830;Us Open;Hard;G;Roberto Bautista Agut;Nick Kyrgios;21.0;86.0;R128;5;6-3 6-4 6-0;2021-08-30
20210830;Us Open;Hard;G;Carlos Alcaraz;Cameron Norrie;55.0;29.0;R128;5;6-4 6-4 6-3;2021-08-30
20210830;Us Open;Hard;G;Arthur Rinderknech;Miomir Kecmanovic;83.0;63.0;R128;5;6-7(10) 3-6 7-5 6-3 6-4;2021-08-30
20210830;Us Open;Hard;G;Adrian Mannarino;Pierre Hugues Herbert;44.0;104.0;R128;5;3-6 4-6 6-4 6-3 6-3;2021-08-30
20210830;Us Open;Hard;G;Roberto Carballes Baena;Tommy Paul;95.0;54.0;R128;5;7-6(5) 6-2 1-6 6-3;2021-08-30
20210830;Us Open;Hard;G;Botic Van De Zandschulp;Carlos Taberner;117.0;105.0;R128;5;2-6 3-6 6-4 7-5 6-3;2021-08-30
20210830;Us Open;Hard;G;Daniil Medvedev;Felix Auger Aliassime;2.0;15.0;SF;5;6-4 7-5 6-2;2021-08-30
20210830;Us Open;Hard;G;Mackenzie Mcdonald;David Goffin;61.0;30.0;R128;5;6-2 7-5 6-3;2021-08-30
20210830;Us Open;Hard;G;Marco Trungelliti;Alejandro Davidovich Fokina;198.0;32.0;R128;5;5-7 6-3 7-5 6-7(3) 6-4;2021-08-30
20210830;Us Open;Hard;G;Jenson Brooksby;Taylor Fritz;99.0;42.0;R64;5;6-7(7) 7-6(10) 7-5 6-2;2021-08-30
20210830;Us Open;Hard;G;Matteo Berrettini;Corentin Moutet;8.0;88.0;R64;5;7-6(2) 4-6 6-4 6-3;2021-08-30
20210830;Us Open;Hard;G;Jannik Sinner;Zachary Svajda;16.0;716.0;R64;5;6-3 7-6(2) 6-7(6) 6-4;2021-08-30
20210830;Us Open;Hard;G;Reilly Opelka;Lorenzo Musetti;24.0;60.0;R64;5;7-6(1) 7-5 6-4;2021-08-30
20210830;Us Open;Hard;G;Denis Shapovalov;Roberto Carballes Baena;10.0;95.0;R64;5;7-6(7) 6-3 6-0;2021-08-30
20210830;Us Open;Hard;G;Andrey Rublev;Pedro Martinez;7.0;75.0;R64;5;7-6(2) 6-7(5) 6-1 6-1;2021-08-30
20210830;Us Open;Hard;G;Carlos Alcaraz;Arthur Rinderknech;55.0;83.0;R64;5;7-6(6) 4-6 6-1 6-4;2021-08-30
20210830;Us Open;Hard;G;Lorenzo Musetti;Emilio Nava;60.0;385.0;R128;5;6-7(5) 6-4 6-1 6-3;2021-08-30
20210830;Us Open;Hard;G;Novak Djokovic;Tallon Griekspoor;1.0;121.0;R64;5;6-2 6-3 6-2;2021-08-30
20210830;Us Open;Hard;G;Daniil Medvedev;Novak Djokovic;2.0;1.0;F;5;6-4 6-4 6-4;2021-08-30
20210830;Us Open;Hard;G;Novak Djokovic;Jenson Brooksby;1.0;99.0;R16;5;1-6 6-3 6-2 6-2;2021-08-30
20210830;Us Open;Hard;G;Carlos Alcaraz;Stefanos Tsitsipas;55.0;3.0;R32;5;6-3 4-6 7-6(2) 0-6 7-6(5);2021-08-30
20210920;Metz;Hard;A;Hubert Hurkacz;Pablo Carreno Busta;13.0;16.0;F;3;7-6(2) 6-3;2021-09-20
20210920;Metz;Hard;A;Gael Monfils;Nikoloz Basilashvili;20.0;36.0;QF;3;6-3 6-3;2021-09-20
20210920;Metz;Hard;A;Pablo Carreno Busta;Holger Rune;16.0;133.0;QF;3;6-4 3-6 6-4;2021-09-20
20210920;Metz;Hard;A;Marcos Giron;Alex De Minaur;69.0;21.0;R16;3;7-5 7-6(5);2021-09-20
20210920;Metz;Hard;A;Nikoloz Basilashvili;Alejandro Davidovich Fokina;36.0;45.0;R16;3;0-6 6-4 7-6(4);2021-09-20
20210920;Metz;Hard;A;Holger Rune;Lorenzo Sonego;133.0;24.0;R16;3;6-7(6) 6-4 6-4;2021-09-20
20210920;Metz;Hard;A;Karen Khachanov;Alexandre Muller;27.0;203.0;R32;3;4-6 6-1 6-3;2021-09-20
20210920;Metz;Hard;A;Lorenzo Sonego;Marton Fucsovics;24.0;41.0;R32;3;6-3 6-2;2021-09-20
20210920;Metz;Hard;A;Marcos Giron;Arthur Rinderknech;69.0;74.0;R32;3;3-6 7-6(3) 6-4;2021-09-20
20210920;Nur-Sultan;Hard;A;Alexander Bublik;Carlos Taberner;34.0;117.0;QF;3;6-3 6-4;2021-09-20
20210920;Nur-Sultan;Hard;A;Laslo Djere;Lorenzo Musetti;49.0;57.0;R16;3;6-4 6-7(3) 6-4;2021-09-20
20210920;Nur-Sultan;Hard;A;Alexander Bublik;Miomir Kecmanovic;34.0;60.0;R16;3;2-6 6-3 7-5;2021-09-20
20210920;Metz;Hard;A;Pablo Carreno Busta;Gael Monfils;16.0;20.0;SF;3;7-5 7-6(8);2021-09-20
20210924;Laver Cup;Hard;A;Casper Ruud;Reilly Opelka;10.0;19.0;RR;3;6-3 7-6(4);2021-09-24
20210924;Laver Cup;Hard;A;Stefanos Tsitsipas;Nick Kyrgios;3.0;95.0;RR;3;6-3 6-4;2021-09-24
20210924;Laver Cup;Hard;A;Matteo Berrettini;Felix Auger Aliassime;7.0;11.0;RR;3;6-7(3) 7-5 [10-8];2021-09-24
20210924;Laver Cup;Hard;A;Daniil Medvedev;Denis Shapovalov;2.0;12.0;RR;3;6-4 6-0;2021-09-24
20210927;San Diego;Hard;A;Denis Shapovalov;Taylor Fritz;13.0;39.0;R16;3;7-6(7) 6-2;2021-09-27
20210927;San Diego;Hard;A;Casper Ruud;Cameron Norrie;10.0;28.0;F;3;6-0 6-2;2021-09-27
20210927;San Diego;Hard;A;Andrey Rublev;Brandon Nakashima;5.0;83.0;R16;3;6-2 6-1;2021-09-27
20210927;San Diego;Hard;A;Casper Ruud;Lorenzo Sonego;10.0;23.0;QF;3;6-1 6-4;2021-09-27
20210927;San Diego;Hard;A;Cameron Norrie;Denis Shapovalov;28.0;13.0;QF;3;6-3 6-1;2021-09-27
20210927;San Diego;Hard;A;Lorenzo Sonego;Sebastian Korda;23.0;42.0;R16;3;6-4 6-3;2021-09-27
20210927;San Diego;Hard;A;Casper Ruud;Grigor Dimitrov;10.0;29.0;SF;3;6-4 4-6 6-4;2021-09-27
20210927;Sofia;Hard;A;Jannik Sinner;Gael Monfils;14.0;20.0;F;3;6-3 6-4;2021-09-27
20210927;Sofia;Hard;A;Gael Monfils;Marcos Giron;20.0;67.0;SF;3;7-5 6-0;2021-09-27
20210927;Sofia;Hard;A;Jannik Sinner;James Duckworth;14.0;56.0;QF;3;7-6(4) 6-4;2021-09-27
20210927;Sofia;Hard;A;Marcos Giron;Alex De Minaur;67.0;26.0;R16;3;7-6(5) 7-6(2);2021-09-27
20210927;Sofia;Hard;A;Laslo Djere;Pedro Martinez;47.0;59.0;R32;3;7-6(5) 6-3;2021-09-27
20210927;Sofia;Hard;A;Marcos Giron;Jaume Munar;67.0;70.0;R32;3;6-7(2) 6-1 6-4;2021-09-27
20210927;San Diego;Hard;A;Grigor Dimitrov;Marton Fucsovics;29.0;41.0;R32;3;6-3 1-6 7-5;2021-09-27
20210927;San Diego;Hard;A;Lorenzo Sonego;Nikoloz Basilashvili;23.0;34.0;R32;3;6-3 6-4;2021-09-27
20210927;San Diego;Hard;A;Sebastian Korda;Tommy Paul;42.0;60.0;R32;3;6-3 5-7 6-1;2021-09-27
20210927;San Diego;Hard;A;Cameron Norrie;Andrey Rublev;28.0;5.0;SF;3;3-6 6-3 6-4;2021-09-27
20211004;Indian Wells Masters;Hard;M;Nikoloz Basilashvili;Taylor Fritz;36.0;39.0;SF;3;7-6(5) 6-3;2021-10-04
20211004;Indian Wells Masters;Hard;M;Cameron Norrie;Grigor Dimitrov;26.0;28.0;SF;3;6-2 6-4;2021-10-04
20211004;Indian Wells Masters;Hard;M;Cameron Norrie;Nikoloz Basilashvili;26.0;36.0;F;3;3-6 6-4 6-1;2021-10-04
20211004;Indian Wells Masters;Hard;M;Grigor Dimitrov;Reilly Opelka;28.0;20.0;R32;3;6-3 6-4;2021-10-04
20211004;Indian Wells Masters;Hard;M;Grigor Dimitrov;Daniil Medvedev;28.0;2.0;R16;3;4-6 6-4 6-3;2021-10-04
20211004;Indian Wells Masters;Hard;M;Taylor Fritz;Jannik Sinner;39.0;14.0;R16;3;6-4 6-3;2021-10-04
20211004;Indian Wells Masters;Hard;M;Nikoloz Basilashvili;Stefanos Tsitsipas;36.0;3.0;QF;3;6-4 2-6 6-4;2021-10-04
20211004;Indian Wells Masters;Hard;M;Taylor Fritz;Alexander Zverev;39.0;4.0;QF;3;4-6 6-3 7-6(3);2021-10-04
20211004;Indian Wells Masters;Hard;M;Cameron Norrie;Tommy Paul;26.0;60.0;R16;3;6-4 4-6 6-2;2021-10-04
20211004;Indian Wells Masters;Hard;M;Alexander Zverev;Gael Monfils;4.0;18.0;R16;3;6-1 6-3;2021-10-04
20211004;Indian Wells Masters;Hard;M;Grigor Dimitrov;Hubert Hurkacz;28.0;12.0;QF;3;3-6 6-4 7-6(2);2021-10-04
20211004;Indian Wells Masters;Hard;M;Frances Tiafoe;Sebastian Korda;51.0;40.0;R64;3;6-0 6-4;2021-10-04
20211004;Indian Wells Masters;Hard;M;Tommy Paul;Andrey Rublev;60.0;5.0;R32;3;6-4 3-6 7-5;2021-10-04
20211004;Indian Wells Masters;Hard;M;Mackenzie Mcdonald;James Duckworth;57.0;54.0;R128;3;6-3 6-3;2021-10-04
20211004;Indian Wells Masters;Hard;M;Marcos Giron;Botic Van De Zandschulp;56.0;65.0;R128;3;6-7(7) 6-2 6-4;2021-10-04
20211004;Indian Wells Masters;Hard;M;Alexei Popyrin;Miomir Kecmanovic;69.0;62.0;R128;3;6-3 7-6(4);2021-10-04
20211004;Indian Wells Masters;Hard;M;Carlos Taberner;Jaume Munar;115.0;68.0;R128;3;6-3 6-3;2021-10-04
20211004;Indian Wells Masters;Hard;M;Stefanos Tsitsipas;Alex De Minaur;3.0;27.0;R16;3;6-7(3) 7-6(3) 6-2;2021-10-04
20211004;Indian Wells Masters;Hard;M;Stefanos Tsitsipas;Pedro Martinez;3.0;59.0;R64;3;6-2 6-4;2021-10-04
20211004;Indian Wells Masters;Hard;M;Alex De Minaur;Aleksandar Vukic;27.0;202.0;R64;3;6-4 7-5;2021-10-04
20211004;Indian Wells Masters;Hard;M;Hubert Hurkacz;Frances Tiafoe;12.0;51.0;R32;3;6-3 6-2;2021-10-04
20211004;Indian Wells Masters;Hard;M;Taylor Fritz;Brandon Nakashima;39.0;79.0;R64;3;6-3 6-4;2021-10-04
20211004;Indian Wells Masters;Hard;M;Matteo Berrettini;Alejandro Tabilo;7.0;184.0;R64;3;6-4 7-5;2021-10-04
20211004;Indian Wells Masters;Hard;M;Casper Ruud;Roberto Carballes Baena;10.0;81.0;R64;3;6-1 6-2;2021-10-04
20211004;Indian Wells Masters;Hard;M;Alexander Zverev;Jenson Brooksby;4.0;76.0;R64;3;6-4 3-6 6-1;2021-10-04
20211004;Indian Wells Masters;Hard;M;Hubert Hurkacz;Alexei Popyrin;12.0;69.0;R64;3;6-1 7-5;2021-10-04
20211004;Indian Wells Masters;Hard;M;Cameron Norrie;Roberto Bautista Agut;26.0;19.0;R32;3;6-4 5-7 6-3;2021-10-04
20211004;Indian Wells Masters;Hard;M;Andrey Rublev;Carlos Taberner;5.0;115.0;R64;3;6-3 6-4;2021-10-04
20211004;Indian Wells Masters;Hard;M;Karen Khachanov;Pablo Carreno Busta;29.0;16.0;R32;3;6-0 6-4;2021-10-04
20211004;Indian Wells Masters;Hard;M;Alex De Minaur;Cristian Garin;27.0;17.0;R32;3;6-4 6-2;2021-10-04
20211004;Indian Wells Masters;Hard;M;Daniil Medvedev;Mackenzie Mcdonald;2.0;57.0;R64;3;6-4 6-2;2021-10-04
20211004;Indian Wells Masters;Hard;M;Taylor Fritz;Matteo Berrettini;39.0;7.0;R32;3;6-4 6-3;2021-10-04
20211004;Indian Wells Masters;Hard;M;Grigor Dimitrov;Daniel Altmaier;28.0;113.0;R64;3;6-4 6-2;2021-10-04
20211004;Indian Wells Masters;Hard;M;Nikoloz Basilashvili;Karen Khachanov;36.0;29.0;R16;3;6-4 7-6(6);2021-10-04
20211018;Antwerp;Hard;A;Jannik Sinner;Arthur Rinderknech;16.0;65.0;QF;3;6-4 6-2;2021-10-18
20211018;Antwerp;Hard;A;Jenson Brooksby;Alejandro Davidovich Fokina;70.0;44.0;QF;3;7-5 6-0;2021-10-18
20211018;Antwerp;Hard;A;Jannik Sinner;Lorenzo Musetti;16.0;69.0;R16;3;7-5 6-2;2021-10-18
20211018;Antwerp;Hard;A;Brandon Nakashima;Alex De Minaur;79.0;26.0;R32;3;6-4 6-0;2021-10-18
20211018;Antwerp;Hard;A;Alejandro Davidovich Fokina;Jordan Thompson;44.0;72.0;R32;3;6-3 6-3;2021-10-18
20211018;Antwerp;Hard;A;Botic Van De Zandschulp;Alexei Popyrin;61.0;74.0;R32;3;6-4 3-6 6-0;2021-10-18
20211018;Antwerp;Hard;A;Jenson Brooksby;Reilly Opelka;70.0;25.0;R32;3;6-4 6-4;2021-10-18
20211018;Antwerp;Hard;A;Alejandro Davidovich Fokina;Cristian Garin;44.0;17.0;R16;3;4-6 6-3 6-3;2021-10-18
20211018;Antwerp;Hard;A;Jenson Brooksby;Botic Van De Zandschulp;70.0;61.0;R16;3;6-2 6-0;2021-10-18
20211018;Antwerp;Hard;A;Marton Fucsovics;Roberto Bautista Agut;39.0;20.0;R16;3;6-7(5) 6-3 6-1;2021-10-18
20211018;Moscow;Hard;A;Mackenzie Mcdonald;Yoshihito Nishioka;55.0;78.0;R32;3;6-3 6-4;2021-10-18
20211018;Moscow;Hard;A;Karen Khachanov;James Duckworth;31.0;52.0;R16;3;3-6 6-3 6-1;2021-10-18
20211018;Moscow;Hard;A;Marin Cilic;Pedro Martinez;41.0;60.0;QF;3;6-1 6-2;2021-10-18
20211018;Moscow;Hard;A;Marin Cilic;Damir Dzumhur;41.0;137.0;R32;3;6-7(4) 6-1 6-1;2021-10-18
20211018;Moscow;Hard;A;Adrian Mannarino;Roman Safiullin;51.0;160.0;R32;3;1-6 7-6(6) 6-4;2021-10-18
20211018;Moscow;Hard;A;Adrian Mannarino;Andrey Rublev;51.0;6.0;R16;3;5-7 7-6(4) 6-3;2021-10-18
20211018;Moscow;Hard;A;Marin Cilic;Tommy Paul;41.0;54.0;R16;3;7-5 6-3;2021-10-18
20211025;Vienna;Hard;A;Matteo Berrettini;Nikoloz Basilashvili;7.0;25.0;R16;3;6-7(5) 6-2 6-3;2021-10-25
20211025;Vienna;Hard;A;Casper Ruud;Lorenzo Sonego;8.0;23.0;R16;3;7-5 4-6 6-4;2021-10-25
20211025;Vienna;Hard;A;Frances Tiafoe;Stefanos Tsitsipas;49.0;3.0;R16;3;3-6 6-3 6-4;2021-10-25
20211025;Vienna;Hard;A;Alexander Zverev;Felix Auger Aliassime;4.0;12.0;QF;3;6-4 3-6 6-3;2021-10-25
20211025;Vienna;Hard;A;Nikoloz Basilashvili;Pablo Carreno Busta;25.0;18.0;R32;3;7-5 4-6 6-3;2021-10-25
20211025;Vienna;Hard;A;Jannik Sinner;Casper Ruud;11.0;8.0;QF;3;7-5 6-1;2021-10-25
20211025;Vienna;Hard;A;Carlos Alcaraz;Matteo Berrettini;42.0;7.0;QF;3;6-1 6-7(2) 7-6(5);2021-10-25
20211025;Vienna;Hard;A;Matteo Berrettini;Alexei Popyrin;7.0;77.0;R32;3;7-6(3) 6-3;2021-10-25
20211025;Vienna;Hard;A;Alexander Zverev;Frances Tiafoe;4.0;49.0;F;3;7-5 6-4;2021-10-25
20211025;Vienna;Hard;A;Frances Tiafoe;Jannik Sinner;49.0;11.0;SF;3;3-6 7-5 6-2;2021-10-25
20211025;Vienna;Hard;A;Felix Auger Aliassime;Cameron Norrie;12.0;14.0;R16;3;2-6 7-6(6) 6-4;2021-10-25
20211025;St. Petersburg;Hard;A;Jan Lennard Struff;James Duckworth;53.0;51.0;R32;3;7-6(3) 6-3;2021-10-25
20211025;Vienna;Hard;A;Cameron Norrie;Marton Fucsovics;14.0;39.0;R32;3;7-6(4) 6-1;2021-10-25
20211025;St. Petersburg;Hard;A;Karen Khachanov;Adrian Mannarino;30.0;50.0;R32;3;6-3 6-3;2021-10-25
20211025;Vienna;Hard;A;Jannik Sinner;Reilly Opelka;11.0;27.0;R32;3;6-4 6-2;2021-10-25
20211025;Vienna;Hard;A;Gael Monfils;Lorenzo Musetti;21.0;67.0;R32;3;7-6(2) 6-4;2021-10-25
20211025;St. Petersburg;Hard;A;Tommy Paul;Pedro Martinez;54.0;58.0;R32;3;6-3 6-2;2021-10-25
20211025;Vienna;Hard;A;Stefanos Tsitsipas;Grigor Dimitrov;3.0;22.0;R32;3;7-6(6) 6-4;2021-10-25
20211025;Vienna;Hard;A;Alexander Zverev;Alex De Minaur;4.0;32.0;R16;3;6-2 3-6 6-2;2021-10-25
20211025;St. Petersburg;Hard;A;Marin Cilic;Taylor Fritz;35.0;28.0;F;3;7-6(3) 4-6 6-4;2021-10-25
20211025;St. Petersburg;Hard;A;Marin Cilic;Botic Van De Zandschulp;35.0;69.0;SF;3;6-3 6-3;2021-10-25
20211025;St. Petersburg;Hard;A;Taylor Fritz;Jan Lennard Struff;28.0;53.0;SF;3;5-7 6-1 6-3;2021-10-25
20211025;Vienna;Hard;A;Alexander Zverev;Carlos Alcaraz;4.0;42.0;SF;3;6-3 6-3;2021-10-25
20211025;St. Petersburg;Hard;A;Marin Cilic;Roberto Bautista Agut;35.0;20.0;QF;3;6-4 3-6 6-3;2021-10-25
20211025;St. Petersburg;Hard;A;Jan Lennard Struff;Denis Shapovalov;53.0;13.0;QF;3;6-4 6-3;2021-10-25
20211025;St. Petersburg;Hard;A;Botic Van De Zandschulp;Sebastian Korda;69.0;38.0;R16;3;6-2 7-5;2021-10-25
20211025;St. Petersburg;Hard;A;Roberto Bautista Agut;Mackenzie Mcdonald;20.0;56.0;R16;3;6-3 6-2;2021-10-25
20211025;St. Petersburg;Hard;A;Botic Van De Zandschulp;Yoshihito Nishioka;69.0;82.0;R32;3;6-2 6-2;2021-10-25
20211025;St. Petersburg;Hard;A;Jan Lennard Struff;Alexander Bublik;53.0;34.0;R16;3;6-4 6-3;2021-10-25
20211025;St. Petersburg;Hard;A;Botic Van De Zandschulp;Andrey Rublev;69.0;6.0;QF;3;6-3 6-4;2021-10-25
20211025;St. Petersburg;Hard;A;Marin Cilic;Karen Khachanov;35.0;30.0;R16;3;6-4 6-7(1) 6-4;2021-10-25
20211025;St. Petersburg;Hard;A;Taylor Fritz;Tommy Paul;28.0;54.0;R16;3;7-6(3) 6-4;2021-10-25
20211101;Paris Masters;Hard;M;Hugo Gaston;Pablo Carreno Busta;103.0;17.0;R32;3;6-7(3) 6-4 7-5;2021-11-01
20211101;Paris Masters;Hard;M;Sebastian Korda;Marin Cilic;39.0;28.0;R32;3;6-2 6-4;2021-11-01
20211101;Paris Masters;Hard;M;Adrian Mannarino;Nikoloz Basilashvili;59.0;21.0;R64;3;6-2 6-4;2021-11-01
20211101;Paris Masters;Hard;M;Gael Monfils;Miomir Kecmanovic;22.0;69.0;R64;3;4-6 7-5 6-3;2021-11-01
20211101;Paris Masters;Hard;M;Taylor Fritz;Lorenzo Sonego;26.0;27.0;R64;3;3-6 6-2 6-3;2021-11-01
20211101;Paris Masters;Hard;M;Tommy Paul;Jan Lennard Struff;53.0;50.0;R64;3;6-3 6-4;2021-11-01
20211101;Paris Masters;Hard;M;Lorenzo Musetti;Laslo Djere;67.0;51.0;R64;3;4-6 7-6(5) 6-4;2021-11-01
20211101;Paris Masters;Hard;M;James Duckworth;Roberto Bautista Agut;55.0;20.0;R64;3;6-4 5-7 7-6(4);2021-11-01
20211101;Paris Masters;Hard;M;Carlos Alcaraz;Jannik Sinner;35.0;9.0;R32;3;7-6(1) 7-5;2021-11-01
20211101;Paris Masters;Hard;M;Marcos Giron;Frances Tiafoe;57.0;41.0;R64;3;6-7(5) 6-4 6-3;2021-11-01
20211101;Paris Masters;Hard;M;Carlos Alcaraz;Pierre Hugues Herbert;35.0;99.0;R64;3;6-7(4) 7-6(2) 7-5;2021-11-01
20211101;Paris Masters;Hard;M;Hugo Gaston;Arthur Rinderknech;103.0;62.0;R64;3;4-6 6-4 6-3;2021-11-01
20211101;Paris Masters;Hard;M;Marin Cilic;Alejandro Davidovich Fokina;28.0;45.0;R64;3;6-3 6-4;2021-11-01
20211101;Paris Masters;Hard;M;Alexei Popyrin;Alex De Minaur;71.0;32.0;R64;3;6-0 6-3;2021-11-01
20211101;Paris Masters;Hard;M;Grigor Dimitrov;Karen Khachanov;30.0;31.0;R32;3;4-6 6-2 6-0;2021-11-01
20211101;Paris Masters;Hard;M;Taylor Fritz;Andrey Rublev;26.0;6.0;R32;3;7-5 7-6(2);2021-11-01
20211101;Paris Masters;Hard;M;Hubert Hurkacz;Tommy Paul;10.0;53.0;R32;3;7-5 7-6(4);2021-11-01
20211101;Paris Masters;Hard;M;Novak Djokovic;Daniil Medvedev;1.0;2.0;F;3;4-6 6-3 6-3;2021-11-01
20211101;Paris Masters;Hard;M;Novak Djokovic;Hubert Hurkacz;1.0;10.0;SF;3;3-6 6-0 7-6(5);2021-11-01
20211101;Paris Masters;Hard;M;Daniil Medvedev;Alexander Zverev;2.0;4.0;SF;3;6-2 6-2;2021-11-01
20211101;Paris Masters;Hard;M;Novak Djokovic;Taylor Fritz;1.0;26.0;QF;3;6-4 6-3;2021-11-01
20211101;Paris Masters;Hard;M;Hubert Hurkacz;James Duckworth;10.0;55.0;QF;3;6-2 6-7(4) 7-5;2021-11-01
20211101;Paris Masters;Hard;M;Alexander Zverev;Casper Ruud;4.0;8.0;QF;3;7-5 6-4;2021-11-01
20211101;Paris Masters;Hard;M;Daniil Medvedev;Hugo Gaston;2.0;103.0;QF;3;7-6(7) 6-4;2021-11-01
20211101;Paris Masters;Hard;M;Casper Ruud;Alexander Bublik;8.0;36.0;R32;3;6-4 6-0;2021-11-01
20211101;Paris Masters;Hard;M;Taylor Fritz;Cameron Norrie;26.0;13.0;R16;3;6-3 7-6(3);2021-11-01
20211101;Paris Masters;Hard;M;Casper Ruud;Marcos Giron;8.0;57.0;R16;3;6-2 6-1;2021-11-01
20211101;Paris Masters;Hard;M;Alexander Zverev;Grigor Dimitrov;4.0;30.0;R16;3;7-6(4) 6-7(3) 6-3;2021-11-01
20211101;Paris Masters;Hard;M;Daniil Medvedev;Sebastian Korda;2.0;39.0;R16;3;4-6 6-1 6-3;2021-11-01
20211101;Paris Masters;Hard;M;Novak Djokovic;Marton Fucsovics;1.0;40.0;R32;3;6-2 4-6 6-3;2021-11-01
20211101;Paris Masters;Hard;M;Gael Monfils;Adrian Mannarino;22.0;59.0;R32;3;2-6 7-6(4) 6-2;2021-11-01
20211101;Paris Masters;Hard;M;Cameron Norrie;Reilly Opelka;13.0;25.0;R32;3;6-3 6-4;2021-11-01
20211101;Paris Masters;Hard;M;James Duckworth;Lorenzo Musetti;55.0;67.0;R32;3;6-3 3-6 6-3;2021-11-01
20211101;Paris Masters;Hard;M;James Duckworth;Alexei Popyrin;55.0;71.0;R16;3;7-6(6) 6-4;2021-11-01
20211101;Paris Masters;Hard;M;Hugo Gaston;Carlos Alcaraz;103.0;35.0;R16;3;6-4 7-5;2021-11-01
20211108;Stockholm;Hard;A;Tommy Paul;Denis Shapovalov;52.0;18.0;F;3;6-4 2-6 6-4;2021-11-08
20211108;NextGen Finals;Hard;A;Carlos Alcaraz;Sebastian Baez;32.0;111.0;SF;3;4-2 4-1 4-2;2021-11-08
20211108;Stockholm;Hard;A;Tommy Paul;Frances Tiafoe;52.0;41.0;SF;3;5-7 7-6(5) 6-4;2021-11-08
20211108;Stockholm;Hard;A;Denis Shapovalov;Felix Auger Aliassime;18.0;11.0;SF;3;6-4 7-5;2021-11-08
20211108;Stockholm;Hard;A;Denis Shapovalov;Arthur Rinderknech;18.0;60.0;QF;3;4-6 6-3 7-5;2021-11-08
20211108;Stockholm;Hard;A;Felix Auger Aliassime;Botic Van De Zandschulp;11.0;61.0;QF;3;6-4 6-3;2021-11-08
20211108;Stockholm;Hard;A;Tommy Paul;Taylor Fritz;52.0;23.0;R16;3;6-4 6-4;2021-11-08
20211108;Stockholm;Hard;A;Frances Tiafoe;Pedro Martinez;41.0;62.0;R16;3;6-4 6-4;2021-11-08
20211108;Stockholm;Hard;A;Denis Shapovalov;Andrea Vavassori;18.0;289.0;R16;3;7-6(1) 6-1;2021-11-08
20211108;Stockholm;Hard;A;Marton Fucsovics;Adrian Mannarino;40.0;66.0;R32;3;6-4 6-0;2021-11-08
20211108;Stockholm;Hard;A;Frances Tiafoe;Elias Ymer;41.0;167.0;R32;3;6-4 7-6(2);2021-11-08
20211108;Stockholm;Hard;A;Alejandro Davidovich Fokina;Mackenzie Mcdonald;49.0;55.0;R32;3;6-2 3-6 7-5;2021-11-08
20211108;Stockholm;Hard;A;Botic Van De Zandschulp;Marton Fucsovics;61.0;40.0;R16;3;7-6(3) 3-6 7-5;2021-11-08
20211108;NextGen Finals;Hard;A;Carlos Alcaraz;Sebastian Korda;32.0;39.0;F;3;4-3(5) 4-2 4-2;2021-11-08
20211108;NextGen Finals;Hard;A;Sebastian Baez;Hugo Gaston;111.0;67.0;RR;3;4-3(2) 4-2 4-2;2021-11-08
20211108;NextGen Finals;Hard;A;Sebastian Baez;Lorenzo Musetti;111.0;58.0;RR;3;4-1 4-1 3-4(5) 4-3(5);2021-11-08
20211108;NextGen Finals;Hard;A;Sebastian Korda;Hugo Gaston;39.0;67.0;RR;3;3-4(2) 3-4(6) 4-0 4-3(3) 4-0;2021-11-08
20211108;NextGen Finals;Hard;A;Sebastian Korda;Sebastian Baez;39.0;111.0;RR;3;4-3(3) 4-2 4-2;2021-11-08
20211108;NextGen Finals;Hard;A;Sebastian Korda;Lorenzo Musetti;39.0;58.0;RR;3;4-2 4-3(4) 4-2;2021-11-08
20211108;NextGen Finals;Hard;A;Holger Rune;Juan Manuel Cerundolo;109.0;91.0;RR;3;4-1 4-2 1-4 4-1;2021-11-08
20211108;NextGen Finals;Hard;A;Brandon Nakashima;Holger Rune;63.0;109.0;RR;3;3-4(3) 4-1 4-1 4-3(1);2021-11-08
20211108;NextGen Finals;Hard;A;Brandon Nakashima;Juan Manuel Cerundolo;63.0;91.0;RR;3;4-1 3-4(3) 4-1 4-0;2021-11-08
20211108;NextGen Finals;Hard;A;Carlos Alcaraz;Holger Rune;32.0;109.0;RR;3;4-3(6) 4-2 4-0;2021-11-08
20211108;NextGen Finals;Hard;A;Carlos Alcaraz;Juan Manuel Cerundolo;32.0;91.0;RR;3;4-0 4-1 2-4 4-3(3);2021-11-08
20211108;NextGen Finals;Hard;A;Carlos Alcaraz;Brandon Nakashima;32.0;63.0;RR;3;4-3(4) 4-1 4-3(4);2021-11-08
20211108;NextGen Finals;Hard;A;Sebastian Korda;Brandon Nakashima;39.0;63.0;SF;3;4-3(3) 2-4 1-4 4-2 4-2;2021-11-08
20211108;NextGen Finals;Hard;A;Lorenzo Musetti;Hugo Gaston;58.0;67.0;RR;3;4-3(4) 4-3(6) 2-4 3-4(7) 4-2;2021-11-08
20211115;Tour Finals;Hard;F;Jannik Sinner;Hubert Hurkacz;11.0;9.0;RR;3;6-2 6-2;2021-11-15
20211115;Tour Finals;Hard;F;Andrey Rublev;Stefanos Tsitsipas;5.0;4.0;RR;3;6-4 6-4;2021-11-15
20211115;Tour Finals;Hard;F;Daniil Medvedev;Hubert Hurkacz;2.0;9.0;RR;3;6-7(5) 6-3 6-4;2021-11-15
20211115;Tour Finals;Hard;F;Daniil Medvedev;Jannik Sinner;2.0;11.0;RR;3;6-0 6-7(5) 7-6(8);2021-11-15
20211115;Tour Finals;Hard;F;Daniil Medvedev;Alexander Zverev;2.0;3.0;RR;3;6-3 6-7(3) 7-6(6);2021-11-15
20211115;Tour Finals;Hard;F;Casper Ruud;Andrey Rublev;8.0;5.0;RR;3;2-6 7-5 7-6(5);2021-11-15
20211115;Tour Finals;Hard;F;Casper Ruud;Cameron Norrie;8.0;12.0;RR;3;1-6 6-3 6-4;2021-11-15
20211115;Tour Finals;Hard;F;Novak Djokovic;Casper Ruud;1.0;8.0;RR;3;7-6(4) 6-2;2021-11-15
20211115;Tour Finals;Hard;F;Novak Djokovic;Andrey Rublev;1.0;5.0;RR;3;6-3 6-2;2021-11-15
20211115;Tour Finals;Hard;F;Novak Djokovic;Cameron Norrie;1.0;12.0;RR;3;6-2 6-1;2021-11-15
20211115;Tour Finals;Hard;F;Daniil Medvedev;Casper Ruud;2.0;8.0;SF;3;6-4 6-2;2021-11-15
20211115;Tour Finals;Hard;F;Alexander Zverev;Novak Djokovic;3.0;1.0;SF;3;7-6(4) 4-6 6-3;2021-11-15
20211115;Tour Finals;Hard;F;Alexander Zverev;Daniil Medvedev;3.0;2.0;F;3;6-4 6-4;2021-11-15
20211115;Tour Finals;Hard;F;Alexander Zverev;Hubert Hurkacz;3.0;9.0;RR;3;6-2 6-4;2021-11-15
20211125;Davis Cup Finals RR: CRO vs AUS;Hard;D;Marin Cilic;Alex De Minaur;30.0;34.0;RR;3;6-1 5-7 6-4;2021-11-25
20211126;Davis Cup Finals RR: USA vs ITA;Hard;D;Lorenzo Sonego;Reilly Opelka;27.0;26.0;RR;3;6-3 7-6(4);2021-11-26
20211127;Davis Cup Finals RR: FRA vs GBR;Hard;D;Cameron Norrie;Arthur Rinderknech;12.0;58.0;RR;3;6-2 7-6(8);2021-11-27
20211127;Davis Cup Finals RR: AUS vs HUN;Hard;D;Alex De Minaur;Marton Fucsovics;34.0;40.0;RR;3;7-5 2-6 7-6(2);2021-11-27
20211127;Davis Cup Finals RR: SRB vs GER;Hard;D;Novak Djokovic;Jan Lennard Struff;1.0;51.0;RR;3;6-2 6-4;2021-11-27
20211128;Davis Cup Finals RR: GBR vs CZE;Hard;D;Cameron Norrie;Jiri Lehecka;12.0;138.0;RR;3;6-1 2-6 6-1;2021-11-28
20211128;Davis Cup Finals RR: ESP vs RTF;Hard;D;Daniil Medvedev;Pablo Carreno Busta;2.0;20.0;RR;3;6-2 7-6(3);2021-11-28
20211129;Davis Cup Finals QF: ITA vs CRO;Hard;D;Jannik Sinner;Marin Cilic;10.0;30.0;RR;3;3-6 7-6(4) 6-3;2021-11-29
20211130;Davis Cup Finals QF: GBR vs GER;Hard;D;Jan Lennard Struff;Cameron Norrie;51.0;12.0;RR;3;7-6(6) 3-6 6-2;2021-11-30
20211201;Davis Cup Finals QF: SRB vs KAZ;Hard;D;Novak Djokovic;Alexander Bublik;1.0;36.0;RR;3;6-3 6-4;2021-12-01
20211202;Davis Cup Finals QF: RTF vs SWE;Hard;D;Andrey Rublev;Elias Ymer;5.0;171.0;RR;3;6-2 5-7 7-6(3);2021-12-02
20211203;Davis Cup Finals SF: CRO vs SRB;Hard;D;Novak Djokovic;Marin Cilic;1.0;30.0;RR;3;6-4 6-2;2021-12-03
20211204;Davis Cup Finals SF: RTF vs GER;Hard;D;Daniil Medvedev;Jan Lennard Struff;2.0;51.0;RR;3;6-4 6-4;2021-12-04
20211205;Davis Cup Finals F: RTF vs CRO;Hard;D;Daniil Medvedev;Marin Cilic;2.0;30.0;RR;3;7-6(7) 6-2;2021-12-05
20220103;Adelaide 1;Hard;A;Gael Monfils;Thanasi Kokkinakis;21.0;171.0;SF;3;7-5 6-0;2022-01-03
20220103;Adelaide 1;Hard;A;Gael Monfils;Karen Khachanov;21.0;29.0;F;3;6-4 6-4;2022-01-03
20220103;Atp Cup;Hard;A;Taylor Fritz;Cameron Norrie;23.0;12.0;RR;3;7-6(4) 3-6 6-1;2022-01-03
20220103;Atp Cup;Hard;A;Alexander Zverev;Taylor Fritz;3.0;23.0;RR;3;6-4 6-4;2022-01-03
20220103;Atp Cup;Hard;A;Taylor Fritz;Felix Auger Aliassime;23.0;11.0;RR;3;6-7(6) 6-4 6-4;2022-01-03
20220103;Atp Cup;Hard;A;Felix Auger Aliassime;Cameron Norrie;11.0;12.0;RR;3;7-6(4) 6-3;2022-01-03
20220103;Adelaide 1;Hard;A;Karen Khachanov;Marin Cilic;29.0;30.0;SF;3;7-6(3) 6-3;2022-01-03
20220103;Melbourne;Hard;A;Botic Van De Zandschulp;Adrian Mannarino;57.0;71.0;R32;3;6-4 6-3;2022-01-03
20220103;Adelaide 1;Hard;A;Gael Monfils;Tommy Paul;21.0;43.0;QF;3;6-4 6-1;2022-01-03
20220103;Adelaide 1;Hard;A;Corentin Moutet;Holger Rune;92.0;103.0;R32;3;7-6(6) 6-4;2022-01-03
20220103;Adelaide 1;Hard;A;Gael Monfils;Juan Manuel Cerundolo;21.0;90.0;R16;3;6-2 6-1;2022-01-03
20220103;Adelaide 1;Hard;A;Thanasi Kokkinakis;Frances Tiafoe;171.0;38.0;R16;3;3-6 7-5 6-1;2022-01-03
20220103;Adelaide 1;Hard;A;Laslo Djere;Corentin Moutet;52.0;92.0;R16;3;4-6 7-5 0-0 Def.;2022-01-03
20220103;Adelaide 1;Hard;A;Laslo Djere;Roberto Carballes Baena;52.0;79.0;R32;3;7-5 7-6(1);2022-01-03
20220103;Melbourne;Hard;A;Grigor Dimitrov;Botic Van De Zandschulp;28.0;57.0;QF;3;6-7(5) 6-0 7-5;2022-01-03
20220103;Melbourne;Hard;A;Tallon Griekspoor;Alexei Popyrin;65.0;61.0;R16;3;6-3 4-6 6-3;2022-01-03
20220103;Melbourne;Hard;A;Botic Van De Zandschulp;Mackenzie Mcdonald;57.0;55.0;R16;3;6-2 7-5;2022-01-03
20220103;Melbourne;Hard;A;Jordan Thompson;Christopher Oconnell;75.0;175.0;R32;3;1-6 7-5 6-4;2022-01-03
20220103;Atp Cup;Hard;A;Alexander Zverev;Cameron Norrie;3.0;12.0;RR;3;7-6(2) 6-1;2022-01-03
20220103;Adelaide 1;Hard;A;Marin Cilic;Laslo Djere;30.0;52.0;QF;3;6-3 6-2;2022-01-03
20220103;Atp Cup;Hard;A;Denis Shapovalov;Jan Lennard Struff;14.0;51.0;RR;3;7-6(5) 4-6 6-3;2022-01-03
20220103;Atp Cup;Hard;A;Matteo Berrettini;Ugo Humbert;7.0;35.0;RR;3;6-4 7-6(6);2022-01-03
20220103;Atp Cup;Hard;A;Arthur Rinderknech;James Duckworth;58.0;49.0;RR;3;6-4 7-6(6);2022-01-03
20220103;Atp Cup;Hard;A;Felix Auger Aliassime;Roberto Bautista Agut;11.0;19.0;F;3;7-6(3) 6-3;2022-01-03
20220103;Atp Cup;Hard;A;Denis Shapovalov;Pablo Carreno Busta;14.0;20.0;F;3;6-4 6-3;2022-01-03
20220103;Atp Cup;Hard;A;Roberto Bautista Agut;Hubert Hurkacz;19.0;9.0;SF;3;7-6(6) 2-6 7-6(5);2022-01-03
20220103;Atp Cup;Hard;A;Daniil Medvedev;Felix Auger Aliassime;2.0;11.0;SF;3;6-4 6-0;2022-01-03
20220103;Atp Cup;Hard;A;Casper Ruud;Cristian Garin;8.0;17.0;RR;3;6-4 6-1;2022-01-03
20220103;Atp Cup;Hard;A;Roberto Bautista Agut;Casper Ruud;19.0;8.0;RR;3;6-4 7-6(4);2022-01-03
20220103;Atp Cup;Hard;A;Roberto Bautista Agut;Cristian Garin;19.0;17.0;RR;3;6-0 6-3;2022-01-03
20220103;Atp Cup;Hard;A;Pablo Carreno Busta;Alejandro Tabilo;20.0;139.0;RR;3;6-4 7-6(4);2022-01-03
20220103;Atp Cup;Hard;A;Denis Shapovalov;Roman Safiullin;14.0;167.0;SF;3;6-4 5-7 6-4;2022-01-03
20220103;Atp Cup;Hard;A;Jannik Sinner;Roman Safiullin;10.0;167.0;RR;3;7-6(6) 6-3;2022-01-03
20220103;Atp Cup;Hard;A;Daniil Medvedev;Matteo Berrettini;2.0;7.0;RR;3;6-2 6-7(5) 6-4;2022-01-03
20220103;Atp Cup;Hard;A;Alex De Minaur;Ugo Humbert;34.0;35.0;RR;3;3-6 7-6(2) 6-1;2022-01-03
20220103;Atp Cup;Hard;A;Alex De Minaur;Matteo Berrettini;34.0;7.0;RR;3;6-3 7-6(4);2022-01-03
20220103;Atp Cup;Hard;A;Jannik Sinner;Arthur Rinderknech;10.0;58.0;RR;3;6-3 7-6(3);2022-01-03
20220103;Atp Cup;Hard;A;Felix Auger Aliassime;Alexander Zverev;11.0;3.0;RR;3;6-4 4-6 6-3;2022-01-03
20220103;Atp Cup;Hard;A;Daniil Medvedev;Alex De Minaur;2.0;34.0;RR;3;6-4 6-2;2022-01-03
20220103;Atp Cup;Hard;A;Roman Safiullin;Arthur Rinderknech;167.0;58.0;RR;3;2-6 7-5 6-3;2022-01-03
20220103;Atp Cup;Hard;A;Ugo Humbert;Daniil Medvedev;35.0;2.0;RR;3;6-7(5) 7-5 7-6(2);2022-01-03
20220103;Atp Cup;Hard;A;Roman Safiullin;James Duckworth;167.0;49.0;RR;3;7-6(6) 6-4;2022-01-03
20220110;Adelaide 2;Hard;A;Tommy Paul;Frances Tiafoe;41.0;37.0;R32;3;6-2 6-3;2022-01-10
20220110;Sydney;Hard;A;Pedro Martinez;Alexei Popyrin;61.0;59.0;R32;3;6-4 6-4;2022-01-10
20220110;Sydney;Hard;A;Lorenzo Sonego;Hugo Gaston;27.0;67.0;R32;3;3-6 6-3 7-5;2022-01-10
20220110;Sydney;Hard;A;Sebastian Baez;Christopher Oconnell;95.0;173.0;R32;3;6-2 1-6 7-6(4);2022-01-10
20220110;Sydney;Hard;A;Reilly Opelka;Jordan Thompson;25.0;73.0;R16;3;6-3 6-2;2022-01-10
20220110;Sydney;Hard;A;Lorenzo Sonego;Sebastian Baez;27.0;95.0;R16;3;6-2 6-3;2022-01-10
20220110;Sydney;Hard;A;Reilly Opelka;Brandon Nakashima;25.0;68.0;QF;3;7-6(4) 6-2;2022-01-10
20220110;Adelaide 2;Hard;A;Aleksandar Vukic;Alexander Bublik;160.0;35.0;R32;3;7-6(5) 6-2;2022-01-10
20220110;Adelaide 2;Hard;A;Benjamin Bonzi;Roberto Carballes Baena;65.0;76.0;R32;3;6-3 6-3;2022-01-10
20220110;Sydney;Hard;A;Jordan Thompson;Marcos Giron;73.0;66.0;R32;3;6-4 6-2;2022-01-10
20220110;Adelaide 2;Hard;A;Arthur Rinderknech;Mackenzie Mcdonald;58.0;55.0;R32;3;6-3 6-7(5) 6-3;2022-01-10
20220110;Adelaide 2;Hard;A;Corentin Moutet;Jan Lennard Struff;115.0;50.0;R32;3;6-2 6-4;2022-01-10
20220110;Adelaide 2;Hard;A;Marin Cilic;Jaume Munar;29.0;72.0;R16;3;7-6(6) 6-2;2022-01-10
20220110;Adelaide 2;Hard;A;Tommy Paul;Benjamin Bonzi;41.0;65.0;R16;3;6-4 7-6(6);2022-01-10
20220110;Adelaide 2;Hard;A;Corentin Moutet;Marton Fucsovics;115.0;38.0;R16;3;6-2 6-2;2022-01-10
20220110;Adelaide 2;Hard;A;Thanasi Kokkinakis;Aleksandar Vukic;145.0;160.0;QF;3;6-7(5) 6-3 6-2;2022-01-10
20220110;Adelaide 2;Hard;A;Marin Cilic;Tommy Paul;29.0;41.0;QF;3;6-4 2-6 6-3;2022-01-10
20220110;Adelaide 2;Hard;A;Arthur Rinderknech;Karen Khachanov;58.0;30.0;QF;3;7-6(7) 7-5;2022-01-10
20220110;Adelaide 2;Hard;A;Thanasi Kokkinakis;Marin Cilic;145.0;29.0;SF;3;6-2 3-6 7-6(10);2022-01-10
20220110;Adelaide 2;Hard;A;Arthur Rinderknech;Corentin Moutet;58.0;115.0;SF;3;6-1 6-3;2022-01-10
20220110;Adelaide 2;Hard;A;Thanasi Kokkinakis;Arthur Rinderknech;145.0;58.0;F;3;6-7(6) 7-6(5) 6-3;2022-01-10
20220110;Adelaide 2;Hard;A;Marton Fucsovics;Botic Van De Zandschulp;38.0;56.0;R32;3;6-3 7-6(4);2022-01-10
20220117;Australian Open;Hard;G;Denis Shapovalov;Reilly Opelka;14.0;29.0;R32;5;7-6(4) 4-6 6-3 6-4;2022-01-17
20220117;Australian Open;Hard;G;Matteo Berrettini;Carlos Alcaraz;7.0;31.0;R32;5;6-2 7-6(3) 4-6 2-6 7-6(5);2022-01-17
20220117;Australian Open;Hard;G;Pablo Carreno Busta;Sebastian Korda;21.0;43.0;R32;5;6-4 7-5 6-7(6) 6-3;2022-01-17
20220117;Australian Open;Hard;G;Stefanos Tsitsipas;Sebastian Baez;4.0;88.0;R64;5;7-6(1) 6-7(5) 6-3 6-4;2022-01-17
20220117;Australian Open;Hard;G;Miomir Kecmanovic;Lorenzo Sonego;77.0;26.0;R32;5;6-4 6-7(8) 6-2 7-5;2022-01-17
20220117;Australian Open;Hard;G;Daniil Medvedev;Nick Kyrgios;2.0;115.0;R64;5;7-6(1) 6-4 4-6 6-2;2022-01-17
20220117;Australian Open;Hard;G;Felix Auger Aliassime;Alejandro Davidovich Fokina;9.0;50.0;R64;5;7-6(4) 6-7(4) 7-6(5) 7-6(4);2022-01-17
20220117;Australian Open;Hard;G;Taylor Fritz;Roberto Bautista Agut;22.0;18.0;R32;5;6-0 3-6 3-6 6-4 6-3;2022-01-17
20220117;Australian Open;Hard;G;Gael Monfils;Cristian Garin;20.0;19.0;R32;5;7-6(4) 6-1 6-3;2022-01-17
20220117;Australian Open;Hard;G;Marin Cilic;Andrey Rublev;27.0;6.0;R32;5;7-5 7-6(3) 3-6 6-3;2022-01-17
20220117;Australian Open;Hard;G;Jannik Sinner;Alex De Minaur;10.0;42.0;R16;5;7-6(3) 6-3 6-4;2022-01-17
20220117;Australian Open;Hard;G;Gael Monfils;Miomir Kecmanovic;20.0;77.0;R16;5;7-5 7-6(4) 6-3;2022-01-17
20220117;Australian Open;Hard;G;Matteo Berrettini;Pablo Carreno Busta;7.0;21.0;R16;5;7-5 7-6(4) 6-4;2022-01-17
20220117;Australian Open;Hard;G;Denis Shapovalov;Alexander Zverev;14.0;3.0;R16;5;6-3 7-6(5) 6-3;2022-01-17
20220117;Australian Open;Hard;G;Stefanos Tsitsipas;Taylor Fritz;4.0;22.0;R16;5;4-6 6-4 4-6 6-3 6-4;2022-01-17
20220117;Australian Open;Hard;G;Felix Auger Aliassime;Marin Cilic;9.0;27.0;R16;5;2-6 7-6(7) 6-2 7-6(4);2022-01-17
20220117;Australian Open;Hard;G;Matteo Berrettini;Gael Monfils;7.0;20.0;QF;5;6-4 6-4 3-6 3-6 6-2;2022-01-17
20220117;Australian Open;Hard;G;Stefanos Tsitsipas;Jannik Sinner;4.0;10.0;QF;5;6-3 6-4 6-2;2022-01-17
20220117;Australian Open;Hard;G;Daniil Medvedev;Felix Auger Aliassime;2.0;9.0;QF;5;6-7(4) 3-6 7-6(2) 7-5 6-4;2022-01-17
20220117;Australian Open;Hard;G;Daniil Medvedev;Stefanos Tsitsipas;2.0;4.0;SF;5;7-6(5) 4-6 6-4 6-1;2022-01-17
20220117;Australian Open;Hard;G;Daniil Medvedev;Botic Van De Zandschulp;2.0;57.0;R32;5;6-4 6-4 6-2;2022-01-17
20220117;Australian Open;Hard;G;Taylor Fritz;Frances Tiafoe;22.0;34.0;R64;5;6-4 6-3 7-6(5);2022-01-17
20220117;Australian Open;Hard;G;Adrian Mannarino;Hubert Hurkacz;69.0;11.0;R64;5;6-4 6-2 6-3;2022-01-17
20220117;Australian Open;Hard;G;Karen Khachanov;Benjamin Bonzi;30.0;63.0;R64;5;6-4 6-0 7-5;2022-01-17
20220117;Australian Open;Hard;G;Alex De Minaur;Kamil Majchrzak;42.0;107.0;R64;5;6-4 6-4 6-2;2022-01-17
20220117;Australian Open;Hard;G;Sebastian Korda;Cameron Norrie;43.0;12.0;R128;5;6-3 6-0 6-4;2022-01-17
20220117;Australian Open;Hard;G;Pablo Carreno Busta;Tomas Martin Etcheverry;21.0;131.0;R128;5;6-1 6-2 7-6(2);2022-01-17
20220117;Australian Open;Hard;G;Carlos Alcaraz;Alejandro Tabilo;31.0;135.0;R128;5;6-2 6-2 6-3;2022-01-17
20220117;Australian Open;Hard;G;Matteo Berrettini;Brandon Nakashima;7.0;68.0;R128;5;4-6 6-2 7-6(5) 6-3;2022-01-17
20220117;Australian Open;Hard;G;Alexander Zverev;Daniel Altmaier;3.0;87.0;R128;5;7-6(3) 6-1 7-6(1);2022-01-17
20220117;Australian Open;Hard;G;Denis Shapovalov;Laslo Djere;14.0;51.0;R128;5;7-6(3) 6-4 3-6 7-6(3);2022-01-17
20220117;Australian Open;Hard;G;Yannick Hanfmann;Thanasi Kokkinakis;126.0;103.0;R128;5;6-2 6-3 6-2;2022-01-17
20220117;Australian Open;Hard;G;Alex De Minaur;Lorenzo Musetti;42.0;60.0;R128;5;3-6 6-3 6-0 6-3;2022-01-17
20220117;Australian Open;Hard;G;Frances Tiafoe;Marco Trungelliti;34.0;198.0;R128;5;3-6 6-4 6-2 3-6 6-3;2022-01-17
20220117;Australian Open;Hard;G;Adrian Mannarino;James Duckworth;69.0;49.0;R128;5;6-4 2-6 3-6 6-2 6-1;2022-01-17
20220117;Australian Open;Hard;G;Arthur Rinderknech;Alexei Popyrin;48.0;59.0;R128;5;7-5 4-6 6-2 3-6 6-3;2022-01-17
20220117;Australian Open;Hard;G;Pablo Carreno Busta;Tallon Griekspoor;21.0;62.0;R64;5;6-3 6-7(6) 7-6(3) 3-6 6-4;2022-01-17
20220117;Australian Open;Hard;G;Grigor Dimitrov;Jiri Lehecka;28.0;142.0;R128;5;6-4 4-6 6-3 7-5;2022-01-17
20220117;Australian Open;Hard;G;Cristian Garin;Pedro Martinez;19.0;61.0;R64;5;6-7(1) 7-6(4) 2-6 6-2 6-2;2022-01-17
20220117;Australian Open;Hard;G;Gael Monfils;Alexander Bublik;20.0;37.0;R64;5;6-1 6-0 6-4;2022-01-17
20220117;Australian Open;Hard;G;Sebastian Korda;Corentin Moutet;43.0;100.0;R64;5;3-6 6-4 6-7(2) 7-5 7-6(6);2022-01-17
20220117;Australian Open;Hard;G;Botic Van De Zandschulp;Jan Lennard Struff;57.0;52.0;R128;5;6-4 6-3 6-2;2022-01-17
20220117;Australian Open;Hard;G;Tomas Machac;Juan Manuel Cerundolo;132.0;80.0;R128;5;6-3 2-6 6-4 6-2;2022-01-17
20220117;Australian Open;Hard;G;Christopher Oconnell;Hugo Gaston;175.0;67.0;R128;5;7-6(4) 6-0 4-6 6-1;2022-01-17
20220117;Australian Open;Hard;G;Miomir Kecmanovic;Tommy Paul;77.0;41.0;R64;5;7-6(7) 7-5 7-6(8);2022-01-17
20220131;Montpellier;Hard;A;David Goffin;Benjamin Bonzi;52.0;68.0;R32;3;2-6 7-5 6-1;2022-01-31
20220131;Pune;Hard;A;Aleksandar Vukic;Hugo Grenier;140.0;158.0;R32;3;2-6 6-2 7-6(4);2022-01-31
20220131;Pune;Hard;A;Lorenzo Musetti;Aleksandar Vukic;66.0;140.0;R16;3;7-6(3) 3-6 6-3;2022-01-31
20220131;Pune;Hard;A;Kamil Majchrzak;Quentin Halys;95.0;141.0;R16;3;6-3 7-6(7);2022-01-31
20220131;Pune;Hard;A;Kamil Majchrzak;Lorenzo Musetti;95.0;66.0;QF;3;6-2 6-7(5) 6-4;2022-01-31
20220131;Montpellier;Hard;A;Alexander Bublik;Tallon Griekspoor;35.0;62.0;R32;3;7-6(4) 7-6(5);2022-01-31
20220131;Montpellier;Hard;A;Adrian Mannarino;Alejandro Davidovich Fokina;58.0;47.0;R32;3;6-2 6-4;2022-01-31
20220131;Montpellier;Hard;A;Alexander Zverev;Adrian Mannarino;3.0;58.0;QF;3;6-1 6-0;2022-01-31
20220131;Montpellier;Hard;A;Damir Dzumhur;Nikoloz Basilashvili;152.0;21.0;R16;3;6-1 5-7 6-2;2022-01-31
20220131;Montpellier;Hard;A;Adrian Mannarino;David Goffin;58.0;52.0;R16;3;6-4 6-2;2022-01-31
20220131;Montpellier;Hard;A;Alexander Zverev;Mackenzie Mcdonald;3.0;56.0;R16;3;6-2 7-6(5);2022-01-31
20220131;Montpellier;Hard;A;Alexander Bublik;Roberto Bautista Agut;35.0;19.0;QF;3;6-4 2-6 7-6(4);2022-01-31
20220131;Montpellier;Hard;A;Alexander Bublik;Alexander Zverev;35.0;3.0;F;3;6-4 6-3;2022-01-31
20220131;Montpellier;Hard;A;Alexander Bublik;Pierre Hugues Herbert;35.0;113.0;R16;3;6-3 6-7(2) 6-2;2022-01-31
20220207;Rotterdam;Hard;A;Jiri Lehecka;Denis Shapovalov;137.0;12.0;R32;3;6-4 6-4;2022-02-07
20220207;Rotterdam;Hard;A;Cameron Norrie;Ugo Humbert;13.0;41.0;R32;3;6-2 6-4;2022-02-07
20220207;Rotterdam;Hard;A;Karen Khachanov;Alexei Popyrin;28.0;66.0;R32;3;6-7(4) 6-1 7-6(6);2022-02-07
20220207;Dallas;Hard;A;Reilly Opelka;Jenson Brooksby;23.0;54.0;F;3;7-6(5) 7-6(3);2022-02-07
20220207;Dallas;Hard;A;Jenson Brooksby;Marcos Giron;54.0;70.0;SF;3;6-4 6-7(4) 7-6(5);2022-02-07
20220207;Dallas;Hard;A;Reilly Opelka;Adrian Mannarino;23.0;57.0;QF;3;6-3 6-4;2022-02-07
20220207;Dallas;Hard;A;Jenson Brooksby;Jordan Thompson;54.0;83.0;QF;3;6-3 6-0;2022-02-07
20220207;Dallas;Hard;A;Jordan Thompson;Brandon Nakashima;83.0;82.0;R16;3;7-5 7-6(1);2022-02-07
20220207;Dallas;Hard;A;Adrian Mannarino;Yoshihito Nishioka;57.0;108.0;R16;3;6-3 6-1;2022-02-07
20220207;Rotterdam;Hard;A;Mackenzie Mcdonald;Nikoloz Basilashvili;49.0;21.0;R32;3;6-3 6-2;2022-02-07
20220207;Dallas;Hard;A;Marcos Giron;Taylor Fritz;70.0;19.0;QF;3;6-4 3-6 7-6(3);2022-02-07
20220207;Rotterdam;Hard;A;Alex De Minaur;David Goffin;34.0;47.0;R32;3;6-0 6-3;2022-02-07
20220207;Rotterdam;Hard;A;Stefanos Tsitsipas;Jiri Lehecka;4.0;137.0;SF;3;4-6 6-4 6-2;2022-02-07
20220207;Rotterdam;Hard;A;Marton Fucsovics;Tallon Griekspoor;38.0;62.0;R16;3;6-4 7-6(4);2022-02-07
20220207;Rotterdam;Hard;A;Stefanos Tsitsipas;Alejandro Davidovich Fokina;4.0;46.0;R32;3;7-5 6-7(1) 6-4;2022-02-07
20220207;Rotterdam;Hard;A;Felix Auger Aliassime;Stefanos Tsitsipas;9.0;4.0;F;3;6-4 6-2;2022-02-07
20220207;Rotterdam;Hard;A;Felix Auger Aliassime;Andrey Rublev;9.0;7.0;SF;3;6-7(5) 6-4 6-2;2022-02-07
20220207;Rotterdam;Hard;A;Jiri Lehecka;Lorenzo Musetti;137.0;63.0;QF;3;6-3 1-6 7-5;2022-02-07
20220207;Rotterdam;Hard;A;Felix Auger Aliassime;Cameron Norrie;9.0;13.0;QF;3;7-5 7-6(4);2022-02-07
20220207;Rotterdam;Hard;A;Stefanos Tsitsipas;Alex De Minaur;4.0;34.0;QF;3;6-4 6-4;2022-02-07
20220207;Rotterdam;Hard;A;Alex De Minaur;Mackenzie Mcdonald;34.0;49.0;R16;3;7-6(6) 1-6 6-4;2022-02-07
20220207;Rotterdam;Hard;A;Lorenzo Musetti;Hubert Hurkacz;63.0;11.0;R16;3;6-3 5-7 6-3;2022-02-07
20220207;Rotterdam;Hard;A;Jiri Lehecka;Botic Van De Zandschulp;137.0;51.0;R16;3;1-6 6-4 6-4;2022-02-07
20220207;Rotterdam;Hard;A;Cameron Norrie;Karen Khachanov;13.0;28.0;R16;3;6-4 7-6(5);2022-02-07
20220207;Rotterdam;Hard;A;Andrey Rublev;Marton Fucsovics;7.0;38.0;QF;3;6-4 6-3;2022-02-07
20220214;Marseille;Hard;A;Stefanos Tsitsipas;Hugo Gaston;4.0;68.0;R16;3;6-3 7-6(4);2022-02-14
20220214;Marseille;Hard;A;Andrey Rublev;Felix Auger Aliassime;7.0;9.0;F;3;7-5 7-6(4);2022-02-14
20220214;Marseille;Hard;A;Felix Auger Aliassime;Roman Safiullin;9.0;163.0;SF;3;7-6(4) 7-6(5);2022-02-14
20220214;Marseille;Hard;A;Andrey Rublev;Benjamin Bonzi;7.0;69.0;SF;3;6-3 4-6 6-3;2022-02-14
20220214;Marseille;Hard;A;Roman Safiullin;Stefanos Tsitsipas;163.0;4.0;QF;3;6-4 6-4;2022-02-14
20220214;Marseille;Hard;A;Holger Rune;Zizou Bergs;90.0;169.0;R32;3;1-6 6-3 6-4;2022-02-14
20220214;Marseille;Hard;A;Benjamin Bonzi;Kamil Majchrzak;69.0;79.0;R32;3;7-6(1) 6-4;2022-02-14
20220214;Marseille;Hard;A;Benjamin Bonzi;Pierre Hugues Herbert;69.0;109.0;R16;3;6-4 6-3;2022-02-14
20220214;Marseille;Hard;A;Hugo Gaston;Corentin Moutet;68.0;107.0;R32;3;6-4 6-4;2022-02-14
20220214;Marseille;Hard;A;Tomas Machac;Damir Dzumhur;115.0;140.0;R32;3;1-6 6-3 6-1;2022-02-14
20220214;Marseille;Hard;A;Roman Safiullin;Alexei Popyrin;163.0;66.0;R32;3;6-7(5) 6-4 7-6(3);2022-02-14
20220214;Doha;Hard;A;Karen Khachanov;Mackenzie Mcdonald;27.0;51.0;R32;3;7-6(3) 6-3;2022-02-14
20220214;Marseille;Hard;A;Roman Safiullin;Tomas Machac;163.0;115.0;R16;3;6-7(6) 6-4 7-6(4);2022-02-14
20220214;Doha;Hard;A;Marin Cilic;Botic Van De Zandschulp;24.0;50.0;R16;3;6-3 7-5;2022-02-14
20220214;Doha;Hard;A;Roberto Bautista Agut;Nikoloz Basilashvili;16.0;22.0;F;3;6-3 6-4;2022-02-14
20220214;Doha;Hard;A;Arthur Rinderknech;Alexander Bublik;61.0;31.0;R16;3;6-7(5) 6-1 6-4;2022-02-14
20220214;Doha;Hard;A;Nikoloz Basilashvili;Elias Ymer;22.0;138.0;R16;3;6-4 7-5;2022-02-14
20220214;Delray Beach;Hard;A;Cameron Norrie;Reilly Opelka;13.0;20.0;F;3;7-6(1) 7-6(4);2022-02-14
20220214;Delray Beach;Hard;A;Cameron Norrie;Sebastian Korda;13.0;43.0;QF;3;6-2 1-6 7-6(4);2022-02-14
20220214;Delray Beach;Hard;A;Reilly Opelka;Adrian Mannarino;20.0;53.0;QF;3;7-6(2) 3-6 6-1;2022-02-14
20220214;Delray Beach;Hard;A;Adrian Mannarino;Brandon Nakashima;53.0;81.0;R16;3;6-4 2-6 7-5;2022-02-14
20220214;Delray Beach;Hard;A;Sebastian Korda;Thanasi Kokkinakis;43.0;94.0;R32;3;6-4 6-1;2022-02-14
20220214;Delray Beach;Hard;A;Cameron Norrie;Tommy Paul;13.0;41.0;SF;3;6-3 6-3;2022-02-14
20220214;Doha;Hard;A;Roberto Bautista Agut;Karen Khachanov;16.0;27.0;SF;3;2-6 6-3 7-5;2022-02-14
20220214;Doha;Hard;A;Arthur Rinderknech;Denis Shapovalov;61.0;12.0;QF;3;6-4 6-4;2022-02-14
20220214;Doha;Hard;A;Nikoloz Basilashvili;Marton Fucsovics;22.0;36.0;QF;3;1-6 6-3 7-5;2022-02-14
20220214;Doha;Hard;A;Karen Khachanov;Marin Cilic;27.0;24.0;QF;3;3-6 6-3 6-4;2022-02-14
20220214;Doha;Hard;A;Roberto Bautista Agut;Alejandro Davidovich Fokina;16.0;47.0;QF;3;6-1 6-1;2022-02-14
20220214;Doha;Hard;A;Nikoloz Basilashvili;Arthur Rinderknech;22.0;61.0;SF;3;6-4 6-2;2022-02-14
20220221;Dubai;Hard;A;Andrey Rublev;Mackenzie Mcdonald;7.0;61.0;QF;3;2-6 6-3 6-1;2022-02-21
20220221;Dubai;Hard;A;Jannik Sinner;Alejandro Davidovich Fokina;10.0;43.0;R32;3;4-6 7-6(6) 6-3;2022-02-21
20220221;Dubai;Hard;A;Hubert Hurkacz;Alexander Bublik;11.0;30.0;R32;3;6-3 6-1;2022-02-21
20220221;Dubai;Hard;A;Denis Shapovalov;Marton Fucsovics;14.0;36.0;R32;3;4-6 6-4 7-5;2022-02-21
20220221;Dubai;Hard;A;Alexei Popyrin;Nikoloz Basilashvili;66.0;19.0;R32;3;6-2 6-3;2022-02-21
20220221;Dubai;Hard;A;Karen Khachanov;Alex De Minaur;26.0;32.0;R32;3;6-3 6-7(1) 7-5;2022-02-21
20220221;Dubai;Hard;A;Novak Djokovic;Lorenzo Musetti;1.0;58.0;R32;3;6-3 6-3;2022-02-21
20220221;Dubai;Hard;A;Novak Djokovic;Karen Khachanov;1.0;26.0;R16;3;6-3 7-6(2);2022-02-21
20220221;Dubai;Hard;A;Hubert Hurkacz;Jannik Sinner;11.0;10.0;QF;3;6-3 6-3;2022-02-21
20220221;Dubai;Hard;A;Roberto Bautista Agut;Arthur Rinderknech;15.0;53.0;R32;3;6-3 6-4;2022-02-21
20220221;Acapulco;Hard;A;Alexander Zverev;Jenson Brooksby;3.0;47.0;R32;3;3-6 7-6(10) 6-2;2022-02-21
20220221;Acapulco;Hard;A;Cameron Norrie;Daniel Altmaier;12.0;84.0;R32;3;7-6(5) 6-2;2022-02-21
20220221;Acapulco;Hard;A;Stefanos Tsitsipas;Laslo Djere;4.0;51.0;R32;3;7-6(7) 7-6(4);2022-02-21
20220221;Acapulco;Hard;A;Taylor Fritz;Adrian Mannarino;16.0;55.0;R32;3;6-3 6-3;2022-02-21
20220221;Acapulco;Hard;A;Marcos Giron;Pablo Carreno Busta;59.0;17.0;R16;3;6-7(7) 6-4 7-6(4);2022-02-21
20220221;Acapulco;Hard;A;Yoshihito Nishioka;Taylor Fritz;103.0;16.0;R16;3;3-6 6-4 6-2;2022-02-21
20220221;Acapulco;Hard;A;Stefanos Tsitsipas;Marcos Giron;4.0;59.0;QF;3;6-3 6-4;2022-02-21
20220221;Acapulco;Hard;A;Daniil Medvedev;Yoshihito Nishioka;2.0;103.0;QF;3;6-2 6-3;2022-02-21
20220221;Acapulco;Hard;A;Cameron Norrie;Stefanos Tsitsipas;12.0;4.0;SF;3;6-4 6-4;2022-02-21
20220221;Dubai;Hard;A;Andrey Rublev;Hubert Hurkacz;7.0;11.0;SF;3;3-6 7-5 7-6(5);2022-02-21
20220304;Davis Cup QLS R1: AUS vs HUN;Hard;D;Marton Fucsovics;Thanasi Kokkinakis;35.0;99.0;RR;3;7-6(4) 1-6 6-3;2022-03-04
20220304;Davis Cup QLS R1: AUS vs HUN;Hard;D;Alex De Minaur;Marton Fucsovics;30.0;35.0;RR;3;7-6(4) 6-4;2022-03-04
20220304;Davis Cup QLS R1: BEL vs FIN;Hard;D;David Goffin;Otto Virtanen;68.0;405.0;RR;3;7-5 3-6 6-3;2022-03-04
20220304;Davis Cup QLS R1: BEL vs FIN;Hard;D;Zizou Bergs;Otto Virtanen;163.0;405.0;RR;3;6-4 6-0;2022-03-04
20220304;Davis Cup QLS R1: KAZ vs NOR;Hard;D;Alexander Bublik;Casper Ruud;32.0;8.0;RR;3;6-4 5-7 6-4;2022-03-04
20220304;Davis Cup QLS R1: SWE vs JPN;Hard;D;Elias Ymer;Yosuke Watanuki;133.0;267.0;RR;3;6-3 6-3;2022-03-04
20220307;Indian Wells Masters;Hard;M;Miomir Kecmanovic;Marin Cilic;61.0;24.0;R64;3;6-7(7) 6-3 7-6(6);2022-03-07
20220307;Indian Wells Masters;Hard;M;Matteo Berrettini;Holger Rune;6.0;86.0;R64;3;6-3 4-6 6-4;2022-03-07
20220307;Indian Wells Masters;Hard;M;Botic Van De Zandschulp;Felix Auger Aliassime;47.0;9.0;R64;3;7-6(4) 6-7(4) 6-3;2022-03-07
20220307;Indian Wells Masters;Hard;M;Jaume Munar;Pablo Carreno Busta;99.0;16.0;R64;3;4-6 6-4 7-6(4);2022-03-07
20220307;Indian Wells Masters;Hard;M;Taylor Fritz;Kamil Majchrzak;20.0;75.0;R64;3;6-1 6-1;2022-03-07
20220307;Indian Wells Masters;Hard;M;Tommy Paul;Alexander Zverev;39.0;3.0;R64;3;6-2 4-6 7-6(2);2022-03-07
20220307;Indian Wells Masters;Hard;M;Grigor Dimitrov;Jordan Thompson;35.0;78.0;R64;3;7-6(3) 6-2;2022-03-07
20220307;Indian Wells Masters;Hard;M;Tomas Machac;Alexei Popyrin;158.0;89.0;R128;3;6-3 7-5;2022-03-07
20220307;Indian Wells Masters;Hard;M;Mackenzie Mcdonald;Marton Fucsovics;59.0;48.0;R128;3;7-6(11) 7-5;2022-03-07
20220307;Indian Wells Masters;Hard;M;Brandon Nakashima;Adrian Mannarino;80.0;66.0;R128;3;6-2 7-6(4);2022-03-07
20220307;Indian Wells Masters;Hard;M;Sebastian Korda;Thanasi Kokkinakis;38.0;97.0;R128;3;6-3 6-4;2022-03-07
20220307;Indian Wells Masters;Hard;M;Lorenzo Musetti;Marcos Giron;56.0;55.0;R128;3;6-3 7-5;2022-03-07
20220307;Indian Wells Masters;Hard;M;Benjamin Bonzi;Arthur Rinderknech;62.0;57.0;R128;3;6-3 7-5;2022-03-07
20220307;Indian Wells Masters;Hard;M;Nick Kyrgios;Sebastian Baez;132.0;60.0;R128;3;6-4 6-0;2022-03-07
20220307;Indian Wells Masters;Hard;M;Holger Rune;Ugo Humbert;86.0;42.0;R128;3;6-3 6-2;2022-03-07
20220307;Indian Wells Masters;Hard;M;Jaume Munar;Juncheng Shang;99.0;543.0;R128;3;6-3 6-4;2022-03-07
20220307;Indian Wells Masters;Hard;M;Jordan Thompson;David Goffin;78.0;71.0;R128;3;4-6 7-5 7-6(3);2022-03-07
20220307;Indian Wells Masters;Hard;M;Benjamin Bonzi;Lorenzo Sonego;62.0;21.0;R64;3;6-3 6-4;2022-03-07
20220307;Indian Wells Masters;Hard;M;Jenson Brooksby;Roberto Carballes Baena;43.0;73.0;R128;3;6-1 6-4;2022-03-07
20220307;Indian Wells Masters;Hard;M;Jannik Sinner;Laslo Djere;10.0;52.0;R64;3;6-3 6-3;2022-03-07
20220307;Indian Wells Masters;Hard;M;Frances Tiafoe;Brandon Nakashima;30.0;80.0;R64;3;6-4 6-4;2022-03-07
20220307;Indian Wells Masters;Hard;M;Reilly Opelka;Lorenzo Musetti;17.0;56.0;R64;3;6-1 6-4;2022-03-07
20220307;Indian Wells Masters;Hard;M;Andrey Rublev;Grigor Dimitrov;7.0;35.0;QF;3;7-5 6-2;2022-03-07
20220307;Indian Wells Masters;Hard;M;Taylor Fritz;Miomir Kecmanovic;20.0;61.0;QF;3;7-6(5) 3-6 6-1;2022-03-07
20220307;Indian Wells Masters;Hard;M;Carlos Alcaraz;Cameron Norrie;19.0;12.0;QF;3;6-4 6-3;2022-03-07
20220307;Indian Wells Masters;Hard;M;Taylor Fritz;Andrey Rublev;20.0;7.0;SF;3;7-5 6-4;2022-03-07
20220307;Indian Wells Masters;Hard;M;Carlos Alcaraz;Gael Monfils;19.0;28.0;R16;3;7-5 6-1;2022-03-07
20220307;Indian Wells Masters;Hard;M;Miomir Kecmanovic;Matteo Berrettini;61.0;6.0;R16;3;6-3 6-7(5) 6-4;2022-03-07
20220307;Indian Wells Masters;Hard;M;Taylor Fritz;Alex De Minaur;20.0;31.0;R16;3;3-6 6-4 7-6(5);2022-03-07
20220307;Indian Wells Masters;Hard;M;Andrey Rublev;Hubert Hurkacz;7.0;11.0;R16;3;7-6(5) 6-4;2022-03-07
20220307;Indian Wells Masters;Hard;M;Gael Monfils;Daniil Medvedev;28.0;1.0;R32;3;4-6 6-3 6-1;2022-03-07
20220307;Indian Wells Masters;Hard;M;Carlos Alcaraz;Roberto Bautista Agut;19.0;15.0;R32;3;6-2 6-0;2022-03-07
20220307;Indian Wells Masters;Hard;M;Cameron Norrie;Nikoloz Basilashvili;12.0;18.0;R32;3;3-6 6-3 6-1;2022-03-07
20220307;Indian Wells Masters;Hard;M;Jenson Brooksby;Stefanos Tsitsipas;43.0;5.0;R32;3;1-6 6-3 6-2;2022-03-07
20220307;Indian Wells Masters;Hard;M;Cameron Norrie;Jenson Brooksby;12.0;43.0;R16;3;6-2 6-4;2022-03-07
20220307;Indian Wells Masters;Hard;M;Jannik Sinner;Benjamin Bonzi;10.0;62.0;R32;3;7-6(5) 3-6 6-4;2022-03-07
20220307;Indian Wells Masters;Hard;M;Reilly Opelka;Denis Shapovalov;17.0;13.0;R32;3;6-7(4) 6-4 6-4;2022-03-07
20220307;Indian Wells Masters;Hard;M;Grigor Dimitrov;Alexander Bublik;35.0;33.0;R32;3;6-3 6-4;2022-03-07
20220307;Indian Wells Masters;Hard;M;Carlos Alcaraz;Mackenzie Mcdonald;19.0;59.0;R64;3;6-3 6-3;2022-03-07
20220307;Indian Wells Masters;Hard;M;Cameron Norrie;Pedro Martinez;12.0;49.0;R64;3;6-3 6-3;2022-03-07
20220307;Indian Wells Masters;Hard;M;Jenson Brooksby;Karen Khachanov;43.0;26.0;R64;3;6-0 6-3;2022-03-07
20220307;Indian Wells Masters;Hard;M;Daniil Medvedev;Tomas Machac;1.0;158.0;R64;3;6-3 6-2;2022-03-07
20220307;Indian Wells Masters;Hard;M;Alex De Minaur;Tommy Paul;31.0;39.0;R32;3;7-6(2) 6-4;2022-03-07
20220307;Indian Wells Masters;Hard;M;Denis Shapovalov;Alejandro Davidovich Fokina;13.0;45.0;R64;3;4-6 6-4 6-2;2022-03-07
20220307;Indian Wells Masters;Hard;M;Taylor Fritz;Jaume Munar;20.0;99.0;R32;3;6-4 2-6 7-6(2);2022-03-07
20220307;Indian Wells Masters;Hard;M;Miomir Kecmanovic;Botic Van De Zandschulp;61.0;47.0;R32;3;7-6(3) 7-5;2022-03-07
20220307;Indian Wells Masters;Hard;M;Nick Kyrgios;Casper Ruud;132.0;8.0;R32;3;6-4 6-4;2022-03-07
20220307;Indian Wells Masters;Hard;M;Andrey Rublev;Frances Tiafoe;7.0;30.0;R32;3;6-3 6-4;2022-03-07
20220321;Miami Masters;Hard;M;Marin Cilic;Alexei Popyrin;23.0;92.0;R64;3;6-0 6-3;2022-03-21
20220321;Miami Masters;Hard;M;Carlos Alcaraz;Marton Fucsovics;16.0;55.0;R64;3;6-3 6-2;2022-03-21
20220321;Miami Masters;Hard;M;Tommy Paul;Karen Khachanov;37.0;25.0;R64;3;6-4 3-6 7-6(3);2022-03-21
20220321;Miami Masters;Hard;M;Miomir Kecmanovic;Felix Auger Aliassime;48.0;9.0;R64;3;6-4 6-2;2022-03-21
20220321;Miami Masters;Hard;M;Nick Kyrgios;Andrey Rublev;102.0;7.0;R64;3;6-3 6-0;2022-03-21
20220321;Miami Masters;Hard;M;Pablo Carreno Busta;David Goffin;19.0;70.0;R64;3;6-3 6-2;2022-03-21
20220321;Miami Masters;Hard;M;Frances Tiafoe;Brandon Nakashima;31.0;80.0;R64;3;3-6 7-6(5) 6-4;2022-03-21
20220321;Miami Masters;Hard;M;Cameron Norrie;Jack Draper;12.0;146.0;R64;3;7-6(5) 6-4;2022-03-21
20220321;Miami Masters;Hard;M;Tommy Paul;Benjamin Bonzi;37.0;59.0;R128;3;6-4 6-4;2022-03-21
20220321;Miami Masters;Hard;M;Kamil Majchrzak;Sebastian Baez;75.0;66.0;R128;3;6-4 6-3;2022-03-21
20220321;Miami Masters;Hard;M;Arthur Rinderknech;Laslo Djere;58.0;53.0;R128;3;6-2 7-6(6);2022-03-21
20220321;Miami Masters;Hard;M;Alexei Popyrin;Lorenzo Musetti;92.0;76.0;R128;3;7-5 7-6(5);2022-03-21
20220321;Miami Masters;Hard;M;Marton Fucsovics;Marcos Giron;55.0;52.0;R128;3;6-3 6-4;2022-03-21
20220321;Miami Masters;Hard;M;Alex De Minaur;Jordan Thompson;28.0;78.0;R64;3;6-2 6-3;2022-03-21
20220321;Miami Masters;Hard;M;Sebastian Korda;Alejandro Davidovich Fokina;38.0;43.0;R128;3;6-1 6-1;2022-03-21
20220321;Miami Masters;Hard;M;Nick Kyrgios;Adrian Mannarino;102.0;61.0;R128;3;7-6(3) 6-3;2022-03-21
20220321;Miami Masters;Hard;M;David Goffin;Roberto Carballes Baena;70.0;79.0;R128;3;6-2 6-3;2022-03-21
20220321;Miami Masters;Hard;M;Francisco Cerundolo;Tallon Griekspoor;103.0;57.0;R128;3;7-5 4-6 6-3;2022-03-21
20220321;Miami Masters;Hard;M;Hugo Gaston;Emilio Nava;68.0;312.0;R128;3;6-2 6-1;2022-03-21
20220321;Miami Masters;Hard;M;Mackenzie Mcdonald;Grigor Dimitrov;54.0;29.0;R64;3;6-1 6-4;2022-03-21
20220321;Miami Masters;Hard;M;Hubert Hurkacz;Arthur Rinderknech;10.0;58.0;R64;3;7-6(5) 6-2;2022-03-21
20220321;Miami Masters;Hard;M;Cameron Norrie;Hugo Gaston;12.0;68.0;R32;3;6-3 7-5;2022-03-21
20220321;Miami Masters;Hard;M;Jenson Brooksby;Nikoloz Basilashvili;39.0;20.0;R64;3;6-3 6-1;2022-03-21
20220321;Miami Masters;Hard;M;Carlos Alcaraz;Casper Ruud;16.0;8.0;F;3;7-5 6-4;2022-03-21
20220321;Miami Masters;Hard;M;Carlos Alcaraz;Hubert Hurkacz;16.0;10.0;SF;3;7-6(5) 7-6(2);2022-03-21
20220321;Miami Masters;Hard;M;Casper Ruud;Francisco Cerundolo;8.0;103.0;SF;3;6-4 6-1;2022-03-21
20220321;Miami Masters;Hard;M;Hubert Hurkacz;Daniil Medvedev;10.0;2.0;QF;3;7-6(7) 6-3;2022-03-21
20220321;Miami Masters;Hard;M;Carlos Alcaraz;Miomir Kecmanovic;16.0;48.0;QF;3;6-7(5) 6-3 7-6(5);2022-03-21
20220321;Miami Masters;Hard;M;Casper Ruud;Alexander Zverev;8.0;4.0;QF;3;6-3 1-6 6-3;2022-03-21
20220321;Miami Masters;Hard;M;Daniil Medvedev;Jenson Brooksby;2.0;39.0;R16;3;7-5 6-1;2022-03-21
20220321;Miami Masters;Hard;M;Carlos Alcaraz;Stefanos Tsitsipas;16.0;5.0;R16;3;7-5 6-3;2022-03-21
20220321;Miami Masters;Hard;M;Miomir Kecmanovic;Taylor Fritz;48.0;13.0;R16;3;3-6 6-1 6-4;2022-03-21
20220321;Miami Masters;Hard;M;Jannik Sinner;Nick Kyrgios;11.0;102.0;R16;3;7-6(3) 6-3;2022-03-21
20220321;Miami Masters;Hard;M;Francisco Cerundolo;Frances Tiafoe;103.0;31.0;R16;3;6-7(2) 7-6(3) 6-2;2022-03-21
20220321;Miami Masters;Hard;M;Roberto Bautista Agut;Kamil Majchrzak;17.0;75.0;R64;3;6-3 6-3;2022-03-21
20220321;Miami Masters;Hard;M;Casper Ruud;Cameron Norrie;8.0;12.0;R16;3;6-3 6-4;2022-03-21
20220321;Miami Masters;Hard;M;Daniil Medvedev;Pedro Martinez;2.0;47.0;R32;3;6-3 6-4;2022-03-21
20220321;Miami Masters;Hard;M;Jenson Brooksby;Roberto Bautista Agut;39.0;17.0;R32;3;6-3 5-7 6-4;2022-03-21
20220321;Miami Masters;Hard;M;Stefanos Tsitsipas;Alex De Minaur;5.0;28.0;R32;3;6-4 6-3;2022-03-21
20220321;Miami Masters;Hard;M;Taylor Fritz;Tommy Paul;13.0;37.0;R32;3;7-6(2) 6-4;2022-03-21
20220321;Miami Masters;Hard;M;Miomir Kecmanovic;Sebastian Korda;48.0;38.0;R32;3;7-6(4) 6-3;2022-03-21
20220321;Miami Masters;Hard;M;Jannik Sinner;Pablo Carreno Busta;11.0;19.0;R32;3;5-7 7-5 7-5;2022-03-21
20220321;Miami Masters;Hard;M;Francisco Cerundolo;Gael Monfils;103.0;24.0;R32;3;6-2 6-3;2022-03-21
20220321;Miami Masters;Hard;M;Frances Tiafoe;Juan Manuel Cerundolo;31.0;122.0;R32;3;6-3 6-2;2022-03-21
20220321;Miami Masters;Hard;M;Casper Ruud;Alexander Bublik;8.0;33.0;R32;3;6-3 6-2;2022-03-21
20220321;Miami Masters;Hard;M;Alexander Zverev;Mackenzie Mcdonald;4.0;54.0;R32;3;6-2 6-2;2022-03-21
20220321;Miami Masters;Hard;M;Pedro Martinez;Cristian Garin;47.0;30.0;R64;3;7-6(2) 6-2;2022-03-21
20220321;Miami Masters;Hard;M;Alexander Zverev;Thanasi Kokkinakis;4.0;97.0;R16;3;6-4 6-4;2022-03-21
20220321;Miami Masters;Hard;M;Carlos Alcaraz;Marin Cilic;16.0;23.0;R32;3;6-4 6-4;2022-03-21
20220725;Atlanta;Hard;A;Brandon Nakashima;Jordan Thompson;56.0;95.0;R32;3;7-6(5) 3-6 6-3;2022-07-25
20220725;Atlanta;Hard;A;Jenson Brooksby;Mackenzie Mcdonald;43.0;51.0;R16;3;6-3 6-4;2022-07-25
20220725;Atlanta;Hard;A;Alex De Minaur;James Duckworth;30.0;62.0;R16;3;6-4 6-4;2022-07-25
20220725;Atlanta;Hard;A;Frances Tiafoe;Brandon Nakashima;29.0;56.0;QF;3;6-4 6-2;2022-07-25
20220725;Atlanta;Hard;A;Alex De Minaur;Adrian Mannarino;30.0;78.0;QF;3;4-6 6-3 6-0;2022-07-25
20220725;Atlanta;Hard;A;Jenson Brooksby;Frances Tiafoe;43.0;29.0;SF;3;6-1 6-4;2022-07-25
20220725;Atlanta;Hard;A;Alex De Minaur;Jenson Brooksby;30.0;43.0;F;3;6-3 6-3;2022-07-25
20220801;Los Cabos;Hard;A;Daniil Medvedev;Cameron Norrie;1.0;12.0;F;3;7-5 6-0;2022-08-01
20220801;Washington;Hard;A;Nick Kyrgios;Marcos Giron;63.0;53.0;R64;3;6-3 6-2;2022-08-01
20220801;Washington;Hard;A;Yoshihito Nishioka;Jenson Brooksby;96.0;37.0;R64;3;6-4 6-3;2022-08-01
20220801;Washington;Hard;A;Grigor Dimitrov;Adrian Mannarino;19.0;67.0;R32;3;6-1 3-6 7-5;2022-08-01
20220801;Washington;Hard;A;Nick Kyrgios;Tommy Paul;63.0;34.0;R32;3;6-3 6-4;2022-08-01
20220801;Washington;Hard;A;Yoshihito Nishioka;Alex De Minaur;96.0;21.0;R32;3;3-6 7-6(6) 6-2;2022-08-01
20220801;Washington;Hard;A;Taylor Fritz;Alexei Popyrin;13.0;83.0;R32;3;6-4 6-3;2022-08-01
20220801;Washington;Hard;A;Andrey Rublev;Jack Draper;8.0;81.0;R32;3;6-4 6-2;2022-08-01
20220801;Washington;Hard;A;Sebastian Korda;Grigor Dimitrov;54.0;19.0;R16;3;4-6 6-1 6-2;2022-08-01
20220801;Washington;Hard;A;Sebastian Korda;Sebastian Baez;54.0;31.0;R32;3;6-1 6-4;2022-08-01
20220801;Washington;Hard;A;Frances Tiafoe;Botic Van De Zandschulp;27.0;26.0;R16;3;4-6 6-2 6-3;2022-08-01
20220801;Washington;Hard;A;Nick Kyrgios;Reilly Opelka;63.0;17.0;R16;3;7-6(1) 6-2;2022-08-01
20220801;Los Cabos;Hard;A;Cameron Norrie;Felix Auger Aliassime;12.0;9.0;SF;3;6-4 3-6 6-3;2022-08-01
20220801;Los Cabos;Hard;A;Miomir Kecmanovic;Brandon Nakashima;38.0;61.0;QF;3;6-2 6-4;2022-08-01
20220801;Los Cabos;Hard;A;Daniil Medvedev;Rinky Hijikata;1.0;224.0;R16;3;6-4 6-3;2022-08-01
20220801;Los Cabos;Hard;A;Miomir Kecmanovic;Jordan Thompson;38.0;114.0;R16;3;6-4 6-2;2022-08-01
20220801;Los Cabos;Hard;A;Cameron Norrie;Chun Hsin Tseng;12.0;84.0;R16;3;6-3 6-0;2022-08-01
20220801;Los Cabos;Hard;A;Daniil Medvedev;Miomir Kecmanovic;1.0;38.0;SF;3;7-6(0) 6-1;2022-08-01
20220801;Los Cabos;Hard;A;Jason Kubler;Tomas Martin Etcheverry;122.0;88.0;R32;3;6-7(4) 6-3 6-1;2022-08-01
20220801;Washington;Hard;A;Nick Kyrgios;Yoshihito Nishioka;63.0;96.0;F;3;6-4 6-3;2022-08-01
20220801;Washington;Hard;A;Yoshihito Nishioka;Andrey Rublev;96.0;8.0;SF;3;6-3 6-4;2022-08-01
20220801;Washington;Hard;A;Nick Kyrgios;Frances Tiafoe;63.0;27.0;QF;3;6-7(5) 7-6(12) 6-2;2022-08-01
20220801;Washington;Hard;A;Yoshihito Nishioka;Karen Khachanov;96.0;24.0;R16;3;7-6(2) 7-6(1);2022-08-01
20220801;Los Cabos;Hard;A;Jordan Thompson;Yannick Hanfmann;114.0;139.0;R32;3;6-3 6-0;2022-08-01
20220808;Canada Masters;Hard;M;Alex De Minaur;Denis Shapovalov;21.0;22.0;R64;3;7-5 7-6(4);2022-08-08
20220808;Canada Masters;Hard;M;Grigor Dimitrov;Alexis Galarneau;19.0;237.0;R64;3;6-4 7-5;2022-08-08
20220808;Canada Masters;Hard;M;Jenson Brooksby;Alexander Bublik;46.0;41.0;R64;3;6-2 6-3;2022-08-08
20220808;Canada Masters;Hard;M;Roberto Bautista Agut;Marcos Giron;18.0;57.0;R64;3;7-6(5) 6-3;2022-08-08
20220808;Canada Masters;Hard;M;Cameron Norrie;Brandon Nakashima;11.0;63.0;R64;3;6-4 6-4;2022-08-08
20220808;Canada Masters;Hard;M;Botic Van De Zandschulp;Miomir Kecmanovic;25.0;35.0;R64;3;6-1 7-5;2022-08-08
20220808;Canada Masters;Hard;M;Gael Monfils;Pedro Martinez;20.0;53.0;R64;3;7-6(4) 3-6 6-2;2022-08-08
20220808;Canada Masters;Hard;M;Pablo Carreno Busta;Matteo Berrettini;23.0;14.0;R64;3;6-3 6-2;2022-08-08
20220808;Canada Masters;Hard;M;Jack Draper;Hugo Gaston;82.0;76.0;R64;3;6-2 6-3;2022-08-08
20220808;Canada Masters;Hard;M;Frances Tiafoe;Benjamin Bonzi;24.0;49.0;R64;3;6-7(6) 7-5 6-3;2022-08-08
20220808;Canada Masters;Hard;M;Karen Khachanov;Francisco Cerundolo;28.0;27.0;R64;3;7-6(4) 5-7 6-3;2022-08-08
20220808;Canada Masters;Hard;M;Nick Kyrgios;Sebastian Baez;37.0;32.0;R64;3;6-4 6-4;2022-08-08
20220808;Canada Masters;Hard;M;Adrian Mannarino;Arthur Rinderknech;70.0;67.0;R64;3;6-3 6-3;2022-08-08
20220808;Canada Masters;Hard;M;Tommy Paul;Carlos Alcaraz;34.0;4.0;R32;3;6-7(4) 7-6(7) 6-3;2022-08-08
20220808;Canada Masters;Hard;M;Cameron Norrie;Botic Van De Zandschulp;11.0;25.0;R32;3;6-1 6-2;2022-08-08
20220808;Canada Masters;Hard;M;Taylor Fritz;Frances Tiafoe;13.0;24.0;R32;3;5-7 6-1 6-4;2022-08-08
20220808;Canada Masters;Hard;M;Pablo Carreno Busta;Hubert Hurkacz;23.0;10.0;F;3;3-6 6-3 6-3;2022-08-08
20220808;Canada Masters;Hard;M;Hubert Hurkacz;Casper Ruud;10.0;7.0;SF;3;5-7 6-3 6-2;2022-08-08
20220808;Canada Masters;Hard;M;Hubert Hurkacz;Nick Kyrgios;10.0;37.0;QF;3;7-6(4) 6-7(5) 6-1;2022-08-08
20220808;Canada Masters;Hard;M;Marin Cilic;Karen Khachanov;16.0;28.0;R32;3;6-3 6-2;2022-08-08
20220808;Canada Masters;Hard;M;Pablo Carreno Busta;Jack Draper;23.0;82.0;QF;3;7-6(4) 6-1;2022-08-08
20220808;Canada Masters;Hard;M;Nick Kyrgios;Alex De Minaur;37.0;21.0;R16;3;6-2 6-3;2022-08-08
20220808;Canada Masters;Hard;M;Casper Ruud;Roberto Bautista Agut;7.0;18.0;R16;3;6-7(4) 7-6(4) 6-4;2022-08-08
20220808;Canada Masters;Hard;M;Felix Auger Aliassime;Cameron Norrie;9.0;11.0;R16;3;6-3 6-4;2022-08-08
20220808;Canada Masters;Hard;M;Pablo Carreno Busta;Jannik Sinner;23.0;12.0;R16;3;6-2 6-4;2022-08-08
20220808;Canada Masters;Hard;M;Casper Ruud;Felix Auger Aliassime;7.0;9.0;QF;3;6-1 6-2;2022-08-08
20220808;Canada Masters;Hard;M;Nick Kyrgios;Daniil Medvedev;37.0;1.0;R32;3;6-7(2) 6-4 6-2;2022-08-08
20220808;Canada Masters;Hard;M;Alex De Minaur;Grigor Dimitrov;21.0;19.0;R32;3;7-6(4) 7-5;2022-08-08
20220808;Canada Masters;Hard;M;Roberto Bautista Agut;Jenson Brooksby;18.0;46.0;R32;3;7-5 6-1;2022-08-08
20220808;Canada Masters;Hard;M;Felix Auger Aliassime;Yoshihito Nishioka;9.0;54.0;R32;3;7-6(6) 6-4;2022-08-08
20220808;Canada Masters;Hard;M;Jannik Sinner;Adrian Mannarino;12.0;70.0;R32;3;2-6 6-4 6-2;2022-08-08
20220808;Canada Masters;Hard;M;Pablo Carreno Busta;Holger Rune;23.0;26.0;R32;3;6-0 6-3;2022-08-08
20220808;Canada Masters;Hard;M;Jack Draper;Stefanos Tsitsipas;82.0;5.0;R32;3;7-5 7-6(4);2022-08-08
20220808;Canada Masters;Hard;M;Tommy Paul;Marin Cilic;34.0;16.0;R16;3;6-4 6-2;2022-08-08
20220815;Cincinnati Masters;Hard;M;Frances Tiafoe;Matteo Berrettini;25.0;15.0;R64;3;7-6(3) 4-6 7-6(5);2022-08-15
20220815;Cincinnati Masters;Hard;M;Sebastian Korda;Karen Khachanov;52.0;30.0;R64;3;6-3 6-4;2022-08-15
20220815;Cincinnati Masters;Hard;M;Ben Shelton;Lorenzo Sonego;229.0;56.0;R64;3;7-6(5) 3-6 7-5;2022-08-15
20220815;Cincinnati Masters;Hard;M;Cameron Norrie;Holger Rune;11.0;29.0;R64;3;7-6(5) 4-6 6-4;2022-08-15
20220815;Cincinnati Masters;Hard;M;Marin Cilic;Jaume Munar;17.0;57.0;R64;3;6-3 6-3;2022-08-15
20220815;Cincinnati Masters;Hard;M;Roberto Bautista Agut;Francisco Cerundolo;19.0;27.0;R64;3;6-7(5) 6-4 6-2;2022-08-15
20220815;Cincinnati Masters;Hard;M;Miomir Kecmanovic;Pablo Carreno Busta;36.0;14.0;R64;3;1-6 7-5 7-6(4);2022-08-15
20220815;Cincinnati Masters;Hard;M;Jannik Sinner;Thanasi Kokkinakis;12.0;75.0;R64;3;6-7(9) 6-4 7-6(6);2022-08-15
20220815;Cincinnati Masters;Hard;M;Marcos Giron;David Goffin;54.0;62.0;R64;3;6-3 6-4;2022-08-15
20220815;Cincinnati Masters;Hard;M;Nick Kyrgios;Alejandro Davidovich Fokina;28.0;37.0;R64;3;7-5 6-4;2022-08-15
20220815;Cincinnati Masters;Hard;M;Mackenzie Mcdonald;Nikoloz Basilashvili;72.0;34.0;R64;3;6-0 6-1;2022-08-15
20220815;Cincinnati Masters;Hard;M;Taylor Fritz;Sebastian Baez;13.0;35.0;R64;3;6-1 6-1;2022-08-15
20220815;Cincinnati Masters;Hard;M;Cameron Norrie;Ben Shelton;11.0;229.0;R16;3;6-0 6-2;2022-08-15
20220815;Cincinnati Masters;Hard;M;Tommy Paul;Jenson Brooksby;31.0;43.0;R64;3;6-3 6-2;2022-08-15
20220815;Cincinnati Masters;Hard;M;Denis Shapovalov;Grigor Dimitrov;21.0;18.0;R64;3;7-6(4) 6-3;2022-08-15
20220815;Cincinnati Masters;Hard;M;Taylor Fritz;Andrey Rublev;13.0;8.0;R16;3;6-7(4) 6-2 7-5;2022-08-15
20220815;Cincinnati Masters;Hard;M;Daniil Medvedev;Denis Shapovalov;1.0;21.0;R16;3;7-5 7-5;2022-08-15
20220815;Cincinnati Masters;Hard;M;Daniil Medvedev;Taylor Fritz;1.0;13.0;QF;3;7-6(1) 6-3;2022-08-15
20220815;Cincinnati Masters;Hard;M;Stefanos Tsitsipas;Daniil Medvedev;7.0;1.0;SF;3;7-6(6) 3-6 6-3;2022-08-15
20220815;Cincinnati Masters;Hard;M;Carlos Alcaraz;Marin Cilic;4.0;17.0;R16;3;7-6(4) 6-1;2022-08-15
20220815;Cincinnati Masters;Hard;M;Felix Auger Aliassime;Jannik Sinner;9.0;12.0;R16;3;2-6 7-6(1) 6-1;2022-08-15
20220815;Cincinnati Masters;Hard;M;Cameron Norrie;Carlos Alcaraz;11.0;4.0;QF;3;7-6(4) 6-7(4) 6-4;2022-08-15
20220815;Cincinnati Masters;Hard;M;Denis Shapovalov;Tommy Paul;21.0;31.0;R32;3;3-6 6-4 6-3;2022-08-15
20220815;Cincinnati Masters;Hard;M;Roberto Bautista Agut;Marcos Giron;19.0;54.0;R32;3;6-3 6-3;2022-08-15
20220815;Cincinnati Masters;Hard;M;Daniil Medvedev;Botic Van De Zandschulp;1.0;24.0;R32;3;6-4 7-5;2022-08-15
20220815;Cincinnati Masters;Hard;M;Felix Auger Aliassime;Alex De Minaur;9.0;20.0;R32;3;6-3 6-2;2022-08-15
20220815;Cincinnati Masters;Hard;M;Carlos Alcaraz;Mackenzie Mcdonald;4.0;72.0;R32;3;6-3 6-2;2022-08-15
20220815;Cincinnati Masters;Hard;M;Ben Shelton;Casper Ruud;229.0;5.0;R32;3;6-3 6-3;2022-08-15
20220815;Cincinnati Masters;Hard;M;Sebastian Korda;Frances Tiafoe;52.0;25.0;R32;3;4-6 6-1 6-4;2022-08-15
20220815;Cincinnati Masters;Hard;M;Taylor Fritz;Nick Kyrgios;13.0;28.0;R32;3;6-3 6-2;2022-08-15
20220822;Winston-Salem;Hard;A;Lorenzo Sonego;Alejandro Tabilo;63.0;72.0;R32;3;7-5 6-1;2022-08-22
20220822;Winston-Salem;Hard;A;Adrian Mannarino;Laslo Djere;65.0;89.0;F;3;7-6(1) 6-4;2022-08-22
20220822;Winston-Salem;Hard;A;Adrian Mannarino;Botic Van De Zandschulp;65.0;23.0;SF;3;6-0 6-4;2022-08-22
20220822;Winston-Salem;Hard;A;Botic Van De Zandschulp;Jaume Munar;23.0;57.0;R16;3;6-3 6-3;2022-08-22
20220822;Winston-Salem;Hard;A;Laslo Djere;Jason Kubler;89.0;116.0;R16;3;7-6(4) 6-7(9) 6-3;2022-08-22
20220822;Winston-Salem;Hard;A;Chun Hsin Tseng;Marton Fucsovics;85.0;96.0;R64;3;6-1 1-6 6-3;2022-08-22
20220822;Winston-Salem;Hard;A;Botic Van De Zandschulp;Benjamin Bonzi;23.0;50.0;QF;3;7-6(6) 7-6(1);2022-08-22
20220822;Winston-Salem;Hard;A;Alejandro Tabilo;Shintaro Mochizuki;72.0;368.0;R64;3;4-6 6-2 6-4;2022-08-22
20220822;Winston-Salem;Hard;A;Adrian Mannarino;Christopher Oconnell;65.0;121.0;R64;3;7-6(4) 6-7(3) 7-6(3);2022-08-22
20220822;Winston-Salem;Hard;A;Laslo Djere;David Goffin;89.0;62.0;R64;3;6-3 3-6 6-3;2022-08-22
20220822;Winston-Salem;Hard;A;Botic Van De Zandschulp;Tallon Griekspoor;23.0;46.0;R32;3;7-6(5) 6-3;2022-08-22
20220822;Winston-Salem;Hard;A;Jaume Munar;Chun Hsin Tseng;57.0;85.0;R32;3;6-3 6-4;2022-08-22
20220822;Winston-Salem;Hard;A;James Duckworth;Thanasi Kokkinakis;84.0;70.0;R64;3;4-6 6-3 7-6(5);2022-08-22
20220829;Us Open;Hard;G;Nick Kyrgios;Daniil Medvedev;25.0;1.0;R16;5;7-6(11) 3-6 6-3 6-2;2022-08-29
20220829;Us Open;Hard;G;Denis Shapovalov;Roberto Carballes Baena;21.0;80.0;R64;5;6-4 4-6 6-3 6-2;2022-08-29
20220829;Us Open;Hard;G;Frances Tiafoe;Jason Kubler;26.0;109.0;R64;5;7-6(3) 7-5 7-6(2);2022-08-29
20220829;Us Open;Hard;G;Daniil Medvedev;Yibing Wu;1.0;174.0;R32;5;6-4 6-2 6-2;2022-08-29
20220829;Us Open;Hard;G;Pablo Carreno Busta;Alex De Minaur;15.0;20.0;R32;5;6-1 6-1 3-6 7-6(5);2022-08-29
20220829;Us Open;Hard;G;Casper Ruud;Tommy Paul;7.0;34.0;R32;5;7-6(3) 6-7(5) 7-6(2) 5-7 6-0;2022-08-29
20220829;Us Open;Hard;G;Jannik Sinner;Brandon Nakashima;13.0;69.0;R32;5;3-6 6-4 6-1 6-2;2022-08-29
20220829;Us Open;Hard;G;Carlos Alcaraz;Jenson Brooksby;4.0;43.0;R32;5;6-3 6-3 6-3;2022-08-29
20220829;Us Open;Hard;G;Andrey Rublev;Denis Shapovalov;11.0;21.0;R32;5;6-4 2-6 6-7(3) 6-4 7-6(7);2022-08-29
20220829;Us Open;Hard;G;Karen Khachanov;Pablo Carreno Busta;31.0;15.0;R16;5;4-6 6-3 6-1 4-6 6-3;2022-08-29
20220829;Us Open;Hard;G;Carlos Alcaraz;Frances Tiafoe;4.0;26.0;SF;5;6-7(6) 6-3 6-1 6-7(5) 6-3;2022-08-29
20220829;Us Open;Hard;G;Casper Ruud;Corentin Moutet;7.0;112.0;R16;5;6-1 6-2 6-7(4) 6-2;2022-08-29
20220829;Us Open;Hard;G;Carlos Alcaraz;Marin Cilic;4.0;17.0;R16;5;6-4 3-6 6-4 4-6 6-3;2022-08-29
20220829;Us Open;Hard;G;Andrey Rublev;Cameron Norrie;11.0;9.0;R16;5;6-4 6-4 6-4;2022-08-29
20220829;Us Open;Hard;G;Karen Khachanov;Nick Kyrgios;31.0;25.0;QF;5;7-5 4-6 7-5 6-7(3) 6-4;2022-08-29
20220829;Us Open;Hard;G;Casper Ruud;Matteo Berrettini;7.0;14.0;QF;5;6-1 6-4 7-6(4);2022-08-29
20220829;Us Open;Hard;G;Carlos Alcaraz;Jannik Sinner;4.0;13.0;QF;5;6-3 6-7(7) 6-7(0) 7-5 6-3;2022-08-29
20220829;Us Open;Hard;G;Frances Tiafoe;Andrey Rublev;26.0;11.0;QF;5;7-6(3) 7-6(0) 6-4;2022-08-29
20220829;Us Open;Hard;G;Casper Ruud;Karen Khachanov;7.0;31.0;SF;5;7-6(5) 6-2 5-7 6-2;2022-08-29
20220829;Us Open;Hard;G;Carlos Alcaraz;Casper Ruud;4.0;7.0;F;5;6-4 2-6 7-6(1) 6-3;2022-08-29
20220829;Us Open;Hard;G;Brandon Nakashima;Grigor Dimitrov;69.0;19.0;R64;5;7-6(5) 7-5 6-3;2022-08-29
20220829;Us Open;Hard;G;Matteo Berrettini;Alejandro Davidovich Fokina;14.0;39.0;R16;5;3-6 7-6(2) 6-3 4-6 6-2;2022-08-29
20220829;Us Open;Hard;G;Tommy Paul;Sebastian Korda;34.0;52.0;R64;5;6-0 3-6 4-6 6-3 6-4;2022-08-29
20220829;Us Open;Hard;G;Cameron Norrie;Holger Rune;9.0;33.0;R32;5;7-5 6-4 6-1;2022-08-29
20220829;Us Open;Hard;G;Matteo Berrettini;Hugo Grenier;14.0;119.0;R64;5;2-6 6-1 7-6(4) 7-6(7);2022-08-29
20220829;Us Open;Hard;G;Nick Kyrgios;Thanasi Kokkinakis;25.0;70.0;R128;5;6-3 6-4 7-6(4);2022-08-29
20220829;Us Open;Hard;G;Yibing Wu;Nikoloz Basilashvili;174.0;35.0;R128;5;6-3 6-4 6-0;2022-08-29
20220829;Us Open;Hard;G;Nuno Borges;Ben Shelton;104.0;165.0;R128;5;7-6(6) 3-6 7-6(5) 6-7(8) 6-3;2022-08-29
20220829;Us Open;Hard;G;Arthur Rinderknech;Quentin Halys;58.0;76.0;R128;5;4-6 7-6(4) 6-3 6-2;2022-08-29
20220829;Us Open;Hard;G;Alejandro Tabilo;Kamil Majchrzak;71.0;90.0;R128;5;6-1 6-4 6-7(3) 6-1;2022-08-29
20220829;Us Open;Hard;G;Alexander Bublik;Hugo Gaston;47.0;72.0;R128;5;6-4 6-4 6-4;2022-08-29
20220829;Us Open;Hard;G;Cristian Garin;Jiri Lehecka;82.0;61.0;R128;5;3-6 7-6(3) 7-5 6-1;2022-08-29
20220829;Us Open;Hard;G;Jordan Thompson;Lorenzo Sonego;102.0;63.0;R128;5;2-6 1-6 6-2 6-4 6-4;2022-08-29
20220829;Us Open;Hard;G;Alejandro Davidovich Fokina;Yoshihito Nishioka;39.0;55.0;R128;5;6-3 7-5 6-3;2022-08-29
20220829;Us Open;Hard;G;Hugo Grenier;Tomas Martin Etcheverry;119.0;86.0;R128;5;4-6 6-2 6-3 6-4;2022-08-29
20220829;Us Open;Hard;G;Matteo Berrettini;Nicolas Jarry;14.0;123.0;R128;5;6-2 6-3 6-3;2022-08-29
20220829;Us Open;Hard;G;Benjamin Bonzi;Ugo Humbert;50.0;138.0;R128;5;7-6(1) 6-1 5-7 3-6 6-2;2022-08-29
20220829;Us Open;Hard;G;Lorenzo Musetti;David Goffin;30.0;62.0;R128;5;3-6 7-5 6-4 3-6 7-6(9);2022-08-29
20220829;Us Open;Hard;G;Botic Van De Zandschulp;Tomas Machac;22.0;126.0;R128;5;3-6 7-6(3) 6-1 3-6 7-5;2022-08-29
20220829;Us Open;Hard;G;James Duckworth;Christopher Oconnell;83.0;118.0;R128;5;4-6 7-6(0) 6-2 6-3;2022-08-29
20220829;Us Open;Hard;G;Alejandro Davidovich Fokina;Marton Fucsovics;39.0;98.0;R64;5;7-6(3) 5-7 3-6 6-0 7-6(3);2022-08-29
20220829;Us Open;Hard;G;Jack Draper;Felix Auger Aliassime;53.0;8.0;R64;5;6-4 6-4 6-4;2022-08-29
20220829;Us Open;Hard;G;Alex De Minaur;Cristian Garin;20.0;82.0;R64;5;6-3 6-0 4-6 6-2;2022-08-29
20220829;Us Open;Hard;G;Pablo Carreno Busta;Alexander Bublik;15.0;47.0;R64;5;4-6 6-4 6-3 7-6(5);2022-08-29
20220829;Us Open;Hard;G;Jannik Sinner;Daniel Altmaier;13.0;93.0;R128;5;5-7 6-2 6-1 3-6 6-1;2022-08-29
20220829;Us Open;Hard;G;Yibing Wu;Nuno Borges;174.0;104.0;R64;5;6-7(3) 7-6(4) 4-6 6-4 6-4;2022-08-29
20220829;Us Open;Hard;G;Nick Kyrgios;Benjamin Bonzi;25.0;50.0;R64;5;7-6(3) 6-4 4-6 6-4;2022-08-29
20220829;Us Open;Hard;G;Miomir Kecmanovic;Learner Tien;36.0;1042.0;R128;5;3-6 6-1 6-3 6-3;2022-08-29
20220829;Us Open;Hard;G;Frances Tiafoe;Marcos Giron;26.0;56.0;R128;5;7-6(0) 6-4 6-3;2022-08-29
20220829;Us Open;Hard;G;Alexei Popyrin;Chun Hsin Tseng;84.0;89.0;R128;5;6-3 7-6(5) 7-6(3);2022-08-29
20220829;Us Open;Hard;G;Andrey Rublev;Laslo Djere;11.0;64.0;R128;5;7-6(5) 6-3 3-6 4-6 6-4;2022-08-29
20220829;Us Open;Hard;G;Roberto Carballes Baena;Jaume Munar;80.0;57.0;R128;5;6-1 6-3 4-6 6-2;2022-08-29
20220829;Us Open;Hard;G;Daniil Medvedev;Arthur Rinderknech;1.0;58.0;R64;5;6-2 7-5 6-3;2022-08-29
20220829;Us Open;Hard;G;Corentin Moutet;Botic Van De Zandschulp;112.0;22.0;R64;5;6-4 1-6 6-2 6-4;2022-08-29
20220913;Davis Cup Finals RR: AUS vs BEL;Hard;D;Jason Kubler;Zizou Bergs;97.0;134.0;RR;3;6-4 1-6 6-3;2022-09-13
20220913;Davis Cup Finals RR: AUS vs BEL;Hard;D;Alex De Minaur;David Goffin;22.0;62.0;RR;3;6-2 6-2;2022-09-13
20220913;Davis Cup Finals RR: KAZ vs NED;Hard;D;Botic Van De Zandschulp;Alexander Bublik;35.0;44.0;RR;3;3-6 6-1 6-4;2022-09-13
20220913;Davis Cup Finals RR: ARG vs SWE;Hard;D;Elias Ymer;Sebastian Baez;119.0;37.0;RR;3;6-4 3-6 7-6(4);2022-09-13
20220914;Davis Cup Finals RR: USA vs GBR;Hard;D;Cameron Norrie;Taylor Fritz;8.0;12.0;RR;3;2-6 7-6(2) 7-5;2022-09-14
20220914;Davis Cup Finals RR: FRA vs GER;Hard;D;Jan Lennard Struff;Benjamin Bonzi;132.0;53.0;RR;3;6-4 2-6 7-5;2022-09-14
20220914;Davis Cup Finals RR: ESP vs SRB;Hard;D;Roberto Bautista Agut;Miomir Kecmanovic;21.0;33.0;RR;3;7-6(5) 7-6(5);2022-09-14
20220915;Davis Cup Finals RR: FRA vs AUS;Hard;D;Alex De Minaur;Benjamin Bonzi;22.0;53.0;RR;3;6-3 1-6 6-4;2022-09-15
20220915;Davis Cup Finals RR: USA vs KAZ;Hard;D;Taylor Fritz;Alexander Bublik;12.0;44.0;RR;3;7-6(6) 1-6 6-3;2022-09-15
20220916;Davis Cup Finals RR: GBR vs NED;Hard;D;Botic Van De Zandschulp;Cameron Norrie;35.0;8.0;RR;3;6-4 6-2;2022-09-16
20220916;Davis Cup Finals RR: GER vs BEL;Hard;D;Jan Lennard Struff;Zizou Bergs;132.0;134.0;RR;3;6-4 7-6(9);2022-09-16
20220916;Davis Cup Finals RR: ITA vs ARG;Hard;D;Matteo Berrettini;Sebastian Baez;15.0;37.0;RR;3;6-2 6-3;2022-09-16
20220916;Davis Cup WG2 R1: LBN vs MON;Hard;D;Hady Habib;Valentin Vacherot;368.0;262.0;RR;3;1-6 6-4 6-3;2022-09-16
20220916;Davis Cup WG2 R1: LBN vs MON;Hard;D;Valentin Vacherot;Benjamin Hassan;262.0;285.0;RR;3;6-3 7-6(3);2022-09-16
20220916;Davis Cup Finals RR: ESP vs CAN;Hard;D;Felix Auger Aliassime;Carlos Alcaraz;13.0;1.0;RR;3;6-7(3) 6-4 6-2;2022-09-16
20220916;Davis Cup Finals RR: ITA vs ARG;Hard;D;Jannik Sinner;Francisco Cerundolo;11.0;27.0;RR;3;7-5 1-6 6-3;2022-09-16
20220917;Davis Cup Finals RR: SRB vs CAN;Hard;D;Felix Auger Aliassime;Miomir Kecmanovic;13.0;33.0;RR;3;6-3 6-4;2022-09-17
20220917;Davis Cup Finals RR: SRB vs CAN;Hard;D;Laslo Djere;Gabriel Diallo;66.0;334.0;RR;3;6-2 6-2;2022-09-17
20220917;Davis Cup Finals RR: FRA vs BEL;Hard;D;David Goffin;Benjamin Bonzi;62.0;53.0;RR;3;6-3 5-7 6-3;2022-09-17
20220917;Davis Cup Finals RR: USA vs NED;Hard;D;Botic Van De Zandschulp;Taylor Fritz;35.0;12.0;RR;3;6-4 7-6(3);2022-09-17
20220917;Davis Cup WG2 R1: TPE vs HKG;Hard;D;Tung Lin Wu;Coleman Wong;185.0;1032.0;RR;3;6-1 6-2;2022-09-17
20220917;Davis Cup Finals RR: USA vs NED;Hard;D;Tallon Griekspoor;Tommy Paul;48.0;29.0;RR;3;7-5 7-6(3);2022-09-17
20220918;Davis Cup Finals RR: ITA vs SWE;Hard;D;Matteo Berrettini;Elias Ymer;15.0;119.0;RR;3;6-4 6-4;2022-09-18
20220918;Davis Cup Finals RR: GBR vs KAZ;Hard;D;Alexander Bublik;Cameron Norrie;44.0;8.0;RR;3;6-4 6-3;2022-09-18
20220919;San Diego;Hard;A;Brandon Nakashima;Christopher Oconnell;69.0;130.0;SF;3;6-4 7-6(3);2022-09-19
20220919;San Diego;Hard;A;Brandon Nakashima;Marcos Giron;69.0;58.0;F;3;6-4 6-4;2022-09-19
20220919;Metz;Hard;A;Alexander Bublik;Holger Rune;44.0;31.0;QF;3;6-3 5-7 6-4;2022-09-19
20220919;Metz;Hard;A;Lorenzo Sonego;Hubert Hurkacz;65.0;10.0;SF;3;7-6(5) 6-4;2022-09-19
20220919;San Diego;Hard;A;Christopher Oconnell;Jenson Brooksby;130.0;50.0;QF;3;6-4 4-6 7-5;2022-09-19
20220919;San Diego;Hard;A;Marcos Giron;Tomas Martin Etcheverry;58.0;89.0;R16;3;6-4 6-3;2022-09-19
20220919;San Diego;Hard;A;Jenson Brooksby;Mackenzie Mcdonald;50.0;84.0;R16;3;6-4 3-6 6-2;2022-09-19
20220919;San Diego;Hard;A;James Duckworth;Alexei Popyrin;83.0;90.0;R32;3;7-5 4-6 6-1;2022-09-19
20220919;San Diego;Hard;A;Brandon Nakashima;Zachary Svajda;69.0;411.0;R32;3;7-5 7-6(5);2022-09-19
20220919;Metz;Hard;A;Arthur Rinderknech;Jaume Munar;60.0;56.0;R32;3;6-2 2-6 7-5;2022-09-19
20220919;Metz;Hard;A;Sebastian Korda;Hugo Gaston;49.0;79.0;R32;3;6-3 7-6(2);2022-09-19
20220919;Metz;Hard;A;Benjamin Bonzi;Ugo Humbert;61.0;110.0;R32;3;6-2 2-6 6-1;2022-09-19
20220919;Metz;Hard;A;Arthur Rinderknech;Nikoloz Basilashvili;60.0;36.0;R16;3;7-6(11) 6-3;2022-09-19
20220919;Metz;Hard;A;Sebastian Korda;Lorenzo Musetti;49.0;30.0;R16;3;6-3 7-6(6);2022-09-19
20220919;Metz;Hard;A;Stan Wawrinka;Daniil Medvedev;284.0;4.0;R16;3;6-4 6-7(7) 6-3;2022-09-19
20220919;Metz;Hard;A;Lorenzo Sonego;Alexander Bublik;65.0;44.0;F;3;7-6(3) 6-2;2022-09-19
20220919;Metz;Hard;A;Lorenzo Sonego;Sebastian Korda;65.0;49.0;QF;3;6-4 6-4;2022-09-19
20220919;San Diego;Hard;A;Marcos Giron;James Duckworth;58.0;83.0;QF;3;7-6(5) 6-3;2022-09-19
20220919;Metz;Hard;A;Hubert Hurkacz;Arthur Rinderknech;10.0;60.0;QF;3;6-3 6-2;2022-09-19
20220923;Laver Cup;Hard;A;Matteo Berrettini;Felix Auger Aliassime;15.0;13.0;RR;3;7-6(11) 4-6 [10-7];2022-09-23
20220923;Laver Cup;Hard;A;Novak Djokovic;Frances Tiafoe;7.0;19.0;RR;3;6-1 6-3;2022-09-23
20220923;Laver Cup;Hard;A;Felix Auger Aliassime;Novak Djokovic;13.0;7.0;RR;3;6-3 7-6(3);2022-09-23
20220923;Laver Cup;Hard;A;Taylor Fritz;Cameron Norrie;12.0;8.0;RR;3;6-1 4-6 [10-8];2022-09-23
20220923;Laver Cup;Hard;A;Frances Tiafoe;Stefanos Tsitsipas;19.0;6.0;RR;3;1-6 7-6(11) [10-8];2022-09-23
20220926;Seoul;Hard;A;Jenson Brooksby;Tung Lin Wu;46.0;212.0;R32;3;7-6(5) 3-6 6-0;2022-09-26
20220926;Tel Aviv;Hard;A;Roman Safiullin;Hugo Grenier;104.0;97.0;R32;3;3-6 6-4 6-2;2022-09-26
20220926;Tel Aviv;Hard;A;Roman Safiullin;Tomas Martin Etcheverry;104.0;87.0;R16;3;6-1 6-4;2022-09-26
20220926;Tel Aviv;Hard;A;Roman Safiullin;Arthur Rinderknech;104.0;58.0;QF;3;6-4 6-1;2022-09-26
20220926;Tel Aviv;Hard;A;Novak Djokovic;Roman Safiullin;7.0;104.0;SF;3;6-1 7-6(3);2022-09-26
20220926;Tel Aviv;Hard;A;Novak Djokovic;Marin Cilic;7.0;16.0;F;3;6-3 6-4;2022-09-26
20220926;Sofia;Hard;A;Jan Lennard Struff;Ugo Humbert;132.0;110.0;R16;3;6-3 6-1;2022-09-26
20220926;Sofia;Hard;A;Holger Rune;Lorenzo Sonego;31.0;45.0;R16;3;6-7(1) 6-4 6-3;2022-09-26
20220926;Sofia;Hard;A;Jannik Sinner;Nuno Borges;10.0;93.0;R16;3;6-3 6-4;2022-09-26
20220926;Sofia;Hard;A;Lorenzo Musetti;Jan Lennard Struff;30.0;132.0;QF;3;7-6(3) 6-1;2022-09-26
20220926;Sofia;Hard;A;Jannik Sinner;Aleksandar Vukic;10.0;144.0;QF;3;6-2 6-3;2022-09-26
20220926;Seoul;Hard;A;Mackenzie Mcdonald;Pedro Martinez;82.0;67.0;R32;3;7-5 6-4;2022-09-26
20220926;Seoul;Hard;A;Denis Shapovalov;Jaume Munar;24.0;59.0;R16;3;7-5 6-4;2022-09-26
20220926;Seoul;Hard;A;Aleksandar Kovacevic;Chun Hsin Tseng;222.0;88.0;R16;3;7-6(5) 6-7(4) 6-2;2022-09-26
20220926;Seoul;Hard;A;Mackenzie Mcdonald;Shintaro Mochizuki;82.0;417.0;R16;3;6-3 6-4;2022-09-26
20220926;Seoul;Hard;A;Casper Ruud;Nicolas Jarry;2.0;111.0;R16;3;6-2 3-6 6-3;2022-09-26
20220926;Seoul;Hard;A;Aleksandar Kovacevic;Mackenzie Mcdonald;222.0;82.0;QF;3;4-6 6-3 6-2;2022-09-26
20220926;Seoul;Hard;A;Yoshihito Nishioka;Casper Ruud;56.0;2.0;QF;3;6-2 3-6 6-2;2022-09-26
20220926;Seoul;Hard;A;Denis Shapovalov;Jenson Brooksby;24.0;46.0;SF;3;7-5 6-4;2022-09-26
20220926;Seoul;Hard;A;Yoshihito Nishioka;Aleksandar Kovacevic;56.0;222.0;SF;3;6-3 4-6 6-3;2022-09-26
20220926;Seoul;Hard;A;Yoshihito Nishioka;Denis Shapovalov;56.0;24.0;F;3;6-4 7-6(5);2022-09-26
20220926;Seoul;Hard;A;Aleksandar Kovacevic;Miomir Kecmanovic;222.0;32.0;R32;3;6-4 6-4;2022-09-26
20221003;Astana;Hard;A;Stefanos Tsitsipas;Hubert Hurkacz;6.0;10.0;QF;3;7-6(8) 6-3;2022-10-03
20221003;Astana;Hard;A;Stefanos Tsitsipas;Andrey Rublev;6.0;9.0;SF;3;4-6 6-4 6-3;2022-10-03
20221003;Astana;Hard;A;Novak Djokovic;Stefanos Tsitsipas;7.0;6.0;F;3;6-3 6-4;2022-10-03
20221003;Astana;Hard;A;Andrey Rublev;Adrian Mannarino;9.0;51.0;QF;3;6-1 6-2;2022-10-03
20221003;Astana;Hard;A;Novak Djokovic;Karen Khachanov;7.0;18.0;QF;3;6-4 6-3;2022-10-03
20221003;Tokyo;Hard;A;Nick Kyrgios;Kamil Majchrzak;20.0;121.0;R16;3;3-6 6-2 6-2;2022-10-03
20221003;Tokyo;Hard;A;Taylor Fritz;Denis Shapovalov;11.0;22.0;SF;3;6-3 6-7(5) 6-3;2022-10-03
20221003;Tokyo;Hard;A;Frances Tiafoe;Miomir Kecmanovic;19.0;33.0;QF;3;6-0 6-4;2022-10-03
20221003;Tokyo;Hard;A;Pedro Martinez;Jaume Munar;68.0;58.0;R16;3;4-6 6-3 6-1;2022-10-03
20221003;Astana;Hard;A;Novak Djokovic;Cristian Garin;7.0;81.0;R32;3;6-1 6-1;2022-10-03
20221003;Tokyo;Hard;A;Jaume Munar;Casper Ruud;58.0;3.0;R32;3;6-3 6-3;2022-10-03
20221003;Tokyo;Hard;A;Pedro Martinez;Alexei Popyrin;68.0;93.0;R32;3;7-5 6-4;2022-10-03
20221003;Tokyo;Hard;A;Miomir Kecmanovic;Yoshihito Nishioka;33.0;41.0;R32;3;2-6 7-6(1) 6-2;2022-10-03
20221003;Tokyo;Hard;A;Nick Kyrgios;Chun Hsin Tseng;20.0;87.0;R32;3;6-3 6-1;2022-10-03
20221003;Tokyo;Hard;A;Kamil Majchrzak;Sho Shimabukuro;121.0;353.0;R32;3;7-6(2) 6-2;2022-10-03
20221003;Tokyo;Hard;A;Taylor Fritz;James Duckworth;11.0;109.0;R32;3;6-2 6-7(2) 6-1;2022-10-03
20221003;Tokyo;Hard;A;Brandon Nakashima;Shintaro Mochizuki;47.0;401.0;R32;3;6-3 6-2;2022-10-03
20221003;Tokyo;Hard;A;Taylor Fritz;Frances Tiafoe;11.0;19.0;F;3;7-6(3) 7-6(2);2022-10-03
20221003;Astana;Hard;A;Hubert Hurkacz;Francisco Cerundolo;10.0;29.0;R32;3;6-2 7-6(2);2022-10-03
20221003;Astana;Hard;A;Luca Nardi;Alexander Shevchenko;152.0;146.0;R32;3;7-6(4) 6-2;2022-10-03
20221003;Astana;Hard;A;Andrey Rublev;Laslo Djere;9.0;76.0;R32;3;6-4 6-3;2022-10-03
20221003;Astana;Hard;A;Adrian Mannarino;Stan Wawrinka;51.0;191.0;R32;3;1-6 6-2 6-3;2022-10-03
20221003;Astana;Hard;A;David Goffin;Carlos Alcaraz;66.0;1.0;R32;3;7-5 6-3;2022-10-03
20221003;Astana;Hard;A;Novak Djokovic;Botic Van De Zandschulp;7.0;34.0;R16;3;6-3 6-1;2022-10-03
20221003;Astana;Hard;A;Karen Khachanov;Marin Cilic;18.0;14.0;R16;3;2-6 6-3 6-3;2022-10-03
20221003;Astana;Hard;A;Hubert Hurkacz;Alexander Bublik;10.0;43.0;R16;3;6-4 6-4;2022-10-03
20221003;Astana;Hard;A;Stefanos Tsitsipas;Luca Nardi;6.0;152.0;R16;3;7-6(2) 7-6(3);2022-10-03
20221003;Astana;Hard;A;Andrey Rublev;Zhizhen Zhang;9.0;126.0;R16;3;6-3 6-2;2022-10-03
20221003;Astana;Hard;A;Adrian Mannarino;David Goffin;51.0;66.0;R16;3;3-6 6-1 7-5;2022-10-03
20221003;Astana;Hard;A;Daniil Medvedev;Roberto Bautista Agut;4.0;21.0;QF;3;6-1 6-1;2022-10-03
20221003;Astana;Hard;A;Alexander Bublik;Tallon Griekspoor;43.0;54.0;R32;3;6-0 4-6 6-3;2022-10-03
20221003;Astana;Hard;A;Roberto Bautista Agut;Felix Auger Aliassime;21.0;13.0;R32;3;6-4 7-6(6);2022-10-03
20221010;Florence;Hard;A;Alexander Bublik;Corentin Moutet;43.0;69.0;R16;3;7-5 6-4;2022-10-10
20221010;Florence;Hard;A;Felix Auger Aliassime;Lorenzo Musetti;13.0;28.0;SF;3;6-2 6-3;2022-10-10
20221010;Gijon;Hard;A;Arthur Rinderknech;Carlos Taberner;56.0;130.0;R32;3;6-3 6-3;2022-10-10
20221010;Gijon;Hard;A;Tommy Paul;Martin Landaluce;30.0;;R32;3;6-3 6-0;2022-10-10
20221010;Gijon;Hard;A;Sebastian Korda;Jaume Munar;47.0;57.0;R32;3;6-4 6-1;2022-10-10
20221010;Gijon;Hard;A;Sebastian Korda;Roberto Bautista Agut;47.0;22.0;R16;3;5-7 6-4 6-4;2022-10-10
20221010;Gijon;Hard;A;Arthur Rinderknech;Pablo Carreno Busta;56.0;15.0;QF;3;4-6 6-3 7-6(16);2022-10-10
20221010;Gijon;Hard;A;Andrey Rublev;Tommy Paul;9.0;30.0;QF;3;7-5 6-3;2022-10-10
20221010;Gijon;Hard;A;Sebastian Korda;Arthur Rinderknech;47.0;56.0;SF;3;7-6(2) 6-3;2022-10-10
20221010;Florence;Hard;A;Felix Auger Aliassime;Brandon Nakashima;13.0;46.0;QF;3;6-3 6-4;2022-10-10
20221010;Florence;Hard;A;Corentin Moutet;Flavio Cobolli;69.0;164.0;R32;3;4-6 7-5 6-4;2022-10-10
20221010;Florence;Hard;A;Alexander Bublik;Cristian Garin;43.0;81.0;R32;3;7-5 6-2;2022-10-10
20221010;Florence;Hard;A;Mackenzie Mcdonald;Jenson Brooksby;79.0;42.0;R32;3;6-4 4-6 6-1;2022-10-10
20221010;Florence;Hard;A;Roberto Carballes Baena;Matteo Berrettini;80.0;16.0;R16;3;5-7 7-6(5) 7-5;2022-10-10
20221010;Florence;Hard;A;Lorenzo Musetti;Mackenzie Mcdonald;28.0;79.0;QF;3;6-3 6-2;2022-10-10
20221010;Gijon;Hard;A;Andrey Rublev;Sebastian Korda;9.0;47.0;F;3;6-2 6-3;2022-10-10
20221017;Antwerp;Hard;A;Hubert Hurkacz;Jack Draper;11.0;48.0;R16;3;7-6(5) 6-7(5) 6-1;2022-10-17
20221017;Stockholm;Hard;A;Holger Rune;Stefanos Tsitsipas;27.0;5.0;F;3;6-4 6-4;2022-10-17
20221017;Antwerp;Hard;A;Sebastian Korda;Karen Khachanov;36.0;18.0;R16;3;7-5 7-6(9);2022-10-17
20221017;Antwerp;Hard;A;Sebastian Korda;Yoshihito Nishioka;36.0;39.0;QF;3;6-0 6-2;2022-10-17
20221017;Antwerp;Hard;A;Felix Auger Aliassime;Sebastian Korda;10.0;36.0;F;3;6-3 6-4;2022-10-17
20221017;Stockholm;Hard;A;Cristian Garin;Jason Kubler;89.0;102.0;R32;3;6-2 6-4;2022-10-17
20221017;Stockholm;Hard;A;Alex De Minaur;Benjamin Bonzi;23.0;63.0;R32;3;6-3 6-1;2022-10-17
20221017;Stockholm;Hard;A;Jiri Lehecka;Grigor Dimitrov;77.0;32.0;R32;3;6-4 1-6 7-6(5);2022-10-17
20221017;Stockholm;Hard;A;Holger Rune;Cristian Garin;27.0;89.0;R16;3;7-6(2) 6-1;2022-10-17
20221017;Stockholm;Hard;A;Frances Tiafoe;Elias Ymer;17.0;129.0;R16;3;3-6 7-6(4) 7-6(2);2022-10-17
20221017;Stockholm;Hard;A;Holger Rune;Cameron Norrie;27.0;14.0;QF;3;6-7(4) 6-3 6-3;2022-10-17
20221017;Stockholm;Hard;A;Alex De Minaur;Denis Shapovalov;23.0;20.0;QF;3;6-2 7-6(4);2022-10-17
20221017;Stockholm;Hard;A;Holger Rune;Alex De Minaur;27.0;23.0;SF;3;4-6 7-6(1) 7-5;2022-10-17
20221017;Antwerp;Hard;A;Sebastian Korda;Marcos Giron;36.0;60.0;R32;3;6-3 6-7(0) 6-4;2022-10-17
20221017;Antwerp;Hard;A;Yoshihito Nishioka;Jaume Munar;39.0;55.0;R16;3;6-1 7-6(3);2022-10-17
20221017;Naples;Hard;A;Roberto Carballes Baena;Nicolas Jarry;76.0;118.0;R32;3;6-4 6-4;2022-10-17
20221017;Naples;Hard;A;Sebastian Baez;Lorenzo Sonego;37.0;50.0;R32;3;7-5 7-6(3);2022-10-17
20221017;Naples;Hard;A;Miomir Kecmanovic;Flavio Cobolli;30.0;167.0;R32;3;6-1 6-2;2022-10-17
20221017;Naples;Hard;A;Corentin Moutet;Luca Nardi;65.0;130.0;R32;3;6-7(7) 7-6(3) 6-2;2022-10-17
20221017;Naples;Hard;A;Matteo Berrettini;Roberto Carballes Baena;16.0;76.0;R16;3;6-4 6-2;2022-10-17
20221017;Naples;Hard;A;Mackenzie Mcdonald;Roberto Bautista Agut;74.0;22.0;R16;3;6-4 6-4;2022-10-17
20221017;Naples;Hard;A;Zhizhen Zhang;Sebastian Baez;109.0;37.0;R16;3;7-6(5) 7-6(11);2022-10-17
20221017;Naples;Hard;A;Lorenzo Musetti;Laslo Djere;24.0;78.0;R16;3;7-5 6-3;2022-10-17
20221017;Naples;Hard;A;Mackenzie Mcdonald;Zhizhen Zhang;74.0;109.0;QF;3;4-6 6-3 6-2;2022-10-17
20221017;Naples;Hard;A;Miomir Kecmanovic;Pablo Carreno Busta;30.0;15.0;QF;3;7-5 6-2;2022-10-17
20221017;Naples;Hard;A;Matteo Berrettini;Mackenzie Mcdonald;16.0;74.0;SF;3;3-6 7-6(2) 6-3;2022-10-17
20221017;Naples;Hard;A;Lorenzo Musetti;Miomir Kecmanovic;24.0;30.0;SF;3;6-3 6-4;2022-10-17
20221017;Naples;Hard;A;Lorenzo Musetti;Matteo Berrettini;24.0;16.0;F;3;7-6(5) 6-2;2022-10-17
20221017;Naples;Hard;A;Zhizhen Zhang;Marton Fucsovics;109.0;91.0;R32;3;6-4 7-6(8);2022-10-17
20221017;Antwerp;Hard;A;Jack Draper;Jenson Brooksby;48.0;41.0;R32;3;6-1 6-2;2022-10-17
20221024;Basel;Hard;A;Felix Auger Aliassime;Carlos Alcaraz;9.0;1.0;SF;3;6-3 6-2;2022-10-24
20221024;Vienna;Hard;A;Hubert Hurkacz;Frances Tiafoe;11.0;17.0;R32;3;7-6(9) 3-6 6-3;2022-10-24
20221024;Basel;Hard;A;Felix Auger Aliassime;Holger Rune;9.0;25.0;F;3;6-3 7-5;2022-10-24
20221024;Vienna;Hard;A;Taylor Fritz;Yoshihito Nishioka;10.0;37.0;R32;3;6-7(4) 7-6(7) 6-3;2022-10-24
20221024;Vienna;Hard;A;Jannik Sinner;Cristian Garin;12.0;86.0;R32;3;6-3 6-2;2022-10-24
20221024;Basel;Hard;A;Holger Rune;Roberto Bautista Agut;25.0;22.0;SF;3;7-6(1) 7-6(6);2022-10-24
20221024;Basel;Hard;A;Carlos Alcaraz;Pablo Carreno Busta;1.0;15.0;QF;3;6-3 6-4;2022-10-24
20221024;Basel;Hard;A;Felix Auger Aliassime;Alexander Bublik;9.0;38.0;QF;3;6-2 6-3;2022-10-24
20221024;Basel;Hard;A;Holger Rune;Arthur Rinderknech;25.0;51.0;QF;3;7-6(0) 6-2;2022-10-24
20221024;Basel;Hard;A;Roberto Bautista Agut;Stan Wawrinka;22.0;194.0;QF;3;7-5 7-6(5);2022-10-24
20221024;Basel;Hard;A;Carlos Alcaraz;Botic Van De Zandschulp;1.0;35.0;R16;3;6-4 6-2;2022-10-24
20221024;Basel;Hard;A;Felix Auger Aliassime;Miomir Kecmanovic;9.0;28.0;R16;3;6-1 6-0;2022-10-24
20221024;Basel;Hard;A;Holger Rune;Ugo Humbert;25.0;103.0;R16;3;6-4 6-2;2022-10-24
20221024;Basel;Hard;A;Stan Wawrinka;Brandon Nakashima;194.0;44.0;R16;3;6-4 5-7 6-4;2022-10-24
20221024;Basel;Hard;A;Carlos Alcaraz;Jack Draper;1.0;45.0;R32;3;3-6 6-2 7-5;2022-10-24
20221024;Basel;Hard;A;Botic Van De Zandschulp;Adrian Mannarino;35.0;42.0;R32;3;6-4 4-6 6-4;2022-10-24
20221024;Basel;Hard;A;Pablo Carreno Busta;Sebastian Baez;15.0;39.0;R32;3;6-2 6-1;2022-10-24
20221024;Basel;Hard;A;Miomir Kecmanovic;Alejandro Davidovich Fokina;28.0;31.0;R32;3;6-7(5) 6-2 6-1;2022-10-24
20221024;Basel;Hard;A;Holger Rune;Alex De Minaur;25.0;24.0;R32;3;6-2 7-5;2022-10-24
20221024;Basel;Hard;A;Ugo Humbert;Jenson Brooksby;103.0;50.0;R32;3;6-1 6-4;2022-10-24
20221024;Basel;Hard;A;Arthur Rinderknech;Marin Cilic;51.0;16.0;R32;3;6-4 3-6 7-6(5);2022-10-24
20221024;Basel;Hard;A;Roberto Bautista Agut;Laslo Djere;22.0;75.0;R32;3;6-4 6-1;2022-10-24
20221024;Basel;Hard;A;Brandon Nakashima;David Goffin;44.0;53.0;R32;3;2-6 7-6(4) 6-4;2022-10-24
20221024;Basel;Hard;A;Stan Wawrinka;Casper Ruud;194.0;3.0;R32;3;6-4 6-4;2022-10-24
20221024;Vienna;Hard;A;Daniil Medvedev;Denis Shapovalov;4.0;19.0;F;3;4-6 6-3 6-2;2022-10-24
20221024;Vienna;Hard;A;Daniil Medvedev;Grigor Dimitrov;4.0;32.0;SF;3;6-4 6-2;2022-10-24
20221024;Vienna;Hard;A;Daniil Medvedev;Jannik Sinner;4.0;12.0;QF;3;6-4 6-2;2022-10-24
20221024;Vienna;Hard;A;Grigor Dimitrov;Marcos Giron;32.0;58.0;QF;3;6-3 4-6 6-4;2022-10-24
20221024;Vienna;Hard;A;Jannik Sinner;Francisco Cerundolo;12.0;29.0;R16;3;7-5 6-3;2022-10-24
20221024;Vienna;Hard;A;Grigor Dimitrov;Andrey Rublev;32.0;8.0;R16;3;6-3 6-4;2022-10-24
20221024;Vienna;Hard;A;Marcos Giron;Cameron Norrie;58.0;13.0;R16;3;6-3 6-4;2022-10-24
20221024;Vienna;Hard;A;Denis Shapovalov;Taylor Fritz;19.0;10.0;R16;3;6-1 4-6 6-3;2022-10-24
20221024;Vienna;Hard;A;Daniil Medvedev;Nikoloz Basilashvili;4.0;94.0;R32;3;6-2 6-2;2022-10-24
20221024;Vienna;Hard;A;Francisco Cerundolo;Filip Misolic;29.0;150.0;R32;3;6-3 6-3;2022-10-24
20221024;Vienna;Hard;A;Marcos Giron;Tallon Griekspoor;58.0;71.0;R32;3;6-4 6-2;2022-10-24
20221031;Paris Masters;Hard;M;Tommy Paul;Roberto Bautista Agut;31.0;20.0;R64;3;6-4 6-4;2022-10-31
20221031;Paris Masters;Hard;M;Felix Auger Aliassime;Frances Tiafoe;8.0;21.0;QF;3;6-1 6-4;2022-10-31
20221031;Paris Masters;Hard;M;Cameron Norrie;Miomir Kecmanovic;13.0;29.0;R64;3;6-2 6-4;2022-10-31
20221031;Paris Masters;Hard;M;Holger Rune;Stan Wawrinka;18.0;153.0;R64;3;4-6 7-5 7-6(3);2022-10-31
20221031;Paris Masters;Hard;M;Hubert Hurkacz;Adrian Mannarino;10.0;43.0;R64;3;7-6(5) 6-4;2022-10-31
20221031;Paris Masters;Hard;M;Grigor Dimitrov;Botic Van De Zandschulp;28.0;35.0;R64;3;7-6(5) 7-6(5);2022-10-31
20221031;Paris Masters;Hard;M;Pablo Carreno Busta;Denis Shapovalov;14.0;16.0;R32;3;7-6(2) 2-6 6-4;2022-10-31
20221031;Paris Masters;Hard;M;Corentin Moutet;Cameron Norrie;64.0;13.0;R32;3;6-3 5-7 7-6(3);2022-10-31
20221031;Paris Masters;Hard;M;Lorenzo Musetti;Nikoloz Basilashvili;23.0;106.0;R32;3;6-4 6-2;2022-10-31
20221031;Paris Masters;Hard;M;Frances Tiafoe;Jack Draper;21.0;45.0;R32;3;6-3 7-5;2022-10-31
20221031;Paris Masters;Hard;M;Alex De Minaur;Daniil Medvedev;25.0;3.0;R32;3;6-4 2-6 7-5;2022-10-31
20221031;Paris Masters;Hard;M;Holger Rune;Hubert Hurkacz;18.0;10.0;R32;3;7-5 6-1;2022-10-31
20221031;Paris Masters;Hard;M;Carlos Alcaraz;Yoshihito Nishioka;1.0;38.0;R32;3;6-4 6-4;2022-10-31
20221031;Paris Masters;Hard;M;Alex De Minaur;Sebastian Korda;25.0;33.0;R64;3;6-4 4-6 6-4;2022-10-31
20221031;Paris Masters;Hard;M;Tommy Paul;Pablo Carreno Busta;31.0;14.0;R16;3;6-4 6-4;2022-10-31
20221031;Paris Masters;Hard;M;Lorenzo Musetti;Casper Ruud;23.0;4.0;R16;3;4-6 6-4 6-4;2022-10-31
20221031;Paris Masters;Hard;M;Denis Shapovalov;Francisco Cerundolo;16.0;30.0;R64;3;6-7(2) 6-3 6-4;2022-10-31
20221031;Paris Masters;Hard;M;Frances Tiafoe;Alex De Minaur;21.0;25.0;R16;3;6-3 7-6(5);2022-10-31
20221031;Paris Masters;Hard;M;Holger Rune;Andrey Rublev;18.0;9.0;R16;3;6-4 7-5;2022-10-31
20221031;Paris Masters;Hard;M;Carlos Alcaraz;Grigor Dimitrov;1.0;28.0;R16;3;6-1 6-3;2022-10-31
20221031;Paris Masters;Hard;M;Stefanos Tsitsipas;Tommy Paul;5.0;31.0;QF;3;6-2 6-4;2022-10-31
20221031;Paris Masters;Hard;M;Novak Djokovic;Lorenzo Musetti;7.0;23.0;QF;3;6-0 6-3;2022-10-31
20221031;Paris Masters;Hard;M;Novak Djokovic;Stefanos Tsitsipas;7.0;5.0;SF;3;6-2 3-6 7-6(4);2022-10-31
20221031;Paris Masters;Hard;M;Holger Rune;Felix Auger Aliassime;18.0;8.0;SF;3;6-4 6-2;2022-10-31
20221031;Paris Masters;Hard;M;Holger Rune;Novak Djokovic;18.0;7.0;F;3;3-6 6-3 7-5;2022-10-31
20221031;Paris Masters;Hard;M;Stefanos Tsitsipas;Corentin Moutet;5.0;64.0;R16;3;6-3 7-6(3);2022-10-31
20221031;Paris Masters;Hard;M;Jack Draper;Arthur Rinderknech;45.0;42.0;R64;3;6-3 6-4;2022-10-31
20221031;Paris Masters;Hard;M;Novak Djokovic;Karen Khachanov;7.0;19.0;R16;3;6-4 6-1;2022-10-31
20221031;Paris Masters;Hard;M;Taylor Fritz;Alejandro Davidovich Fokina;11.0;32.0;R64;3;7-5 6-2;2022-10-31
20221031;Paris Masters;Hard;M;Karen Khachanov;Sebastian Baez;19.0;40.0;R64;3;6-1 6-1;2022-10-31
20221031;Paris Masters;Hard;M;Lorenzo Musetti;Marin Cilic;23.0;17.0;R64;3;6-4 6-4;2022-10-31
20221031;Paris Masters;Hard;M;Nikoloz Basilashvili;Quentin Halys;106.0;69.0;R64;3;6-3 6-4;2022-10-31
20221031;Paris Masters;Hard;M;Frances Tiafoe;Lorenzo Sonego;21.0;51.0;R64;3;6-4 6-4;2022-10-31
20221107;NextGen Finals;Hard;A;Brandon Nakashima;Jiri Lehecka;49.0;74.0;F;5;4-3(5) 4-3(6) 4-2;2022-11-07
20221107;NextGen Finals;Hard;A;Brandon Nakashima;Jack Draper;49.0;41.0;SF;5;4-3(6) 1-4 4-2 4-3(5);2022-11-07
20221107;NextGen Finals;Hard;A;Brandon Nakashima;Matteo Arnaldi;49.0;134.0;RR;5;2-4 4-3(7) 4-3(4) 3-4(4) 4-2;2022-11-07
20221107;NextGen Finals;Hard;A;Jiri Lehecka;Matteo Arnaldi;74.0;134.0;RR;5;4-3(5) 4-1 4-3(4);2022-11-07
20221107;NextGen Finals;Hard;A;Brandon Nakashima;Jiri Lehecka;49.0;74.0;RR;5;4-1 4-3(2) 4-2;2022-11-07
20221107;NextGen Finals;Hard;A;Jack Draper;Lorenzo Musetti;41.0;23.0;RR;5;4-1 4-0 4-3(3);2022-11-07
20221107;NextGen Finals;Hard;A;Jack Draper;Chun Hsin Tseng;41.0;90.0;RR;5;1-4 4-2 4-3(2) 4-2;2022-11-07
20221107;NextGen Finals;Hard;A;Lorenzo Musetti;Chun Hsin Tseng;23.0;90.0;RR;5;4-2 4-2 4-2;2022-11-07
20221114;Tour Finals;Hard;F;Novak Djokovic;Taylor Fritz;8.0;9.0;SF;3;7-6(5) 7-6(6);2022-11-14
20221114;Tour Finals;Hard;F;Casper Ruud;Felix Auger Aliassime;4.0;6.0;RR;3;7-6(4) 6-4;2022-11-14
20221114;Tour Finals;Hard;F;Novak Djokovic;Daniil Medvedev;8.0;5.0;RR;3;6-3 6-7(5) 7-6(2);2022-11-14
20221114;Tour Finals;Hard;F;Andrey Rublev;Daniil Medvedev;7.0;5.0;RR;3;6-7(7) 6-3 7-6(7);2022-11-14
20221114;Tour Finals;Hard;F;Novak Djokovic;Stefanos Tsitsipas;8.0;3.0;RR;3;6-4 7-6(4);2022-11-14
20221114;Tour Finals;Hard;F;Andrey Rublev;Stefanos Tsitsipas;7.0;3.0;RR;3;3-6 6-3 6-2;2022-11-14
20221114;Tour Finals;Hard;F;Stefanos Tsitsipas;Daniil Medvedev;3.0;5.0;RR;3;6-3 6-7(11) 7-6(1);2022-11-14
20221114;Tour Finals;Hard;F;Taylor Fritz;Felix Auger Aliassime;9.0;6.0;RR;3;7-6(4) 6-7(5) 6-2;2022-11-14
20221114;Tour Finals;Hard;F;Casper Ruud;Taylor Fritz;4.0;9.0;RR;3;6-3 4-6 7-6(6);2022-11-14
20221114;Tour Finals;Hard;F;Novak Djokovic;Andrey Rublev;8.0;7.0;RR;3;6-4 6-1;2022-11-14
20221114;Tour Finals;Hard;F;Novak Djokovic;Casper Ruud;8.0;4.0;F;3;7-5 6-3;2022-11-14
20221114;Tour Finals;Hard;F;Casper Ruud;Andrey Rublev;4.0;7.0;SF;3;6-2 6-4;2022-11-14
20221122;Davis Cup Finals QF: AUS vs NED;Hard;D;Alex De Minaur;Botic Van De Zandschulp;24.0;35.0;RR;3;5-7 6-3 6-4;2022-11-22
20221122;Davis Cup Finals QF: AUS vs NED;Hard;D;Jordan Thompson;Tallon Griekspoor;84.0;96.0;RR;3;4-6 7-5 6-3;2022-11-22
20221123;Davis Cup Finals QF: CRO vs ESP;Hard;D;Marin Cilic;Pablo Carreno Busta;17.0;13.0;RR;3;5-7 6-3 7-6(5);2022-11-23
20221124;Davis Cup Finals QF: GER vs CAN;Hard;D;Jan Lennard Struff;Denis Shapovalov;152.0;18.0;RR;3;6-3 4-6 7-6(2);2022-11-24
20221124;Davis Cup Finals QF: ITA vs USA;Hard;D;Lorenzo Sonego;Frances Tiafoe;45.0;19.0;RR;3;6-3 7-6(7);2022-11-24
20221124;Davis Cup Finals QF: ITA vs USA;Hard;D;Taylor Fritz;Lorenzo Musetti;9.0;23.0;RR;3;7-6(8) 6-3;2022-11-24
20221125;Davis Cup Finals SF: AUS vs CRO;Hard;D;Alex De Minaur;Marin Cilic;24.0;17.0;RR;3;6-2 6-2;2022-11-25
20221126;Davis Cup Finals SF: ITA vs CAN;Hard;D;Lorenzo Sonego;Denis Shapovalov;45.0;18.0;RR;3;7-6(4) 6-7(5) 6-4;2022-11-26
20221126;Davis Cup Finals SF: ITA vs CAN;Hard;D;Felix Auger Aliassime;Lorenzo Musetti;6.0;23.0;RR;3;6-3 6-4;2022-11-26
20221127;Davis Cup Finals F: CAN vs AUS;Hard;D;Felix Auger Aliassime;Alex De Minaur;6.0;24.0;RR;3;6-3 6-4;2022-11-27
20221127;Davis Cup Finals F: CAN vs AUS;Hard;D;Denis Shapovalov;Thanasi Kokkinakis;18.0;95.0;RR;3;6-2 6-4;2022-11-27
20230102;Adelaide 1;Hard;A;Denis Shapovalov;Roman Safiullin;18.0;88.0;R16;3;6-4 6-3;2023-01-02
20230102;Adelaide 1;Hard;A;Quentin Halys;Jordan Thompson;64.0;84.0;R32;3;6-3 6-4;2023-01-02
20230102;Pune;Hard;A;Benjamin Bonzi;Chun Hsin Tseng;60.0;115.0;R32;3;6-0 6-3;2023-01-02
20230102;Adelaide 1;Hard;A;Daniil Medvedev;Miomir Kecmanovic;7.0;29.0;R16;3;6-0 6-3;2023-01-02
20230102;Adelaide 1;Hard;A;Karen Khachanov;Jack Draper;20.0;42.0;R16;3;6-4 6-2;2023-01-02
20230102;Adelaide 1;Hard;A;Jannik Sinner;Thanasi Kokkinakis;15.0;93.0;R16;3;7-6(2) 6-4;2023-01-02
20230102;Adelaide 1;Hard;A;Sebastian Korda;Roberto Bautista Agut;33.0;21.0;R16;3;6-4 6-4;2023-01-02
20230102;Adelaide 1;Hard;A;Yoshihito Nishioka;Mackenzie Mcdonald;36.0;63.0;R16;3;6-4 6-3;2023-01-02
20230102;Adelaide 1;Hard;A;Alexei Popyrin;Marcos Giron;120.0;61.0;R16;3;4-6 6-4 6-3;2023-01-02
20230102;Adelaide 1;Hard;A;Denis Shapovalov;Rinky Hijikata;18.0;164.0;R32;3;2-6 6-4 6-3;2023-01-02
20230102;Pune;Hard;A;Benjamin Bonzi;Botic Van De Zandschulp;60.0;35.0;SF;3;7-6(5) 6-7(5) 6-1;2023-01-02
20230102;Adelaide 1;Hard;A;Roberto Bautista Agut;Andrey Rublev;21.0;8.0;R32;3;4-6 6-3 6-4;2023-01-02
20230102;Adelaide 1;Hard;A;Yoshihito Nishioka;Holger Rune;36.0;11.0;R32;3;2-6 6-4 6-4;2023-01-02
20230102;Adelaide 1;Hard;A;Alexei Popyrin;Felix Auger Aliassime;120.0;6.0;R32;3;6-4 7-6(5);2023-01-02
20230102;Pune;Hard;A;Tallon Griekspoor;Benjamin Bonzi;95.0;60.0;F;3;4-6 7-5 6-3;2023-01-02
20230102;Pune;Hard;A;Marin Cilic;Roberto Carballes Baena;17.0;74.0;R16;3;6-3 3-6 6-1;2023-01-02
20230102;Pune;Hard;A;Pedro Martinez;Sebastian Baez;62.0;43.0;R16;3;3-6 6-1 6-3;2023-01-02
20230102;Pune;Hard;A;Botic Van De Zandschulp;Flavio Cobolli;35.0;171.0;R16;3;7-5 6-4;2023-01-02
20230102;Pune;Hard;A;Tallon Griekspoor;Jaume Munar;95.0;58.0;R32;3;6-4 7-5;2023-01-02
20230102;Adelaide 1;Hard;A;Novak Djokovic;Quentin Halys;5.0;64.0;R16;3;7-6(3) 7-6(5);2023-01-02
20230102;Adelaide 1;Hard;A;Miomir Kecmanovic;Christopher Oconnell;29.0;78.0;R32;3;6-4 6-4;2023-01-02
20230102;Adelaide 1;Hard;A;Yoshihito Nishioka;Alexei Popyrin;36.0;120.0;QF;3;7-6(4) 6-7(8) 6-2;2023-01-02
20230102;Adelaide 1;Hard;A;Novak Djokovic;Daniil Medvedev;5.0;7.0;SF;3;6-3 6-4;2023-01-02
20230102;Adelaide 1;Hard;A;Daniil Medvedev;Karen Khachanov;7.0;20.0;QF;3;6-3 6-3;2023-01-02
20230102;Adelaide 1;Hard;A;Sebastian Korda;Jannik Sinner;33.0;15.0;QF;3;7-5 6-1;2023-01-02
20230102;United Cup;Hard;A;Taylor Fritz;Matteo Berrettini;9.0;16.0;F;3;7-6(4) 7-6(6);2023-01-02
20230102;United Cup;Hard;A;Taylor Fritz;Hubert Hurkacz;9.0;10.0;SF;3;7-6(5) 7-6(5);2023-01-02
20230102;United Cup;Hard;A;Stefanos Tsitsipas;Matteo Berrettini;4.0;16.0;SF;3;4-6 7-6(2) 6-4;2023-01-02
20230102;United Cup;Hard;A;Matteo Berrettini;Hubert Hurkacz;16.0;10.0;RR;3;6-4 3-6 6-3;2023-01-02
20230102;United Cup;Hard;A;Stefanos Tsitsipas;David Goffin;4.0;53.0;RR;3;6-3 6-2;2023-01-02
20230102;United Cup;Hard;A;Stefanos Tsitsipas;Grigor Dimitrov;4.0;28.0;RR;3;4-6 6-2 7-6(4);2023-01-02
20230102;United Cup;Hard;A;Grigor Dimitrov;David Goffin;28.0;53.0;RR;3;6-4 7-5;2023-01-02
20230102;United Cup;Hard;A;Hubert Hurkacz;Stan Wawrinka;10.0;148.0;RR;3;7-6(5) 6-4;2023-01-02
20230102;United Cup;Hard;A;Cameron Norrie;Taylor Fritz;14.0;9.0;RR;3;6-4 5-7 6-4;2023-01-02
20230102;United Cup;Hard;A;Stan Wawrinka;Alexander Bublik;148.0;37.0;RR;3;6-3 7-6(3);2023-01-02
20230102;United Cup;Hard;A;Hubert Hurkacz;Alexander Bublik;10.0;37.0;RR;3;7-6(8) 4-6 6-3;2023-01-02
20230102;Adelaide 1;Hard;A;Novak Djokovic;Sebastian Korda;5.0;33.0;F;3;6-7(8) 7-6(3) 6-4;2023-01-02
20230102;United Cup;Hard;A;Arthur Rinderknech;Francisco Cerundolo;44.0;30.0;RR;3;6-4 6-2;2023-01-02
20230102;United Cup;Hard;A;Matteo Berrettini;Casper Ruud;16.0;3.0;RR;3;6-4 6-4;2023-01-02
20230102;Adelaide 1;Hard;A;Novak Djokovic;Denis Shapovalov;5.0;18.0;QF;3;6-3 6-4;2023-01-02
20230102;United Cup;Hard;A;Jiri Lehecka;Alexander Zverev;81.0;12.0;RR;3;6-4 6-2;2023-01-02
20230102;United Cup;Hard;A;Taylor Fritz;Jiri Lehecka;9.0;81.0;RR;3;6-3 6-4;2023-01-02
20230102;United Cup;Hard;A;Taylor Fritz;Alexander Zverev;9.0;12.0;RR;3;6-1 6-4;2023-01-02
20230102;United Cup;Hard;A;Cameron Norrie;Alex De Minaur;14.0;24.0;RR;3;6-3 6-3;2023-01-02
20230109;Adelaide 2;Hard;A;Roberto Bautista Agut;Alejandro Davidovich Fokina;26.0;32.0;QF;3;6-3 6-2;2023-01-09
20230109;Adelaide 2;Hard;A;Jack Draper;Lorenzo Sonego;40.0;44.0;R32;3;6-4 6-2;2023-01-09
20230109;Adelaide 2;Hard;A;Tommy Paul;Christopher Oconnell;35.0;79.0;R32;3;6-4 7-5;2023-01-09
20230109;Adelaide 2;Hard;A;Alejandro Davidovich Fokina;Brandon Nakashima;32.0;47.0;R32;3;6-2 7-6(3);2023-01-09
20230109;Adelaide 2;Hard;A;Jason Kubler;Tomas Martin Etcheverry;86.0;80.0;R32;3;7-6(2) 7-5;2023-01-09
20230109;Adelaide 2;Hard;A;Jack Draper;Tommy Paul;40.0;35.0;R16;3;6-4 6-4;2023-01-09
20230109;Adelaide 2;Hard;A;Miomir Kecmanovic;Jason Kubler;28.0;86.0;R16;3;5-7 7-6(1) 6-4;2023-01-09
20230109;Adelaide 2;Hard;A;Thanasi Kokkinakis;Andrey Rublev;110.0;6.0;R16;3;6-4 3-6 6-3;2023-01-09
20230109;Adelaide 2;Hard;A;Jack Draper;Karen Khachanov;40.0;20.0;QF;3;6-4 7-6(3);2023-01-09
20230109;Adelaide 2;Hard;A;Thanasi Kokkinakis;Miomir Kecmanovic;110.0;28.0;QF;3;6-3 6-7(4) 6-1;2023-01-09
20230109;Adelaide 2;Hard;A;Thanasi Kokkinakis;Alexei Popyrin;110.0;113.0;R32;3;6-0 6-7(5) 7-5;2023-01-09
20230109;Auckland;Hard;A;Ben Shelton;Sebastian Baez;92.0;41.0;R32;3;7-6(1) 6-1;2023-01-09
20230109;Auckland;Hard;A;David Goffin;Alexander Bublik;53.0;36.0;R32;3;6-3 6-4;2023-01-09
20230109;Auckland;Hard;A;Laslo Djere;Jaume Munar;70.0;62.0;R32;3;3-6 6-1 7-6(4);2023-01-09
20230109;Auckland;Hard;A;Cameron Norrie;Jiri Lehecka;12.0;78.0;R16;3;6-4 6-7(4) 6-3;2023-01-09
20230109;Auckland;Hard;A;Quentin Halys;Ben Shelton;64.0;92.0;R16;3;6-3 6-2;2023-01-09
20230109;Auckland;Hard;A;Laslo Djere;Casper Ruud;70.0;3.0;R16;3;3-6 6-3 7-6(3);2023-01-09
20230109;Auckland;Hard;A;Cameron Norrie;Marcos Giron;12.0;60.0;QF;3;6-1 6-7(5) 6-2;2023-01-09
20230109;Auckland;Hard;A;Jenson Brooksby;Quentin Halys;48.0;64.0;QF;3;7-6(3) 7-6(2);2023-01-09
20230109;Auckland;Hard;A;Cameron Norrie;Jenson Brooksby;12.0;48.0;SF;3;6-3 6-4;2023-01-09
20230109;Adelaide 2;Hard;A;Roberto Bautista Agut;Thanasi Kokkinakis;26.0;110.0;SF;3;7-6(4) 3-6 6-3;2023-01-09
20230116;Australian Open;Hard;G;Felix Auger Aliassime;Francisco Cerundolo;7.0;29.0;R32;5;6-1 3-6 6-1 6-4;2023-01-16
20230116;Australian Open;Hard;G;Jiri Lehecka;Cameron Norrie;71.0;12.0;R32;5;6-7(8) 6-3 3-6 6-1 6-4;2023-01-16
20230116;Australian Open;Hard;G;Jannik Sinner;Marton Fucsovics;16.0;78.0;R32;5;4-6 4-6 6-1 6-2 6-0;2023-01-16
20230116;Australian Open;Hard;G;Stefanos Tsitsipas;Tallon Griekspoor;4.0;63.0;R32;5;6-2 7-6(5) 6-3;2023-01-16
20230116;Australian Open;Hard;G;Sebastian Korda;Daniil Medvedev;31.0;8.0;R32;5;7-6(7) 6-3 7-6(4);2023-01-16
20230116;Australian Open;Hard;G;Hubert Hurkacz;Denis Shapovalov;11.0;22.0;R32;5;7-6(3) 6-4 1-6 4-6 6-3;2023-01-16
20230116;Australian Open;Hard;G;Tommy Paul;Alejandro Davidovich Fokina;35.0;32.0;R64;5;6-2 2-6 6-7(4) 6-3 6-4;2023-01-16
20230116;Australian Open;Hard;G;Yoshihito Nishioka;Mackenzie Mcdonald;33.0;65.0;R32;5;7-6(6) 6-3 6-2;2023-01-16
20230116;Australian Open;Hard;G;Jenson Brooksby;Casper Ruud;39.0;3.0;R64;5;6-3 7-5 6-7(4) 6-2;2023-01-16
20230116;Australian Open;Hard;G;Holger Rune;Ugo Humbert;10.0;106.0;R32;5;6-4 6-2 7-6(5);2023-01-16
20230116;Australian Open;Hard;G;Michael Mmoh;Alexander Zverev;107.0;13.0;R64;5;6-7(1) 6-4 6-3 6-2;2023-01-16
20230116;Australian Open;Hard;G;Ben Shelton;Nicolas Jarry;89.0;154.0;R64;5;7-6(3) 7-6(3) 7-5;2023-01-16
20230116;Australian Open;Hard;G;Alexei Popyrin;Taylor Fritz;113.0;9.0;R64;5;6-7(4) 7-6(2) 6-4 6-7(6) 6-2;2023-01-16
20230116;Australian Open;Hard;G;Karen Khachanov;Frances Tiafoe;20.0;17.0;R32;5;6-3 6-4 3-6 7-6(9);2023-01-16
20230116;Australian Open;Hard;G;Alex De Minaur;Benjamin Bonzi;24.0;48.0;R32;5;7-6(0) 6-2 6-1;2023-01-16
20230116;Australian Open;Hard;G;Sebastian Korda;Hubert Hurkacz;31.0;11.0;R16;5;3-6 6-3 6-2 1-6 7-6(7);2023-01-16
20230116;Australian Open;Hard;G;Ben Shelton;Alexei Popyrin;89.0;113.0;R32;5;6-3 7-6(4) 6-4;2023-01-16
20230116;Australian Open;Hard;G;Grigor Dimitrov;Laslo Djere;28.0;68.0;R64;5;6-3 6-2 6-0;2023-01-16
20230116;Australian Open;Hard;G;Novak Djokovic;Stefanos Tsitsipas;5.0;4.0;F;5;6-3 7-6(4) 7-6(5);2023-01-16
20230116;Australian Open;Hard;G;Novak Djokovic;Tommy Paul;5.0;35.0;SF;5;7-5 6-1 6-2;2023-01-16
20230116;Australian Open;Hard;G;Stefanos Tsitsipas;Karen Khachanov;4.0;20.0;SF;5;7-6(2) 6-4 6-7(6) 6-3;2023-01-16
20230116;Australian Open;Hard;G;Tommy Paul;Ben Shelton;35.0;89.0;QF;5;7-6(6) 6-3 5-7 6-4;2023-01-16
20230116;Australian Open;Hard;G;Novak Djokovic;Andrey Rublev;5.0;6.0;QF;5;6-1 6-2 6-4;2023-01-16
20230116;Australian Open;Hard;G;Novak Djokovic;Grigor Dimitrov;5.0;28.0;R32;5;7-6(7) 6-3 6-4;2023-01-16
20230116;Australian Open;Hard;G;Stefanos Tsitsipas;Jiri Lehecka;4.0;71.0;QF;5;6-3 7-6(2) 6-4;2023-01-16
20230116;Australian Open;Hard;G;Novak Djokovic;Alex De Minaur;5.0;24.0;R16;5;6-2 6-1 6-2;2023-01-16
20230116;Australian Open;Hard;G;Andrey Rublev;Holger Rune;6.0;10.0;R16;5;6-3 3-6 6-3 4-6 7-6(9);2023-01-16
20230116;Australian Open;Hard;G;Jiri Lehecka;Felix Auger Aliassime;71.0;7.0;R16;5;4-6 6-3 7-6(2) 7-6(3);2023-01-16
20230116;Australian Open;Hard;G;Stefanos Tsitsipas;Jannik Sinner;4.0;16.0;R16;5;6-4 6-4 3-6 4-6 6-3;2023-01-16
20230116;Australian Open;Hard;G;Karen Khachanov;Yoshihito Nishioka;20.0;33.0;R16;5;6-0 6-0 7-6(4);2023-01-16
20230116;Australian Open;Hard;G;Tommy Paul;Jenson Brooksby;35.0;39.0;R32;5;6-1 6-4 6-3;2023-01-16
20230116;Australian Open;Hard;G;Tommy Paul;Roberto Bautista Agut;35.0;25.0;R16;5;6-2 4-6 6-2 7-5;2023-01-16
20230116;Australian Open;Hard;G;Alex De Minaur;Adrian Mannarino;24.0;45.0;R64;5;7-6(3) 4-6 6-4 6-1;2023-01-16
20230116;Australian Open;Hard;G;Ben Shelton;Zhizhen Zhang;89.0;96.0;R128;5;4-6 6-3 6-2 2-6 7-6(4);2023-01-16
20230116;Australian Open;Hard;G;Francisco Cerundolo;Corentin Moutet;29.0;62.0;R64;5;3-6 6-4 6-2 7-5;2023-01-16
20230116;Australian Open;Hard;G;Laslo Djere;Zizou Bergs;68.0;130.0;R128;5;6-4 1-6 6-4 6-1;2023-01-16
20230116;Australian Open;Hard;G;Benjamin Bonzi;Mattia Bellucci;48.0;152.0;R128;5;4-6 6-3 7-6(5) 6-4;2023-01-16
20230116;Australian Open;Hard;G;Benjamin Bonzi;Pablo Carreno Busta;48.0;15.0;R64;5;4-6 4-6 7-6(5) 6-1 7-6(4);2023-01-16
20230116;Australian Open;Hard;G;Rinky Hijikata;Yannick Hanfmann;169.0;128.0;R128;5;4-6 4-6 6-3 7-6(5) 6-3;2023-01-16
20230116;Australian Open;Hard;G;Stefanos Tsitsipas;Quentin Halys;4.0;61.0;R128;5;6-3 6-4 7-6(6);2023-01-16
20230116;Australian Open;Hard;G;Daniil Medvedev;Marcos Giron;8.0;56.0;R128;5;6-0 6-1 6-2;2023-01-16
20230116;Australian Open;Hard;G;Novak Djokovic;Roberto Carballes Baena;5.0;75.0;R128;5;6-3 6-4 6-0;2023-01-16
20230116;Australian Open;Hard;G;Yosuke Watanuki;Arthur Rinderknech;138.0;59.0;R128;5;6-3 6-3 6-2;2023-01-16
20230116;Australian Open;Hard;G;Lorenzo Sonego;Nuno Borges;47.0;111.0;R128;5;7-6(4) 6-3 6-7(6) 6-1;2023-01-16
20230116;Australian Open;Hard;G;Hubert Hurkacz;Pedro Martinez;11.0;60.0;R128;5;7-6(1) 6-2 6-2;2023-01-16
20230116;Australian Open;Hard;G;Frances Tiafoe;Daniel Altmaier;17.0;92.0;R128;5;6-3 6-3 6-7(5) 7-6(6);2023-01-16
20230116;Australian Open;Hard;G;Jason Kubler;Sebastian Baez;84.0;44.0;R128;5;6-4 6-4 6-4;2023-01-16
20230116;Australian Open;Hard;G;Dalibor Svrcina;Jaume Munar;216.0;64.0;R128;5;6-3 6-2 6-2;2023-01-16
20230116;Australian Open;Hard;G;Mackenzie Mcdonald;Brandon Nakashima;65.0;49.0;R128;5;7-6(5) 7-6(1) 1-6 6-7(10) 6-4;2023-01-16
20230116;Australian Open;Hard;G;Sebastian Korda;Cristian Garin;31.0;87.0;R128;5;6-4 1-6 6-3 6-2;2023-01-16
20230116;Australian Open;Hard;G;Taylor Fritz;Nikoloz Basilashvili;9.0;90.0;R128;5;6-4 6-2 4-6 7-5;2023-01-16
20230116;Australian Open;Hard;G;Corentin Moutet;Yibing Wu;62.0;114.0;R128;5;6-4 5-7 6-2 4-6 7-5;2023-01-16
20230116;Australian Open;Hard;G;Stefanos Tsitsipas;Rinky Hijikata;4.0;169.0;R64;5;6-3 6-0 6-2;2023-01-16
20230116;Australian Open;Hard;G;Jannik Sinner;Tomas Martin Etcheverry;16.0;79.0;R64;5;6-3 6-2 6-2;2023-01-16
20230116;Australian Open;Hard;G;Tallon Griekspoor;Botic Van De Zandschulp;63.0;34.0;R64;5;6-4 6-4 6-4;2023-01-16
20230116;Australian Open;Hard;G;Alexei Popyrin;Chun Hsin Tseng;113.0;115.0;R128;5;4-6 7-6(5) 6-7(5) 7-6(4) 6-1;2023-01-16
20230116;Australian Open;Hard;G;Hubert Hurkacz;Lorenzo Sonego;11.0;47.0;R64;5;3-6 7-6(3) 2-6 6-3 6-3;2023-01-16
20230116;Australian Open;Hard;G;Frances Tiafoe;Juncheng Shang;17.0;194.0;R64;5;6-4 6-4 6-1;2023-01-16
20230116;Australian Open;Hard;G;Karen Khachanov;Jason Kubler;20.0;84.0;R64;5;6-4 5-7 6-4 6-2;2023-01-16
20230116;Australian Open;Hard;G;Sebastian Korda;Yosuke Watanuki;31.0;138.0;R64;5;6-2 7-5 6-4;2023-01-16
20230116;Australian Open;Hard;G;Casper Ruud;Tomas Machac;3.0;110.0;R128;5;6-3 7-6(6) 6-7(5) 6-3;2023-01-16
20230116;Australian Open;Hard;G;Jenson Brooksby;Christopher Oconnell;39.0;80.0;R128;5;3-6 6-2 6-3 6-2;2023-01-16
20230116;Australian Open;Hard;G;Tommy Paul;Jan Lennard Struff;35.0;167.0;R128;5;6-1 7-6(6) 6-2;2023-01-16
20230116;Australian Open;Hard;G;Alejandro Davidovich Fokina;Alexander Bublik;32.0;36.0;R128;5;6-0 6-7(3) 3-6 6-4 6-3;2023-01-16
20230116;Australian Open;Hard;G;Alexander Zverev;Juan Pablo Varillas;13.0;103.0;R128;5;4-6 6-1 5-7 7-6(3) 6-4;2023-01-16
20230116;Australian Open;Hard;G;Nicolas Jarry;Miomir Kecmanovic;154.0;27.0;R128;5;6-3 6-4 7-6(3);2023-01-16
20230116;Australian Open;Hard;G;Yoshihito Nishioka;Dalibor Svrcina;33.0;216.0;R64;5;6-3 6-4 6-2;2023-01-16
20230203;Davis Cup QLS R1: FRA vs HUN;Hard;D;Ugo Humbert;Marton Fucsovics;86.0;71.0;RR;3;6-3 6-2;2023-02-03
20230203;Davis Cup QLS R1: SWE vs BIH;Hard;D;Elias Ymer;Damir Dzumhur;120.0;197.0;RR;3;6-1 6-4;2023-02-03
20230203;Davis Cup QLS R1: GER vs SUI;Hard;D;Stan Wawrinka;Daniel Altmaier;135.0;91.0;RR;3;6-3 5-7 6-4;2023-02-03
20230203;Davis Cup QLS R1: GER vs SUI;Hard;D;Alexander Zverev;Stan Wawrinka;14.0;135.0;RR;3;6-4 6-1;2023-02-03
20230203;Davis Cup QLS R1: FRA vs HUN;Hard;D;Ugo Humbert;Fabian Marozsan;86.0;161.0;RR;3;6-3 6-3;2023-02-03
20230203;Davis Cup QLS R1: FRA vs HUN;Hard;D;Adrian Mannarino;Marton Fucsovics;58.0;71.0;RR;3;7-6(6) 6-2;2023-02-03
20230204;Davis Cup QLS R1: ARG vs FIN;Hard;D;Francisco Cerundolo;Otto Virtanen;31.0;181.0;RR;3;6-3 3-6 7-6(3);2023-02-04
20230206;Montpellier;Hard;A;Arthur Rinderknech;Luca Nardi;68.0;164.0;R32;3;6-4 6-4;2023-02-06
20230206;Montpellier;Hard;A;Arthur Fils;Roberto Bautista Agut;163.0;24.0;R16;3;6-3 6-4;2023-02-06
20230206;Montpellier;Hard;A;Lorenzo Sonego;Benjamin Bonzi;56.0;42.0;R32;3;6-3 6-4;2023-02-06
20230206;Montpellier;Hard;A;Quentin Halys;Alejandro Davidovich Fokina;70.0;32.0;R16;3;6-3 6-3;2023-02-06
20230206;Montpellier;Hard;A;Arthur Fils;Quentin Halys;163.0;70.0;QF;3;7-6(3) 6-3;2023-02-06
20230206;Dallas;Hard;A;Yibing Wu;Taylor Fritz;97.0;8.0;SF;3;6-7(3) 7-5 6-4;2023-02-06
20230206;Dallas;Hard;A;Yibing Wu;Adrian Mannarino;97.0;63.0;QF;3;6-3 6-4;2023-02-06
20230206;Dallas;Hard;A;Yibing Wu;Denis Shapovalov;97.0;27.0;R16;3;7-6(1) 6-4;2023-02-06
20230206;Dallas;Hard;A;Adrian Mannarino;Jordan Thompson;63.0;84.0;R16;3;6-2 7-6(3);2023-02-06
20230206;Dallas;Hard;A;Frances Tiafoe;Mackenzie Mcdonald;14.0;59.0;R16;3;6-1 6-3;2023-02-06
20230206;Dallas;Hard;A;Taylor Fritz;Marcos Giron;8.0;55.0;QF;3;7-6(7) 3-6 6-3;2023-02-06
20230206;Montpellier;Hard;A;Jannik Sinner;Lorenzo Sonego;17.0;56.0;QF;3;6-4 6-2;2023-02-06
20230206;Dallas;Hard;A;Daniel Altmaier;Zachary Svajda;99.0;265.0;R32;3;6-2 6-4;2023-02-06
20230206;Montpellier;Hard;A;Jannik Sinner;Arthur Fils;17.0;163.0;SF;3;7-5 6-2;2023-02-06
20230206;Dallas;Hard;A;Yibing Wu;Michael Mmoh;97.0;86.0;R32;3;6-3 3-6 6-3;2023-02-06
20230213;Rotterdam;Hard;A;Tallon Griekspoor;Alexander Zverev;61.0;17.0;R16;3;4-6 6-3 6-4;2023-02-13
20230213;Rotterdam;Hard;A;Alex De Minaur;Andrey Rublev;25.0;5.0;R32;3;6-4 6-4;2023-02-13
20230213;Rotterdam;Hard;A;Hubert Hurkacz;Roberto Bautista Agut;10.0;24.0;R32;3;7-5 6-7(7) 7-6(4);2023-02-13
20230213;Rotterdam;Hard;A;Felix Auger Aliassime;Lorenzo Sonego;8.0;60.0;R32;3;6-2 6-3;2023-02-13
20230213;Rotterdam;Hard;A;Botic Van De Zandschulp;Quentin Halys;35.0;62.0;R32;3;5-7 6-4 7-6(4);2023-02-13
20230213;Rotterdam;Hard;A;Daniil Medvedev;Alejandro Davidovich Fokina;11.0;31.0;R32;3;4-6 6-2 6-2;2023-02-13
20230213;Rotterdam;Hard;A;Stan Wawrinka;Alexander Bublik;130.0;50.0;R32;3;7-6(5) 6-4;2023-02-13
20230213;Rotterdam;Hard;A;Jannik Sinner;Benjamin Bonzi;14.0;48.0;R32;3;6-2 3-6 6-1;2023-02-13
20230213;Rotterdam;Hard;A;Grigor Dimitrov;Hubert Hurkacz;28.0;10.0;R16;3;7-6(4) 7-6(5);2023-02-13
20230213;Rotterdam;Hard;A;Jannik Sinner;Stefanos Tsitsipas;14.0;3.0;R16;3;6-4 6-3;2023-02-13
20230213;Rotterdam;Hard;A;Daniil Medvedev;Botic Van De Zandschulp;11.0;35.0;R16;3;6-2 6-2;2023-02-13
20230213;Rotterdam;Hard;A;Daniil Medvedev;Felix Auger Aliassime;11.0;8.0;QF;3;6-2 6-4;2023-02-13
20230213;Delray Beach;Hard;A;Taylor Fritz;Miomir Kecmanovic;7.0;33.0;F;3;6-0 5-7 6-2;2023-02-13
20230213;Delray Beach;Hard;A;Taylor Fritz;Mackenzie Mcdonald;7.0;56.0;SF;3;6-3 7-6(6);2023-02-13
20230213;Delray Beach;Hard;A;Taylor Fritz;Adrian Mannarino;7.0;59.0;QF;3;7-6(8) 6-4;2023-02-13
20230213;Delray Beach;Hard;A;Mackenzie Mcdonald;Michael Mmoh;56.0;87.0;QF;3;3-6 6-3 6-4;2023-02-13
20230213;Delray Beach;Hard;A;Miomir Kecmanovic;Marcos Giron;33.0;55.0;QF;3;7-6(5) 6-3;2023-02-13
20230213;Rotterdam;Hard;A;Grigor Dimitrov;Alex De Minaur;28.0;25.0;QF;3;6-3 3-6 7-6(6);2023-02-13
20230213;Delray Beach;Hard;A;Mackenzie Mcdonald;Yoshihito Nishioka;56.0;34.0;R16;3;6-3 3-6 6-2;2023-02-13
20230213;Delray Beach;Hard;A;Miomir Kecmanovic;Nuno Borges;33.0;104.0;R16;3;6-3 7-5;2023-02-13
20230213;Delray Beach;Hard;A;Michael Mmoh;Denis Shapovalov;87.0;27.0;R16;3;7-5 3-6 6-3;2023-02-13
20230213;Delray Beach;Hard;A;Michael Mmoh;Aleksandar Kovacevic;87.0;122.0;R32;3;6-4 3-6 6-3;2023-02-13
20230213;Delray Beach;Hard;A;Marcos Giron;Ben Shelton;55.0;42.0;R32;3;6-4 6-4;2023-02-13
20230213;Rotterdam;Hard;A;Daniil Medvedev;Jannik Sinner;11.0;14.0;F;3;5-7 6-2 6-2;2023-02-13
20230213;Rotterdam;Hard;A;Jannik Sinner;Tallon Griekspoor;14.0;61.0;SF;3;7-5 7-6(5);2023-02-13
20230213;Rotterdam;Hard;A;Daniil Medvedev;Grigor Dimitrov;11.0;28.0;SF;3;6-1 6-2;2023-02-13
20230213;Rotterdam;Hard;A;Jannik Sinner;Stan Wawrinka;14.0;130.0;QF;3;6-1 6-3;2023-02-13
20230213;Delray Beach;Hard;A;Adrian Mannarino;Daniel Altmaier;59.0;97.0;R32;3;4-6 6-3 6-4;2023-02-13
20230220;Marseille;Hard;A;Alexander Bublik;Grigor Dimitrov;50.0;25.0;QF;3;7-5 3-6 7-6(6);2023-02-20
20230220;Marseille;Hard;A;Arthur Fils;Roman Safiullin;118.0;97.0;R32;3;6-4 6-3;2023-02-20
20230220;Marseille;Hard;A;Leandro Riedi;Arthur Rinderknech;133.0;72.0;R32;3;6-3 6-4;2023-02-20
20230220;Marseille;Hard;A;Hubert Hurkacz;Leandro Riedi;11.0;133.0;R16;3;4-6 6-3 6-2;2023-02-20
20230220;Marseille;Hard;A;Arthur Fils;Stan Wawrinka;118.0;105.0;QF;3;6-2 6-3;2023-02-20
20230220;Marseille;Hard;A;Benjamin Bonzi;Alex De Minaur;60.0;23.0;QF;3;6-2 6-4;2023-02-20
20230220;Marseille;Hard;A;Benjamin Bonzi;Arthur Fils;60.0;118.0;SF;3;6-4 6-4;2023-02-20
20230220;Marseille;Hard;A;Stan Wawrinka;Zizou Bergs;105.0;132.0;R32;3;6-4 6-7(6) 6-4;2023-02-20
20230220;Marseille;Hard;A;Hubert Hurkacz;Benjamin Bonzi;11.0;60.0;F;3;6-3 7-6(4);2023-02-20
20230220;Marseille;Hard;A;Hubert Hurkacz;Alexander Bublik;11.0;50.0;SF;3;6-4 7-6(4);2023-02-20
20230220;Doha;Hard;A;Alexandre Muller;Botic Van De Zandschulp;170.0;34.0;R16;3;6-2 6-4;2023-02-20
20230220;Doha;Hard;A;Christopher Oconnell;Roberto Bautista Agut;94.0;28.0;R16;3;3-6 7-6(5) 6-4;2023-02-20
20230220;Doha;Hard;A;Andrey Rublev;Tallon Griekspoor;5.0;40.0;R16;3;1-6 6-1 7-6(6);2023-02-20
20230220;Doha;Hard;A;Daniil Medvedev;Christopher Oconnell;8.0;94.0;QF;3;6-2 4-6 7-5;2023-02-20
20230220;Doha;Hard;A;Jiri Lehecka;Andrey Rublev;52.0;5.0;QF;3;4-6 6-4 6-3;2023-02-20
20230220;Doha;Hard;A;Felix Auger Aliassime;Alejandro Davidovich Fokina;9.0;31.0;QF;3;6-4 7-6(5);2023-02-20
20230220;Doha;Hard;A;Daniil Medvedev;Felix Auger Aliassime;8.0;9.0;SF;3;6-4 7-6(7);2023-02-20
20230220;Doha;Hard;A;Tallon Griekspoor;Quentin Halys;40.0;64.0;R32;3;7-6(4) 4-6 7-6(5);2023-02-20
20230220;Doha;Hard;A;Jiri Lehecka;Damir Dzumhur;52.0;213.0;R32;3;6-3 7-6(3);2023-02-20
20230220;Doha;Hard;A;Alexandre Muller;Nikoloz Basilashvili;170.0;113.0;R32;3;7-6(3) 6-7(8) 6-4;2023-02-20
20230220;Doha;Hard;A;Roberto Bautista Agut;Marton Fucsovics;28.0;78.0;R32;3;7-6(7) 5-7 6-4;2023-02-20
20230220;Doha;Hard;A;Felix Auger Aliassime;Jason Kubler;9.0;74.0;R16;3;4-6 6-1 6-4;2023-02-20
20230227;Dubai;Hard;A;Alexander Zverev;Christopher Oconnell;16.0;92.0;R16;3;7-5 6-4;2023-02-27
20230227;Dubai;Hard;A;Andrey Rublev;Botic Van De Zandschulp;6.0;33.0;QF;3;6-3 7-6(3);2023-02-27
20230227;Dubai;Hard;A;Novak Djokovic;Tallon Griekspoor;1.0;39.0;R16;3;6-2 6-3;2023-02-27
20230227;Dubai;Hard;A;Daniil Medvedev;Alexander Bublik;7.0;46.0;R16;3;6-4 6-2;2023-02-27
20230227;Dubai;Hard;A;Lorenzo Sonego;Felix Auger Aliassime;67.0;9.0;R16;3;7-6(4) 6-4;2023-02-27
20230227;Dubai;Hard;A;Botic Van De Zandschulp;Karen Khachanov;33.0;14.0;R32;3;7-5 6-2;2023-02-27
20230227;Dubai;Hard;A;Novak Djokovic;Tomas Machac;1.0;130.0;R32;3;6-3 3-6 7-6(1);2023-02-27
20230227;Dubai;Hard;A;Hubert Hurkacz;Alexander Shevchenko;11.0;119.0;R32;3;3-6 6-3 7-6(7);2023-02-27
20230227;Dubai;Hard;A;Daniil Medvedev;Matteo Arnaldi;7.0;111.0;R32;3;6-4 6-2;2023-02-27
20230227;Dubai;Hard;A;Thanasi Kokkinakis;Quentin Halys;101.0;73.0;R32;3;6-4 7-6(9);2023-02-27
20230227;Dubai;Hard;A;Alexander Zverev;Jiri Lehecka;16.0;47.0;R32;3;4-6 6-3 6-4;2023-02-27
20230227;Dubai;Hard;A;Andrey Rublev;Alejandro Davidovich Fokina;6.0;29.0;R16;3;1-6 7-6(6) 7-6(3);2023-02-27
20230227;Dubai;Hard;A;Novak Djokovic;Hubert Hurkacz;1.0;11.0;QF;3;6-3 7-5;2023-02-27
20230227;Dubai;Hard;A;Alexander Zverev;Lorenzo Sonego;16.0;67.0;QF;3;7-5 6-4;2023-02-27
20230227;Dubai;Hard;A;Daniil Medvedev;Novak Djokovic;7.0;1.0;SF;3;6-4 6-4;2023-02-27
20230227;Acapulco;Hard;A;Alex De Minaur;Tommy Paul;22.0;23.0;F;3;3-6 6-4 6-1;2023-02-27
20230227;Acapulco;Hard;A;Tommy Paul;Taylor Fritz;23.0;5.0;SF;3;6-3 6-7(2) 7-6(2);2023-02-27
20230227;Acapulco;Hard;A;Alex De Minaur;Holger Rune;22.0;10.0;SF;3;3-6 7-5 6-2;2023-02-27
20230227;Dubai;Hard;A;Andrey Rublev;Alexander Zverev;6.0;16.0;SF;3;6-3 7-6(9);2023-02-27
20230227;Acapulco;Hard;A;Mackenzie Mcdonald;Brandon Nakashima;62.0;49.0;R16;3;6-2 6-0;2023-02-27
20230227;Acapulco;Hard;A;Taylor Fritz;Denis Shapovalov;5.0;30.0;R16;3;6-4 6-4;2023-02-27
20230227;Acapulco;Hard;A;Matteo Berrettini;Elias Ymer;24.0;170.0;R16;3;6-3 6-3;2023-02-27
20230227;Acapulco;Hard;A;Holger Rune;Nuno Borges;10.0;85.0;R16;3;6-0 6-2;2023-02-27
20230227;Acapulco;Hard;A;Tommy Paul;Mackenzie Mcdonald;23.0;62.0;QF;3;6-2 6-2;2023-02-27
20230227;Acapulco;Hard;A;Brandon Nakashima;Daniel Altmaier;49.0;95.0;R32;3;6-3 3-6 6-1;2023-02-27
20230227;Acapulco;Hard;A;Mackenzie Mcdonald;Luciano Darderi;62.0;184.0;R32;3;6-4 6-2;2023-02-27
20230227;Dubai;Hard;A;Daniil Medvedev;Andrey Rublev;7.0;6.0;F;3;6-2 6-2;2023-02-27
20230227;Acapulco;Hard;A;Alex De Minaur;Rodrigo Pacheco Mendez;22.0;1244.0;R32;3;6-1 6-2;2023-02-27
20230227;Acapulco;Hard;A;Holger Rune;Ben Shelton;10.0;41.0;R32;3;6-7(7) 6-4 6-2;2023-02-27
20230227;Acapulco;Hard;A;Taylor Fritz;Frances Tiafoe;5.0;15.0;QF;3;6-3 6-4;2023-02-27
20230227;Acapulco;Hard;A;Frances Tiafoe;Yoshihito Nishioka;15.0;34.0;R32;3;7-6(6) 6-4;2023-02-27
20230227;Acapulco;Hard;A;Denis Shapovalov;Miomir Kecmanovic;30.0;31.0;R32;3;6-7(4) 6-0 7-5;2023-02-27
20230227;Acapulco;Hard;A;Michael Mmoh;Marcos Giron;86.0;69.0;R32;3;7-6(3) 6-1;2023-02-27
20230227;Acapulco;Hard;A;Elias Ymer;Adrian Mannarino;170.0;64.0;R32;3;5-7 6-3 6-4;2023-02-27
20230306;Indian Wells Masters;Hard;M;Cameron Norrie;Tung Lin Wu;12.0;175.0;R64;3;6-2 6-4;2023-03-06
20230306;Indian Wells Masters;Hard;M;Stan Wawrinka;Miomir Kecmanovic;100.0;31.0;R64;3;7-6(8) 6-4;2023-03-06
20230306;Indian Wells Masters;Hard;M;Holger Rune;Mackenzie Mcdonald;8.0;53.0;R64;3;7-5 6-3;2023-03-06
20230306;Indian Wells Masters;Hard;M;Daniil Medvedev;Brandon Nakashima;6.0;48.0;R64;3;6-4 6-3;2023-03-06
20230306;Indian Wells Masters;Hard;M;Alejandro Davidovich Fokina;Yibing Wu;28.0;67.0;R64;3;6-4 6-1;2023-03-06
20230306;Indian Wells Masters;Hard;M;Cristian Garin;Yoshihito Nishioka;97.0;34.0;R64;3;6-4 6-0;2023-03-06
20230306;Indian Wells Masters;Hard;M;Andrey Rublev;Jiri Lehecka;7.0;47.0;R64;3;6-4 6-2;2023-03-06
20230306;Indian Wells Masters;Hard;M;Ugo Humbert;Denis Shapovalov;77.0;30.0;R64;3;7-5 6-4;2023-03-06
20230306;Indian Wells Masters;Hard;M;Adrian Mannarino;Lorenzo Musetti;68.0;21.0;R64;3;6-4 6-4;2023-03-06
20230306;Indian Wells Masters;Hard;M;Marton Fucsovics;Alex De Minaur;84.0;18.0;R64;3;6-4 6-2;2023-03-06
20230306;Indian Wells Masters;Hard;M;Jack Draper;Leandro Riedi;56.0;135.0;R128;3;6-1 6-1;2023-03-06
20230306;Indian Wells Masters;Hard;M;Alexei Popyrin;Zhizhen Zhang;101.0;93.0;R128;3;6-4 5-7 6-1;2023-03-06
20230306;Indian Wells Masters;Hard;M;Jan Lennard Struff;Quentin Halys;134.0;81.0;R128;3;1-6 6-3 6-3;2023-03-06
20230306;Indian Wells Masters;Hard;M;Stan Wawrinka;Aleksandar Vukic;100.0;186.0;R128;3;6-4 1-6 6-1;2023-03-06
20230306;Indian Wells Masters;Hard;M;Yibing Wu;Jaume Munar;67.0;58.0;R128;3;6-7(6) 6-0 7-6(3);2023-03-06
20230306;Indian Wells Masters;Hard;M;Jiri Lehecka;Arthur Rinderknech;47.0;72.0;R128;3;7-6(4) 7-5;2023-03-06
20230306;Indian Wells Masters;Hard;M;Tung Lin Wu;Alexander Bublik;175.0;46.0;R128;3;6-4 6-4;2023-03-06
20230306;Indian Wells Masters;Hard;M;Marcos Giron;Aleksandar Kovacevic;73.0;107.0;R128;3;6-3 7-5;2023-03-06
20230306;Indian Wells Masters;Hard;M;Jason Kubler;Lorenzo Sonego;75.0;60.0;R128;3;6-4 7-6(4);2023-03-06
20230306;Indian Wells Masters;Hard;M;Jordan Thompson;Gael Monfils;87.0;210.0;R128;3;6-3 6-1;2023-03-06
20230306;Indian Wells Masters;Hard;M;Jordan Thompson;Stefanos Tsitsipas;87.0;3.0;R64;3;7-6(0) 4-6 7-6(5);2023-03-06
20230306;Indian Wells Masters;Hard;M;Sebastian Baez;Rinky Hijikata;35.0;130.0;R64;3;6-3 6-1;2023-03-06
20230306;Indian Wells Masters;Hard;M;Frances Tiafoe;Marcos Giron;16.0;73.0;R64;3;6-2 6-2;2023-03-06
20230306;Indian Wells Masters;Hard;M;Felix Auger Aliassime;Pedro Martinez;10.0;120.0;R64;3;7-6(5) 6-4;2023-03-06
20230306;Indian Wells Masters;Hard;M;Carlos Alcaraz;Daniil Medvedev;2.0;6.0;F;3;6-3 6-2;2023-03-06
20230306;Indian Wells Masters;Hard;M;Carlos Alcaraz;Jannik Sinner;2.0;13.0;SF;3;7-6(4) 6-3;2023-03-06
20230306;Indian Wells Masters;Hard;M;Daniil Medvedev;Frances Tiafoe;6.0;16.0;SF;3;7-5 7-6(4);2023-03-06
20230306;Indian Wells Masters;Hard;M;Carlos Alcaraz;Felix Auger Aliassime;2.0;10.0;QF;3;6-4 6-4;2023-03-06
20230306;Indian Wells Masters;Hard;M;Jannik Sinner;Taylor Fritz;13.0;5.0;QF;3;6-4 4-6 6-4;2023-03-06
20230306;Indian Wells Masters;Hard;M;Daniil Medvedev;Alejandro Davidovich Fokina;6.0;28.0;QF;3;6-3 7-5;2023-03-06
20230306;Indian Wells Masters;Hard;M;Frances Tiafoe;Cameron Norrie;16.0;12.0;QF;3;6-4 6-4;2023-03-06
20230306;Indian Wells Masters;Hard;M;Felix Auger Aliassime;Tommy Paul;10.0;19.0;R16;3;3-6 6-3 7-6(6);2023-03-06
20230306;Indian Wells Masters;Hard;M;Taylor Fritz;Marton Fucsovics;5.0;84.0;R16;3;6-4 6-3;2023-03-06
20230306;Indian Wells Masters;Hard;M;Jannik Sinner;Stan Wawrinka;13.0;100.0;R16;3;6-1 6-4;2023-03-06
20230306;Indian Wells Masters;Hard;M;Daniil Medvedev;Alexander Zverev;6.0;14.0;R16;3;6-7(5) 7-6(5) 7-5;2023-03-06
20230306;Indian Wells Masters;Hard;M;Alejandro Davidovich Fokina;Cristian Garin;28.0;97.0;R16;3;6-3 6-4;2023-03-06
20230306;Indian Wells Masters;Hard;M;Cameron Norrie;Andrey Rublev;12.0;7.0;R16;3;6-2 6-4;2023-03-06
20230306;Indian Wells Masters;Hard;M;Frances Tiafoe;Alejandro Tabilo;16.0;187.0;R16;3;6-4 6-4;2023-03-06
20230306;Indian Wells Masters;Hard;M;Taylor Fritz;Ben Shelton;5.0;41.0;R64;3;4-6 6-4 6-3;2023-03-06
20230306;Indian Wells Masters;Hard;M;Tommy Paul;Hubert Hurkacz;19.0;11.0;R32;3;4-6 6-2 6-4;2023-03-06
20230306;Indian Wells Masters;Hard;M;Carlos Alcaraz;Tallon Griekspoor;2.0;36.0;R32;3;7-6(4) 6-3;2023-03-06
20230306;Indian Wells Masters;Hard;M;Tommy Paul;Jan Lennard Struff;19.0;134.0;R64;3;6-3 6-3;2023-03-06
20230306;Indian Wells Masters;Hard;M;Hubert Hurkacz;Alexei Popyrin;11.0;101.0;R64;3;6-3 6-3;2023-03-06
20230306;Indian Wells Masters;Hard;M;Carlos Alcaraz;Thanasi Kokkinakis;2.0;94.0;R64;3;6-3 6-3;2023-03-06
20230306;Indian Wells Masters;Hard;M;Frances Tiafoe;Jason Kubler;16.0;75.0;R32;3;6-3 6-2;2023-03-06
20230306;Indian Wells Masters;Hard;M;Andrey Rublev;Ugo Humbert;7.0;77.0;R32;3;7-5 6-3;2023-03-06
20230306;Indian Wells Masters;Hard;M;Alejandro Tabilo;Jordan Thompson;187.0;87.0;R32;3;6-3 7-6(6);2023-03-06
20230306;Indian Wells Masters;Hard;M;Cristian Garin;Casper Ruud;97.0;4.0;R32;3;6-4 7-6(2);2023-03-06
20230306;Indian Wells Masters;Hard;M;Alejandro Davidovich Fokina;Karen Khachanov;28.0;15.0;R32;3;6-3 1-6 6-4;2023-03-06
20230306;Indian Wells Masters;Hard;M;Stan Wawrinka;Holger Rune;100.0;8.0;R32;3;6-2 6-7(5) 7-5;2023-03-06
20230306;Indian Wells Masters;Hard;M;Jannik Sinner;Adrian Mannarino;13.0;68.0;R32;3;7-6(7) 6-4;2023-03-06
20230306;Indian Wells Masters;Hard;M;Taylor Fritz;Sebastian Baez;5.0;35.0;R32;3;6-1 6-2;2023-03-06
20230306;Indian Wells Masters;Hard;M;Felix Auger Aliassime;Francisco Cerundolo;10.0;32.0;R32;3;7-5 6-4;2023-03-06
20230320;Miami Masters;Hard;M;Francisco Cerundolo;Aleksandar Kovacevic;31.0;102.0;R64;3;6-4 6-4;2023-03-20
20230320;Miami Masters;Hard;M;Hubert Hurkacz;Thanasi Kokkinakis;9.0;94.0;R64;3;6-7(10) 7-6(7) 7-6(6);2023-03-20
20230320;Miami Masters;Hard;M;Adrian Mannarino;Ben Shelton;62.0;39.0;R64;3;6-4 3-6 6-1;2023-03-20
20230320;Miami Masters;Hard;M;Quentin Halys;Alex De Minaur;79.0;18.0;R64;3;6-7(5) 7-6(3) 7-6(8);2023-03-20
20230320;Miami Masters;Hard;M;Mackenzie Mcdonald;Matteo Berrettini;55.0;23.0;R64;3;7-6(8) 7-6(5);2023-03-20
20230320;Miami Masters;Hard;M;Daniil Medvedev;Roberto Carballes Baena;5.0;84.0;R64;3;6-1 6-2;2023-03-20
20230320;Miami Masters;Hard;M;Miomir Kecmanovic;Ugo Humbert;35.0;78.0;R64;3;6-4 6-7(5) 7-6(3);2023-03-20
20230320;Miami Masters;Hard;M;Frances Tiafoe;Yosuke Watanuki;14.0;123.0;R64;3;6-7(5) 7-6(3) 6-4;2023-03-20
20230320;Miami Masters;Hard;M;Aleksandar Kovacevic;Jaume Munar;102.0;66.0;R128;3;7-6(4) 2-6 6-1;2023-03-20
20230320;Miami Masters;Hard;M;Cristian Garin;Sebastian Baez;82.0;33.0;R64;3;7-6(2) 6-3;2023-03-20
20230320;Miami Masters;Hard;M;Laslo Djere;Aleksandar Vukic;58.0;168.0;R128;3;6-2 7-6(3);2023-03-20
20230320;Miami Masters;Hard;M;Thanasi Kokkinakis;Zizou Bergs;94.0;135.0;R128;3;4-6 6-3 7-6(7);2023-03-20
20230320;Miami Masters;Hard;M;Adrian Mannarino;Juncheng Shang;62.0;181.0;R128;3;1-6 6-4 6-2;2023-03-20
20230320;Miami Masters;Hard;M;Quentin Halys;Pedro Martinez;79.0;121.0;R128;3;6-2 7-6(4);2023-03-20
20230320;Miami Masters;Hard;M;Cristian Garin;Marcos Giron;82.0;71.0;R128;3;6-4 2-6 6-4;2023-03-20
20230320;Miami Masters;Hard;M;Grigor Dimitrov;Jan Lennard Struff;27.0;103.0;R64;3;4-6 7-6(5) 6-4;2023-03-20
20230320;Miami Masters;Hard;M;Karen Khachanov;Tomas Martin Etcheverry;16.0;73.0;R64;3;6-1 3-6 6-3;2023-03-20
20230320;Miami Masters;Hard;M;Jannik Sinner;Laslo Djere;11.0;58.0;R64;3;6-4 6-2;2023-03-20
20230320;Miami Masters;Hard;M;Jiri Lehecka;Lorenzo Musetti;44.0;21.0;R64;3;6-4 6-4;2023-03-20
20230320;Miami Masters;Hard;M;Holger Rune;Marton Fucsovics;8.0;74.0;R64;3;6-3 7-5;2023-03-20
20230320;Miami Masters;Hard;M;Daniil Medvedev;Karen Khachanov;5.0;16.0;SF;3;7-6(5) 3-6 6-3;2023-03-20
20230320;Miami Masters;Hard;M;Carlos Alcaraz;Taylor Fritz;1.0;10.0;QF;3;6-4 6-2;2023-03-20
20230320;Miami Masters;Hard;M;Karen Khachanov;Francisco Cerundolo;16.0;31.0;QF;3;6-3 6-2;2023-03-20
20230320;Miami Masters;Hard;M;Carlos Alcaraz;Tommy Paul;1.0;19.0;R16;3;6-4 6-4;2023-03-20
20230320;Miami Masters;Hard;M;Taylor Fritz;Holger Rune;10.0;8.0;R16;3;6-3 6-4;2023-03-20
20230320;Miami Masters;Hard;M;Botic Van De Zandschulp;Alexei Popyrin;32.0;93.0;R64;3;4-6 7-6(4) 6-2;2023-03-20
20230320;Miami Masters;Hard;M;Jannik Sinner;Andrey Rublev;11.0;7.0;R16;3;6-2 6-4;2023-03-20
20230320;Miami Masters;Hard;M;Daniil Medvedev;Quentin Halys;5.0;79.0;R16;3;6-4 6-2;2023-03-20
20230320;Miami Masters;Hard;M;Francisco Cerundolo;Lorenzo Sonego;31.0;59.0;R16;3;3-6 6-3 6-2;2023-03-20
20230320;Miami Masters;Hard;M;Karen Khachanov;Stefanos Tsitsipas;16.0;3.0;R16;3;7-6(4) 6-4;2023-03-20
20230320;Miami Masters;Hard;M;Tommy Paul;Alejandro Davidovich Fokina;19.0;25.0;R32;3;6-3 7-5;2023-03-20
20230320;Miami Masters;Hard;M;Jannik Sinner;Carlos Alcaraz;11.0;1.0;SF;3;6-7(4) 6-4 6-2;2023-03-20
20230320;Miami Masters;Hard;M;Taylor Fritz;Denis Shapovalov;10.0;30.0;R32;3;6-4 6-4;2023-03-20
20230320;Miami Masters;Hard;M;Daniil Medvedev;Jannik Sinner;5.0;11.0;F;3;7-5 6-3;2023-03-20
20230320;Miami Masters;Hard;M;Jannik Sinner;Grigor Dimitrov;11.0;27.0;R32;3;6-3 6-4;2023-03-20
20230320;Miami Masters;Hard;M;Andrey Rublev;Miomir Kecmanovic;7.0;35.0;R32;3;6-1 6-2;2023-03-20
20230320;Miami Masters;Hard;M;Adrian Mannarino;Hubert Hurkacz;62.0;9.0;R32;3;7-6(5) 7-6(0);2023-03-20
20230320;Miami Masters;Hard;M;Quentin Halys;Mackenzie Mcdonald;79.0;55.0;R32;3;7-6(2) 6-3;2023-03-20
20230320;Miami Masters;Hard;M;Francisco Cerundolo;Felix Auger Aliassime;31.0;6.0;R32;3;6-2 7-5;2023-03-20
20230320;Miami Masters;Hard;M;Lorenzo Sonego;Frances Tiafoe;59.0;14.0;R32;3;6-3 6-4;2023-03-20
20230320;Miami Masters;Hard;M;Karen Khachanov;Jiri Lehecka;16.0;44.0;R32;3;6-2 6-4;2023-03-20
20230320;Miami Masters;Hard;M;Stefanos Tsitsipas;Cristian Garin;3.0;82.0;R32;3;6-3 4-6 6-4;2023-03-20
20230320;Miami Masters;Hard;M;Alejandro Davidovich Fokina;Brandon Nakashima;25.0;45.0;R64;3;6-4 7-6(5);2023-03-20
20230320;Miami Masters;Hard;M;Taylor Fritz;Emilio Nava;10.0;182.0;R64;3;6-4 6-1;2023-03-20
20230320;Miami Masters;Hard;M;Botic Van De Zandschulp;Casper Ruud;32.0;4.0;R32;3;3-6 6-4 6-4;2023-03-20
20230724;Atlanta;Hard;A;Thanasi Kokkinakis;Gael Monfils;86.0;322.0;R32;3;1-6 6-3 7-6(5);2023-07-24
20230724;Atlanta;Hard;A;Ugo Humbert;Alex De Minaur;38.0;17.0;QF;3;7-6(4) 6-3;2023-07-24
20230724;Atlanta;Hard;A;Juncheng Shang;Ben Shelton;156.0;41.0;R32;3;6-4 6-4;2023-07-24
20230724;Atlanta;Hard;A;Yibing Wu;Corentin Moutet;89.0;73.0;R32;3;6-3 6-4;2023-07-24
20230724;Atlanta;Hard;A;Alex De Minaur;Thanasi Kokkinakis;17.0;86.0;R16;3;6-3 6-4;2023-07-24
20230724;Atlanta;Hard;A;Aleksandar Vukic;Yoshihito Nishioka;82.0;31.0;R16;3;4-6 7-5 7-6(3);2023-07-24
20230724;Atlanta;Hard;A;Taylor Fritz;Yibing Wu;9.0;89.0;R16;3;6-4 7-6(5);2023-07-24
20230724;Atlanta;Hard;A;Aleksandar Vukic;Ugo Humbert;82.0;38.0;SF;3;3-6 7-6(2) 7-5;2023-07-24
20230724;Atlanta;Hard;A;Taylor Fritz;Aleksandar Vukic;9.0;82.0;F;3;7-5 6-7(5) 6-4;2023-07-24
20230724;Atlanta;Hard;A;Aleksandar Vukic;Ethan Quinn;82.0;394.0;R32;3;7-6(5) 6-3;2023-07-24
20230731;Washington;Hard;A;Grigor Dimitrov;Mackenzie Mcdonald;20.0;60.0;R32;3;7-6(6) 6-2;2023-07-31
20230731;Washington;Hard;A;Brandon Nakashima;Aleksandar Vukic;70.0;62.0;R64;3;7-6(5) 7-6(9);2023-07-31
20230731;Washington;Hard;A;Juncheng Shang;Ben Shelton;149.0;43.0;R32;3;6-2 3-6 6-3;2023-07-31
20230731;Washington;Hard;A;Alexander Shevchenko;Sebastian Korda;93.0;26.0;R32;3;5-7 7-6(4) 6-4;2023-07-31
20230731;Washington;Hard;A;Yosuke Watanuki;Felix Auger Aliassime;99.0;12.0;R32;3;7-6(10) 7-6(3);2023-07-31
20230731;Washington;Hard;A;Ugo Humbert;Thanasi Kokkinakis;36.0;86.0;R32;3;7-6(6) 1-6 6-4;2023-07-31
20230731;Washington;Hard;A;Gael Monfils;Alexander Bublik;323.0;25.0;R32;3;6-3 6-4;2023-07-31
20230731;Los Cabos;Hard;A;James Duckworth;Otto Virtanen;123.0;127.0;R32;3;6-3 6-0;2023-07-31
20230731;Washington;Hard;A;Jordan Thompson;Adrian Mannarino;71.0;27.0;R32;3;7-5 6-4;2023-07-31
20230731;Washington;Hard;A;Michael Mmoh;Hubert Hurkacz;112.0;17.0;R32;3;6-3 6-7(4) 7-6(4);2023-07-31
20230731;Los Cabos;Hard;A;Stefanos Tsitsipas;Alex De Minaur;5.0;19.0;F;3;6-3 6-4;2023-07-31
20230731;Los Cabos;Hard;A;Stefanos Tsitsipas;Nicolas Jarry;5.0;28.0;QF;3;6-7(6) 7-6(4) 6-2;2023-07-31
20230731;Los Cabos;Hard;A;Alex De Minaur;Tommy Paul;19.0;14.0;QF;3;6-4 3-6 6-3;2023-07-31
20230731;Los Cabos;Hard;A;Aleksandar Kovacevic;Cameron Norrie;129.0;13.0;R16;3;5-7 7-6(7) 6-4;2023-07-31
20230731;Los Cabos;Hard;A;Nicolas Jarry;Rodrigo Pacheco Mendez;28.0;817.0;R32;3;6-3 6-1;2023-07-31
20230731;Los Cabos;Hard;A;Alex De Minaur;Thiago Agustin Tirante;19.0;136.0;R16;3;6-2 6-1;2023-07-31
20230731;Washington;Hard;A;Taylor Fritz;Jordan Thompson;9.0;71.0;QF;3;6-3 6-3;2023-07-31
20230731;Washington;Hard;A;Tallon Griekspoor;Gael Monfils;37.0;323.0;R16;3;6-4 1-6 6-3;2023-07-31
20230731;Washington;Hard;A;Ugo Humbert;Yosuke Watanuki;36.0;99.0;R16;3;6-0 6-2;2023-07-31
20230731;Washington;Hard;A;Frances Tiafoe;Juncheng Shang;10.0;149.0;R16;3;6-2 6-3;2023-07-31
20230731;Washington;Hard;A;Taylor Fritz;Zachary Svajda;9.0;233.0;R32;3;6-3 6-3;2023-07-31
20230731;Washington;Hard;A;Tallon Griekspoor;Taylor Fritz;37.0;9.0;SF;3;3-6 6-3 6-2;2023-07-31
20230807;Canada Masters;Hard;M;Hubert Hurkacz;Alexander Bublik;17.0;28.0;R64;3;6-3 7-6(2);2023-08-07
20230807;Canada Masters;Hard;M;Alex De Minaur;Gabriel Diallo;18.0;141.0;R32;3;6-4 7-5;2023-08-07
20230807;Canada Masters;Hard;M;Lorenzo Musetti;Thanasi Kokkinakis;19.0;86.0;R32;3;4-6 7-5 6-4;2023-08-07
20230807;Canada Masters;Hard;M;Daniil Medvedev;Matteo Arnaldi;3.0;66.0;R32;3;6-2 7-5;2023-08-07
20230807;Canada Masters;Hard;M;Miomir Kecmanovic;Cristian Garin;44.0;101.0;R64;3;7-6(2) 4-6 6-4;2023-08-07
20230807;Canada Masters;Hard;M;Francisco Cerundolo;Alexis Galarneau;22.0;192.0;R64;3;6-2 4-6 6-4;2023-08-07
20230807;Canada Masters;Hard;M;Thanasi Kokkinakis;Zhizhen Zhang;86.0;63.0;R64;3;7-5 6-4;2023-08-07
20230807;Canada Masters;Hard;M;Alexander Zverev;Tallon Griekspoor;16.0;26.0;R64;3;6-4 7-6(3);2023-08-07
20230807;Canada Masters;Hard;M;Jiri Lehecka;Brandon Nakashima;36.0;74.0;R64;3;7-5 3-6 7-6(2);2023-08-07
20230807;Canada Masters;Hard;M;Ugo Humbert;Nicolas Jarry;34.0;27.0;R64;3;4-6 6-3 6-4;2023-08-07
20230807;Canada Masters;Hard;M;Alex De Minaur;Cameron Norrie;18.0;13.0;R64;3;7-5 6-4;2023-08-07
20230807;Canada Masters;Hard;M;Lorenzo Musetti;Yoshihito Nishioka;19.0;45.0;R64;3;6-4 6-1;2023-08-07
20230807;Canada Masters;Hard;M;Taylor Fritz;Ugo Humbert;9.0;34.0;R32;3;7-6(7) 3-6 6-3;2023-08-07
20230807;Canada Masters;Hard;M;Casper Ruud;Jiri Lehecka;5.0;36.0;R32;3;7-6(6) 6-4;2023-08-07
20230807;Canada Masters;Hard;M;Sebastian Korda;Tomas Martin Etcheverry;32.0;31.0;R64;3;6-3 6-2;2023-08-07
20230807;Canada Masters;Hard;M;Mackenzie Mcdonald;Andrey Rublev;59.0;7.0;R32;3;6-4 6-3;2023-08-07
20230807;Canada Masters;Hard;M;Alejandro Davidovich Fokina;Mackenzie Mcdonald;37.0;59.0;QF;3;6-4 6-2;2023-08-07
20230807;Canada Masters;Hard;M;Alejandro Davidovich Fokina;Alexander Zverev;37.0;16.0;R32;3;6-1 6-2;2023-08-07
20230807;Canada Masters;Hard;M;Jannik Sinner;Gael Monfils;8.0;276.0;QF;3;6-4 4-6 6-3;2023-08-07
20230807;Canada Masters;Hard;M;Tommy Paul;Carlos Alcaraz;14.0;1.0;QF;3;6-3 4-6 6-3;2023-08-07
20230807;Canada Masters;Hard;M;Jannik Sinner;Tommy Paul;8.0;14.0;SF;3;6-4 6-4;2023-08-07
20230807;Canada Masters;Hard;M;Jannik Sinner;Alex De Minaur;8.0;18.0;F;3;6-4 6-1;2023-08-07
20230807;Canada Masters;Hard;M;Alex De Minaur;Daniil Medvedev;18.0;3.0;QF;3;7-6(7) 7-5;2023-08-07
20230807;Canada Masters;Hard;M;Carlos Alcaraz;Hubert Hurkacz;1.0;17.0;R16;3;3-6 7-6(2) 7-6(3);2023-08-07
20230807;Canada Masters;Hard;M;Tommy Paul;Marcos Giron;14.0;70.0;R16;3;6-3 6-2;2023-08-07
20230807;Canada Masters;Hard;M;Gael Monfils;Aleksandar Vukic;276.0;62.0;R16;3;6-4 6-4;2023-08-07
20230807;Canada Masters;Hard;M;Alex De Minaur;Alejandro Davidovich Fokina;18.0;37.0;SF;3;6-1 6-3;2023-08-07
20230807;Canada Masters;Hard;M;Alex De Minaur;Taylor Fritz;18.0;9.0;R16;3;7-6(7) 4-6 6-1;2023-08-07
20230807;Canada Masters;Hard;M;Daniil Medvedev;Lorenzo Musetti;3.0;19.0;R16;3;6-4 6-4;2023-08-07
20230807;Canada Masters;Hard;M;Carlos Alcaraz;Ben Shelton;1.0;41.0;R32;3;6-3 7-6(3);2023-08-07
20230807;Canada Masters;Hard;M;Hubert Hurkacz;Miomir Kecmanovic;17.0;44.0;R32;3;5-7 6-3 6-0;2023-08-07
20230807;Canada Masters;Hard;M;Tommy Paul;Francisco Cerundolo;14.0;22.0;R32;3;7-6(2) 6-7(2) 6-3;2023-08-07
20230807;Canada Masters;Hard;M;Marcos Giron;Holger Rune;70.0;6.0;R32;3;6-2 4-6 6-3;2023-08-07
20230807;Canada Masters;Hard;M;Gael Monfils;Stefanos Tsitsipas;276.0;4.0;R32;3;6-4 6-3;2023-08-07
20230807;Canada Masters;Hard;M;Aleksandar Vukic;Sebastian Korda;62.0;32.0;R32;3;6-3 4-6 7-6(5);2023-08-07
20230807;Canada Masters;Hard;M;Jannik Sinner;Matteo Berrettini;8.0;38.0;R32;3;6-4 6-3;2023-08-07
20230807;Canada Masters;Hard;M;Alejandro Davidovich Fokina;Casper Ruud;37.0;5.0;R16;3;7-6(4) 4-6 7-6(4);2023-08-07
20230814;Cincinnati Masters;Hard;M;Stan Wawrinka;Brandon Nakashima;51.0;73.0;R64;3;6-3 6-7(5) 6-3;2023-08-14
20230814;Cincinnati Masters;Hard;M;Hubert Hurkacz;Thanasi Kokkinakis;20.0;78.0;R64;3;7-6(2) 3-6 7-6(1);2023-08-14
20230814;Cincinnati Masters;Hard;M;Alexei Popyrin;Daniel Altmaier;58.0;52.0;R64;3;6-7(5) 6-4 6-4;2023-08-14
20230814;Cincinnati Masters;Hard;M;Nicolas Jarry;Roman Safiullin;26.0;63.0;R64;3;4-6 6-3 6-3;2023-08-14
20230814;Cincinnati Masters;Hard;M;Mackenzie Mcdonald;Yannick Hanfmann;43.0;50.0;R64;3;7-5 6-1;2023-08-14
20230814;Cincinnati Masters;Hard;M;Gael Monfils;Cameron Norrie;211.0;15.0;R64;3;3-6 6-4 6-3;2023-08-14
20230814;Cincinnati Masters;Hard;M;Alexander Zverev;Grigor Dimitrov;17.0;19.0;R64;3;6-2 6-2;2023-08-14
20230814;Cincinnati Masters;Hard;M;Lorenzo Sonego;Alexander Shevchenko;39.0;88.0;R64;3;6-3 3-6 6-3;2023-08-14
20230814;Cincinnati Masters;Hard;M;Taylor Fritz;Jiri Lehecka;9.0;35.0;R64;3;7-6(14) 6-2;2023-08-14
20230814;Cincinnati Masters;Hard;M;Alejandro Davidovich Fokina;Tomas Martin Etcheverry;23.0;31.0;R64;3;6-3 6-3;2023-08-14
20230814;Cincinnati Masters;Hard;M;Frances Tiafoe;Tallon Griekspoor;10.0;25.0;R64;3;6-4 6-7(7) 6-4;2023-08-14
20230814;Cincinnati Masters;Hard;M;Felix Auger Aliassime;Matteo Berrettini;14.0;38.0;R64;3;4-6 6-2 6-3;2023-08-14
20230814;Cincinnati Masters;Hard;M;Tommy Paul;Miomir Kecmanovic;13.0;41.0;R64;3;7-5 7-6(2);2023-08-14
20230814;Cincinnati Masters;Hard;M;Adrian Mannarino;Felix Auger Aliassime;32.0;14.0;R32;3;6-4 6-4;2023-08-14
20230814;Cincinnati Masters;Hard;M;Gael Monfils;Alex De Minaur;211.0;12.0;R32;3;7-5 6-4;2023-08-14
20230814;Cincinnati Masters;Hard;M;Novak Djokovic;Carlos Alcaraz;2.0;1.0;F;3;5-7 7-6(7) 7-6(4);2023-08-14
20230814;Cincinnati Masters;Hard;M;Carlos Alcaraz;Hubert Hurkacz;1.0;20.0;SF;3;2-6 7-6(4) 6-3;2023-08-14
20230814;Cincinnati Masters;Hard;M;Novak Djokovic;Alexander Zverev;2.0;17.0;SF;3;7-6(5) 7-5;2023-08-14
20230814;Cincinnati Masters;Hard;M;Hubert Hurkacz;Alexei Popyrin;20.0;58.0;QF;3;6-1 7-6(8);2023-08-14
20230814;Cincinnati Masters;Hard;M;Alexander Zverev;Adrian Mannarino;17.0;32.0;QF;3;6-2 6-3;2023-08-14
20230814;Cincinnati Masters;Hard;M;Novak Djokovic;Taylor Fritz;2.0;9.0;QF;3;6-0 6-4;2023-08-14
20230814;Cincinnati Masters;Hard;M;Carlos Alcaraz;Tommy Paul;1.0;13.0;R16;3;7-6(6) 6-7(0) 6-3;2023-08-14
20230814;Cincinnati Masters;Hard;M;Ugo Humbert;Arthur Fils;33.0;46.0;R64;3;6-4 3-6 6-2;2023-08-14
20230814;Cincinnati Masters;Hard;M;Alexander Zverev;Daniil Medvedev;17.0;3.0;R16;3;6-4 5-7 6-4;2023-08-14
20230814;Cincinnati Masters;Hard;M;Hubert Hurkacz;Stefanos Tsitsipas;20.0;4.0;R16;3;6-3 6-4;2023-08-14
20230814;Cincinnati Masters;Hard;M;Carlos Alcaraz;Jordan Thompson;1.0;55.0;R32;3;7-5 4-6 6-3;2023-08-14
20230814;Cincinnati Masters;Hard;M;Tommy Paul;Ugo Humbert;13.0;33.0;R32;3;6-1 7-6(4);2023-08-14
20230814;Cincinnati Masters;Hard;M;Stan Wawrinka;Frances Tiafoe;51.0;10.0;R32;3;6-3 6-4;2023-08-14
20230814;Cincinnati Masters;Hard;M;Stefanos Tsitsipas;Ben Shelton;4.0;40.0;R32;3;7-6(3) 7-6(2);2023-08-14
20230814;Cincinnati Masters;Hard;M;Alexander Zverev;Yoshihito Nishioka;17.0;45.0;R32;3;7-5 6-4;2023-08-14
20230814;Cincinnati Masters;Hard;M;Daniil Medvedev;Lorenzo Musetti;3.0;18.0;R32;3;6-3 6-2;2023-08-14
20230814;Cincinnati Masters;Hard;M;Taylor Fritz;Lorenzo Sonego;9.0;39.0;R32;3;6-4 7-6(1);2023-08-14
20230814;Cincinnati Masters;Hard;M;Novak Djokovic;Gael Monfils;2.0;211.0;R16;3;6-3 6-2;2023-08-14
20230821;Winston-Salem;Hard;A;Brandon Nakashima;Jason Kubler;72.0;86.0;R64;3;6-1 3-6 7-6(3);2023-08-21
20230821;Winston-Salem;Hard;A;Jack Draper;Nuno Borges;118.0;79.0;R64;3;6-3 6-1;2023-08-21
20230821;Winston-Salem;Hard;A;Benjamin Bonzi;Alexandre Muller;101.0;85.0;R64;3;6-4 6-4;2023-08-21
20230821;Winston-Salem;Hard;A;Alex Michelsen;Juan Pablo Varillas;133.0;74.0;R64;3;6-3 6-7(3) 6-0;2023-08-21
20230821;Winston-Salem;Hard;A;Laslo Djere;Alex Michelsen;34.0;133.0;R16;3;6-4 6-4;2023-08-21
20230821;Winston-Salem;Hard;A;Sebastian Korda;Benjamin Bonzi;33.0;101.0;R32;3;6-2 6-3;2023-08-21
20230821;Winston-Salem;Hard;A;Marton Fucsovics;Zhizhen Zhang;58.0;67.0;R32;3;6-4 6-2;2023-08-21
20230821;Winston-Salem;Hard;A;Brandon Nakashima;Arthur Fils;72.0;48.0;R32;3;6-7(5) 7-6(5) 6-2;2023-08-21
20230821;Winston-Salem;Hard;A;Alex Michelsen;Sebastian Ofner;133.0;59.0;R32;3;7-6(4) 7-5;2023-08-21
20230821;Winston-Salem;Hard;A;Juan Manuel Cerundolo;Yannick Hanfmann;100.0;54.0;R32;3;7-6(3) 5-7 7-6(4);2023-08-21
20230821;Winston-Salem;Hard;A;Michael Mmoh;Marcos Giron;94.0;63.0;R32;3;6-3 6-4;2023-08-21
20230821;Winston-Salem;Hard;A;Sebastian Korda;Marton Fucsovics;33.0;58.0;R16;3;7-6(5) 6-3;2023-08-21
20230821;Winston-Salem;Hard;A;Sebastian Baez;Aleksandar Vukic;42.0;51.0;R16;3;6-4 4-6 6-4;2023-08-21
20230821;Winston-Salem;Hard;A;Sebastian Baez;Laslo Djere;42.0;34.0;QF;3;6-3 6-0;2023-08-21
20230821;Winston-Salem;Hard;A;Sebastian Baez;Jiri Lehecka;42.0;35.0;F;3;6-4 6-3;2023-08-21
20230821;Winston-Salem;Hard;A;Juan Manuel Cerundolo;Roman Safiullin;100.0;61.0;R64;3;7-6(5) 3-6 6-3;2023-08-21
20230828;Us Open;Hard;G;Frances Tiafoe;Adrian Mannarino;10.0;35.0;R32;5;4-6 6-2 6-3 7-6(6);2023-08-28
20230828;Us Open;Hard;G;Rinky Hijikata;Zhizhen Zhang;110.0;67.0;R32;5;6-3 6-3 4-6 6-3;2023-08-28
20230828;Us Open;Hard;G;Andrey Rublev;Arthur Rinderknech;8.0;73.0;R32;5;3-6 6-3 6-1 7-5;2023-08-28
20230828;Us Open;Hard;G;Jack Draper;Michael Mmoh;123.0;89.0;R32;5;6-4 6-2 3-6 6-3;2023-08-28
20230828;Us Open;Hard;G;Alex De Minaur;Nicolas Jarry;13.0;25.0;R32;5;6-1 6-3 6-2;2023-08-28
20230828;Us Open;Hard;G;Laslo Djere;Hugo Gaston;38.0;99.0;R64;5;6-1 6-2 6-3;2023-08-28
20230828;Us Open;Hard;G;Jannik Sinner;Stan Wawrinka;6.0;49.0;R32;5;6-3 2-6 6-4 6-2;2023-08-28
20230828;Us Open;Hard;G;Alexander Zverev;Grigor Dimitrov;12.0;19.0;R32;5;6-7(2) 7-6(8) 6-1 6-1;2023-08-28
20230828;Us Open;Hard;G;Matteo Arnaldi;Cameron Norrie;61.0;16.0;R32;5;6-3 6-4 6-3;2023-08-28
20230828;Us Open;Hard;G;Tommy Paul;Alejandro Davidovich Fokina;14.0;21.0;R32;5;6-1 6-0 3-6 6-3;2023-08-28
20230828;Us Open;Hard;G;Taylor Fritz;Juan Pablo Varillas;9.0;74.0;R64;5;6-1 6-2 6-2;2023-08-28
20230828;Us Open;Hard;G;Jakub Mensik;Titouan Droguet;206.0;171.0;R64;5;3-6 6-2 7-6(1) 6-3;2023-08-28
20230828;Us Open;Hard;G;Daniil Medvedev;Sebastian Baez;3.0;32.0;R32;5;6-2 6-2 7-6(6);2023-08-28
20230828;Us Open;Hard;G;Taylor Fritz;Jakub Mensik;9.0;206.0;R32;5;6-1 6-2 6-0;2023-08-28
20230828;Us Open;Hard;G;Andrey Rublev;Jack Draper;8.0;123.0;R16;5;6-3 3-6 6-3 6-4;2023-08-28
20230828;Us Open;Hard;G;Carlos Alcaraz;Matteo Arnaldi;1.0;61.0;R16;5;6-3 6-3 6-4;2023-08-28
20230828;Us Open;Hard;G;Alexander Zverev;Jannik Sinner;12.0;6.0;R16;5;6-4 3-6 6-2 4-6 6-3;2023-08-28
20230828;Us Open;Hard;G;Daniil Medvedev;Alex De Minaur;3.0;13.0;R16;5;2-6 6-4 6-1 6-2;2023-08-28
20230828;Us Open;Hard;G;Frances Tiafoe;Rinky Hijikata;10.0;110.0;R16;5;6-4 6-1 6-4;2023-08-28
20230828;Us Open;Hard;G;Ben Shelton;Tommy Paul;47.0;14.0;R16;5;6-4 6-3 4-6 6-4;2023-08-28
20230828;Us Open;Hard;G;Carlos Alcaraz;Alexander Zverev;1.0;12.0;QF;5;6-3 6-2 6-4;2023-08-28
20230828;Us Open;Hard;G;Daniil Medvedev;Andrey Rublev;3.0;8.0;QF;5;6-4 6-3 6-4;2023-08-28
20230828;Us Open;Hard;G;Ben Shelton;Frances Tiafoe;47.0;10.0;QF;5;6-2 3-6 7-6(7) 6-2;2023-08-28
20230828;Us Open;Hard;G;Novak Djokovic;Taylor Fritz;2.0;9.0;QF;5;6-1 6-4 6-4;2023-08-28
20230828;Us Open;Hard;G;Daniil Medvedev;Carlos Alcaraz;3.0;1.0;SF;5;7-6(3) 6-1 3-6 6-3;2023-08-28
20230828;Us Open;Hard;G;Novak Djokovic;Ben Shelton;2.0;47.0;SF;5;6-3 6-2 7-6(4);2023-08-28
20230828;Us Open;Hard;G;Novak Djokovic;Daniil Medvedev;2.0;3.0;F;5;6-3 7-6(5) 6-3;2023-08-28
20230828;Us Open;Hard;G;Alejandro Davidovich Fokina;Juan Manuel Cerundolo;21.0;93.0;R64;5;6-1 6-4 6-3;2023-08-28
20230828;Us Open;Hard;G;Novak Djokovic;Laslo Djere;2.0;38.0;R32;5;4-6 4-6 6-1 6-1 6-3;2023-08-28
20230828;Us Open;Hard;G;Tommy Paul;Roman Safiullin;14.0;60.0;R64;5;3-6 2-6 6-2 6-4 6-3;2023-08-28
20230828;Us Open;Hard;G;Jannik Sinner;Yannick Hanfmann;6.0;54.0;R128;5;6-3 6-1 6-1;2023-08-28
20230828;Us Open;Hard;G;Adrian Mannarino;Fabian Marozsan;35.0;92.0;R64;5;3-6 6-3 6-4 6-1;2023-08-28
20230828;Us Open;Hard;G;Roberto Carballes Baena;Holger Rune;63.0;4.0;R128;5;6-3 4-6 6-3 6-2;2023-08-28
20230828;Us Open;Hard;G;Alejandro Davidovich Fokina;Marcos Giron;21.0;62.0;R128;5;6-4 6-4 6-2;2023-08-28
20230828;Us Open;Hard;G;Frances Tiafoe;Learner Tien;10.0;700.0;R128;5;6-2 7-5 6-1;2023-08-28
20230828;Us Open;Hard;G;Sebastian Ofner;Nuno Borges;58.0;79.0;R128;5;7-6(5) 3-6 7-6(7) 6-4;2023-08-28
20230828;Us Open;Hard;G;Adrian Mannarino;Yosuke Watanuki;35.0;85.0;R128;5;7-5 6-7(3) 6-3 7-5;2023-08-28
20230828;Us Open;Hard;G;Marton Fucsovics;Sebastian Korda;57.0;31.0;R128;5;7-6(4) 4-6 7-6(1) 4-6 6-4;2023-08-28
20230828;Us Open;Hard;G;Casper Ruud;Emilio Nava;5.0;154.0;R128;5;7-6(5) 3-6 6-4 7-6(5);2023-08-28
20230828;Us Open;Hard;G;Andrey Rublev;Arthur Cazaux;8.0;119.0;R128;5;6-4 7-6(5) 6-1;2023-08-28
20230828;Us Open;Hard;G;Matteo Berrettini;Ugo Humbert;36.0;33.0;R128;5;6-4 6-2 6-2;2023-08-28
20230828;Us Open;Hard;G;Michael Mmoh;Karen Khachanov;89.0;11.0;R128;5;6-2 6-4 6-2;2023-08-28
20230828;Us Open;Hard;G;Stan Wawrinka;Yoshihito Nishioka;49.0;44.0;R128;5;7-6(5) 6-2 6-4;2023-08-28
20230828;Us Open;Hard;G;Tomas Martin Etcheverry;Otto Virtanen;34.0;133.0;R128;5;6-3 6-7(3) 1-6 6-4 7-6(5);2023-08-28
20230828;Us Open;Hard;G;Alexander Zverev;Aleksandar Vukic;12.0;50.0;R128;5;6-4 6-4 6-4;2023-08-28
20230828;Us Open;Hard;G;Cameron Norrie;Alexander Shevchenko;16.0;83.0;R128;5;6-3 6-2 6-2;2023-08-28
20230828;Us Open;Hard;G;Arthur Fils;Tallon Griekspoor;48.0;24.0;R128;5;4-6 6-3 5-7 6-4 7-5;2023-08-28
20230828;Us Open;Hard;G;Benjamin Bonzi;Quentin Halys;108.0;70.0;R128;5;5-7 6-4 6-4 6-4;2023-08-28
20230828;Us Open;Hard;G;Frances Tiafoe;Sebastian Ofner;10.0;58.0;R64;5;6-3 6-1 6-4;2023-08-28
20230828;Us Open;Hard;G;Titouan Droguet;Lorenzo Musetti;171.0;18.0;R128;5;6-3 0-6 6-7(5) 6-3 6-2;2023-08-28
20230828;Us Open;Hard;G;Mackenzie Mcdonald;Felix Auger Aliassime;40.0;15.0;R128;5;7-6(5) 4-6 6-1 6-4;2023-08-28
20230828;Us Open;Hard;G;Rinky Hijikata;Marton Fucsovics;110.0;57.0;R64;5;6-1 6-2 6-1;2023-08-28
20230828;Us Open;Hard;G;Zhizhen Zhang;Casper Ruud;67.0;5.0;R64;5;6-4 5-7 6-2 0-6 6-2;2023-08-28
20230828;Us Open;Hard;G;Andrey Rublev;Gael Monfils;8.0;162.0;R64;5;6-4 6-3 3-6 6-1;2023-08-28
20230828;Us Open;Hard;G;Jack Draper;Hubert Hurkacz;123.0;17.0;R64;5;6-2 6-4 7-5;2023-08-28
20230828;Us Open;Hard;G;Alex De Minaur;Yibing Wu;13.0;86.0;R64;5;6-1 6-2 6-1;2023-08-28
20230828;Us Open;Hard;G;Nicolas Jarry;Alex Michelsen;25.0;127.0;R64;5;4-6 6-3 6-3 6-3;2023-08-28
20230828;Us Open;Hard;G;Juan Pablo Varillas;Miomir Kecmanovic;74.0;46.0;R128;5;1-6 7-5 7-5 6-4;2023-08-28
20230828;Us Open;Hard;G;Daniil Medvedev;Christopher Oconnell;3.0;69.0;R64;5;6-2 6-2 6-7(6) 6-2;2023-08-28
20230828;Us Open;Hard;G;Stan Wawrinka;Tomas Martin Etcheverry;49.0;34.0;R64;5;7-6(6) 6-7(7) 6-3 6-2;2023-08-28
20230828;Us Open;Hard;G;Alexander Zverev;Daniel Altmaier;12.0;53.0;R64;5;7-6(1) 3-6 6-4 6-3;2023-08-28
20230828;Us Open;Hard;G;Matteo Arnaldi;Arthur Fils;61.0;48.0;R64;5;3-6 7-5 7-6(5) 5-7 6-4;2023-08-28
20230828;Us Open;Hard;G;Novak Djokovic;Alexandre Muller;2.0;84.0;R128;5;6-0 6-2 6-3;2023-08-28
20230828;Us Open;Hard;G;Hugo Gaston;Sho Shimabukuro;99.0;158.0;R128;5;6-2 6-1 7-6(4);2023-08-28
20230828;Us Open;Hard;G;Laslo Djere;Brandon Nakashima;38.0;68.0;R128;5;7-5 6-4 6-4;2023-08-28
20230828;Us Open;Hard;G;Francisco Cerundolo;Zachary Svajda;20.0;234.0;R128;5;5-7 6-4 6-4 6-3;2023-08-28
20230828;Us Open;Hard;G;Jannik Sinner;Lorenzo Sonego;6.0;39.0;R64;5;6-4 6-2 6-4;2023-08-28
20230912;Davis Cup Finals RR: NED vs FIN;Hard;D;Otto Virtanen;Botic Van De Zandschulp;125.0;68.0;RR;3;7-6(0) 6-4;2023-09-12
20230912;Davis Cup Finals RR: FRA vs SUI;Hard;D;Ugo Humbert;Stan Wawrinka;36.0;40.0;RR;3;6-4 6-4;2023-09-12
20230912;Davis Cup Finals RR: SWE vs CHI;Hard;D;Nicolas Jarry;Elias Ymer;22.0;175.0;RR;3;6-2 6-4;2023-09-12
20230913;Davis Cup Finals RR: ESP vs CZE;Hard;D;Jiri Lehecka;Alejandro Davidovich Fokina;30.0;25.0;RR;3;7-6(5) 7-5;2023-09-13
20230913;Davis Cup Finals RR: CRO vs USA;Hard;D;Mackenzie Mcdonald;Dino Prizmic;39.0;168.0;RR;3;6-4 6-2;2023-09-13
20230913;Davis Cup Finals RR: AUS vs GBR;Hard;D;Jack Draper;Thanasi Kokkinakis;106.0;74.0;RR;3;6-7(6) 6-3 7-6(4);2023-09-13
20230913;Davis Cup Finals RR: CAN vs ITA;Hard;D;Gabriel Diallo;Lorenzo Musetti;158.0;18.0;RR;3;7-5 6-4;2023-09-13
20230913;Davis Cup Finals RR: CAN vs ITA;Hard;D;Alexis Galarneau;Lorenzo Sonego;200.0;38.0;RR;3;7-6(8) 6-4;2023-09-13
20230914;Davis Cup Finals RR: CAN vs SWE;Hard;D;Gabriel Diallo;Elias Ymer;158.0;175.0;RR;3;6-4 6-3;2023-09-14
20230914;Davis Cup Finals RR: NED vs USA;Hard;D;Tallon Griekspoor;Frances Tiafoe;24.0;11.0;RR;3;6-3 6-7(7) 7-6(2);2023-09-14
20230914;Davis Cup Finals RR: NED vs USA;Hard;D;Botic Van De Zandschulp;Tommy Paul;68.0;13.0;RR;3;7-6(2) 6-2;2023-09-14
20230914;Davis Cup Finals RR: AUS vs FRA;Hard;D;Alex De Minaur;Ugo Humbert;12.0;36.0;RR;3;7-6(2) 6-3;2023-09-14
20230915;Davis Cup Finals RR: CRO vs FIN;Hard;D;Otto Virtanen;Dino Prizmic;125.0;168.0;RR;3;6-4 3-6 6-3;2023-09-15
20230915;Davis Cup Finals RR: ESP vs SRB;Hard;D;Novak Djokovic;Alejandro Davidovich Fokina;1.0;25.0;RR;3;6-3 6-4;2023-09-15
20230915;Davis Cup Finals RR: GBR vs SUI;Hard;D;Stan Wawrinka;Cameron Norrie;40.0;17.0;RR;3;7-5 6-4;2023-09-15
20230915;Davis Cup Finals RR: ITA vs CHI;Hard;D;Matteo Arnaldi;Cristian Garin;47.0;103.0;RR;3;2-6 6-4 6-3;2023-09-15
20230915;Davis Cup Finals RR: ITA vs CHI;Hard;D;Lorenzo Sonego;Nicolas Jarry;38.0;22.0;RR;3;3-6 7-5 6-4;2023-09-15
20230916;Davis Cup Finals RR: CAN vs CHI;Hard;D;Alexis Galarneau;Alejandro Tabilo;200.0;124.0;RR;3;6-3 7-6(5);2023-09-16
20230916;Davis Cup Finals RR: CAN vs CHI;Hard;D;Nicolas Jarry;Gabriel Diallo;22.0;158.0;RR;3;6-4 6-4;2023-09-16
20230916;Davis Cup Finals RR: USA vs FIN;Hard;D;Otto Virtanen;Mackenzie Mcdonald;125.0;39.0;RR;3;7-6(5) 1-6 7-6(7);2023-09-16
20230916;Davis Cup Finals RR: SRB vs CZE;Hard;D;Jiri Lehecka;Laslo Djere;30.0;37.0;RR;3;7-6(7) 7-5;2023-09-16
20230917;Davis Cup Finals RR: ITA vs SWE;Hard;D;Lorenzo Sonego;Elias Ymer;38.0;175.0;RR;3;6-4 6-4;2023-09-17
20230917;Davis Cup Finals RR: GBR vs FRA;Hard;D;Ugo Humbert;Cameron Norrie;36.0;17.0;RR;3;7-6(5) 3-6 7-5;2023-09-17
20230920;Chengdu;Hard;A;Roman Safiullin;Lorenzo Musetti;55.0;18.0;SF;3;6-3 6-4;2023-09-20
20230920;Chengdu;Hard;A;Arthur Rinderknech;Marcos Giron;67.0;64.0;R16;3;7-6(2) 6-4;2023-09-20
20230920;Chengdu;Hard;A;Roman Safiullin;Brandon Nakashima;55.0;81.0;R32;3;6-4 6-4;2023-09-20
20230920;Chengdu;Hard;A;Grigor Dimitrov;Juan Pablo Varillas;20.0;70.0;R16;3;6-3 6-4;2023-09-20
20230920;Chengdu;Hard;A;Miomir Kecmanovic;Corentin Moutet;47.0;122.0;R16;3;6-2 6-4;2023-09-20
20230920;Chengdu;Hard;A;Lorenzo Musetti;Arthur Rinderknech;18.0;67.0;QF;3;6-3 6-3;2023-09-20
20230920;Chengdu;Hard;A;Grigor Dimitrov;Christopher Oconnell;20.0;53.0;QF;3;6-4 6-1;2023-09-20
20230920;Chengdu;Hard;A;Alexander Zverev;Miomir Kecmanovic;10.0;47.0;QF;3;5-7 7-5 6-2;2023-09-20
20230920;Chengdu;Hard;A;Marcos Giron;Alexander Bublik;64.0;29.0;R32;3;7-6(6) 6-3;2023-09-20
20230920;Chengdu;Hard;A;Alexander Zverev;Grigor Dimitrov;10.0;20.0;SF;3;6-3 7-6(2);2023-09-20
20230920;Zhuhai;Hard;A;Karen Khachanov;Yoshihito Nishioka;15.0;46.0;F;3;7-6(2) 6-1;2023-09-20
20230920;Zhuhai;Hard;A;Karen Khachanov;Sebastian Korda;15.0;33.0;SF;3;7-5 6-4;2023-09-20
20230920;Zhuhai;Hard;A;Karen Khachanov;Mackenzie Mcdonald;15.0;39.0;QF;3;4-6 6-4 6-4;2023-09-20
20230920;Zhuhai;Hard;A;Sebastian Korda;Tomas Martin Etcheverry;33.0;35.0;QF;3;6-1 6-2;2023-09-20
20230920;Zhuhai;Hard;A;Yoshihito Nishioka;Jan Lennard Struff;46.0;23.0;QF;3;6-4 7-5;2023-09-20
20230920;Zhuhai;Hard;A;Sebastian Korda;Alexandre Muller;33.0;84.0;R16;3;6-1 2-6 6-3;2023-09-20
20230920;Zhuhai;Hard;A;Tomas Martin Etcheverry;Dalibor Svrcina;35.0;167.0;R16;3;6-2 6-3;2023-09-20
20230920;Zhuhai;Hard;A;Jan Lennard Struff;Cristian Garin;23.0;102.0;R16;3;6-3 1-6 6-4;2023-09-20
20230920;Zhuhai;Hard;A;Mackenzie Mcdonald;Juncheng Shang;39.0;158.0;R32;3;6-4 6-7(3) 6-3;2023-09-20
20230920;Zhuhai;Hard;A;Alexandre Muller;Rinky Hijikata;84.0;72.0;R32;3;6-3 6-2;2023-09-20
20230920;Zhuhai;Hard;A;Yoshihito Nishioka;Terence Atmane;46.0;149.0;R32;3;0-6 6-4 6-2;2023-09-20
20230920;Chengdu;Hard;A;Alexander Zverev;Roman Safiullin;10.0;55.0;F;3;6-7(2) 7-6(5) 6-3;2023-09-20
20230925;Astana;Hard;A;Adrian Mannarino;Sebastian Korda;34.0;28.0;F;3;4-6 6-3 6-2;2023-09-25
20230925;Astana;Hard;A;Adrian Mannarino;Arthur Rinderknech;34.0;66.0;R32;3;7-6(4) 6-2;2023-09-25
20230925;Astana;Hard;A;Sebastian Korda;Tallon Griekspoor;28.0;24.0;QF;3;6-4 4-6 6-3;2023-09-25
20230925;Astana;Hard;A;Hamad Medjedovic;Jiri Lehecka;120.0;29.0;QF;3;6-3 6-4;2023-09-25
20230925;Astana;Hard;A;Tallon Griekspoor;Sho Shimabukuro;24.0;148.0;R16;3;7-6(5) 6-7(4) 6-1;2023-09-25
20230925;Astana;Hard;A;Sebastian Korda;Nuno Borges;28.0;86.0;R16;3;6-4 7-6(4);2023-09-25
20230925;Astana;Hard;A;Hamad Medjedovic;Alexander Shevchenko;120.0;85.0;R16;3;6-4 6-4;2023-09-25
20230925;Astana;Hard;A;Sebastian Ofner;Alexander Bublik;58.0;35.0;R16;3;6-4 6-2;2023-09-25
20230925;Astana;Hard;A;Sho Shimabukuro;Roberto Carballes Baena;148.0;61.0;R32;3;6-2 6-4;2023-09-25
20230925;Astana;Hard;A;Sebastian Korda;Alexei Popyrin;28.0;45.0;R32;3;7-6(5) 6-7(4) 6-4;2023-09-25
20230925;Astana;Hard;A;Alexander Shevchenko;Botic Van De Zandschulp;85.0;68.0;R32;3;6-4 6-3;2023-09-25
20230925;Astana;Hard;A;Marcos Giron;Stan Wawrinka;82.0;47.0;R32;3;6-7(6) 7-6(4) 7-6(6);2023-09-25
20230925;Astana;Hard;A;Sebastian Ofner;Marton Fucsovics;58.0;57.0;R32;3;2-6 6-2 6-3;2023-09-25
20230925;Astana;Hard;A;Adrian Mannarino;Sebastian Ofner;34.0;58.0;SF;3;6-4 6-2;2023-09-25
20230925;Astana;Hard;A;Sebastian Korda;Hamad Medjedovic;28.0;120.0;SF;3;6-7(8) 7-6(2) 7-6(3);2023-09-25
20230927;Beijing;Hard;A;Yoshihito Nishioka;Juncheng Shang;38.0;160.0;R32;3;5-7 7-5 6-1;2023-09-27
20230927;Beijing;Hard;A;Ugo Humbert;Lorenzo Sonego;36.0;56.0;R32;3;7-5 3-6 6-0;2023-09-27
20230927;Beijing;Hard;A;Jannik Sinner;Daniil Medvedev;7.0;3.0;F;3;7-6(2) 7-6(2);2023-09-27
20230927;Beijing;Hard;A;Jannik Sinner;Carlos Alcaraz;7.0;2.0;SF;3;7-6(4) 6-1;2023-09-27
20230927;Beijing;Hard;A;Daniil Medvedev;Alexander Zverev;3.0;10.0;SF;3;6-4 6-3;2023-09-27
20230927;Beijing;Hard;A;Carlos Alcaraz;Casper Ruud;2.0;9.0;QF;3;6-4 6-2;2023-09-27
20230927;Beijing;Hard;A;Jannik Sinner;Grigor Dimitrov;7.0;19.0;QF;3;6-4 3-6 6-2;2023-09-27
20230927;Beijing;Hard;A;Daniil Medvedev;Tommy Paul;3.0;13.0;R32;3;6-2 6-1;2023-09-27
20230927;Beijing;Hard;A;Daniil Medvedev;Ugo Humbert;3.0;36.0;QF;3;6-4 3-6 6-1;2023-09-27
20230927;Beijing;Hard;A;Carlos Alcaraz;Lorenzo Musetti;2.0;18.0;R16;3;6-2 6-2;2023-09-27
20230927;Beijing;Hard;A;Casper Ruud;Tomas Martin Etcheverry;9.0;31.0;R16;3;1-6 7-5 7-6(7);2023-09-27
20230927;Beijing;Hard;A;Grigor Dimitrov;Holger Rune;19.0;4.0;R16;3;6-3 7-5;2023-09-27
20230927;Beijing;Hard;A;Jannik Sinner;Yoshihito Nishioka;7.0;38.0;R16;3;6-2 6-0;2023-09-27
20230927;Beijing;Hard;A;Alexander Zverev;Nicolas Jarry;10.0;23.0;QF;3;6-1 6-7(5) 6-3;2023-09-27
20230927;Beijing;Hard;A;Nicolas Jarry;Matteo Arnaldi;23.0;48.0;R16;3;6-7(4) 7-6(4) 6-3;2023-09-27
20230927;Beijing;Hard;A;Ugo Humbert;Andrey Rublev;36.0;6.0;R16;3;5-7 6-3 7-6(3);2023-09-27
20230927;Beijing;Hard;A;Daniil Medvedev;Alex De Minaur;3.0;12.0;R16;3;7-6(3) 6-3;2023-09-27
20230927;Beijing;Hard;A;Carlos Alcaraz;Yannick Hanfmann;2.0;53.0;R32;3;6-4 6-3;2023-09-27
20230927;Beijing;Hard;A;Lorenzo Musetti;Karen Khachanov;18.0;14.0;R32;3;6-3 1-6 6-2;2023-09-27
20230927;Beijing;Hard;A;Casper Ruud;Jan Lennard Struff;9.0;22.0;R32;3;7-6(5) 6-3;2023-09-27
20230927;Beijing;Hard;A;Holger Rune;Felix Auger Aliassime;4.0;15.0;R32;3;6-4 6-4;2023-09-27
20230927;Beijing;Hard;A;Grigor Dimitrov;Mackenzie Mcdonald;19.0;39.0;R32;3;2-6 7-6(4) 6-1;2023-09-27
20230927;Beijing;Hard;A;Nicolas Jarry;Stefanos Tsitsipas;23.0;5.0;R32;3;6-4 6-4;2023-09-27
20230927;Beijing;Hard;A;Andrey Rublev;Cameron Norrie;6.0;16.0;R32;3;4-6 6-1 6-4;2023-09-27
20230927;Beijing;Hard;A;Alexander Zverev;Alejandro Davidovich Fokina;10.0;25.0;R16;3;6-7(4) 6-2 6-1;2023-09-27
20231002;Shanghai Masters;Hard;M;Botic Van De Zandschulp;Christopher Oconnell;67.0;58.0;R128;3;6-2 6-7(2) 6-4;2023-10-02
20231002;Shanghai Masters;Hard;M;Rinky Hijikata;Laslo Djere;75.0;36.0;R128;3;7-6(4) 7-5;2023-10-02
20231002;Shanghai Masters;Hard;M;Terence Atmane;Jordan Thompson;148.0;62.0;R128;3;6-3 3-6 6-1;2023-10-02
20231002;Shanghai Masters;Hard;M;Matteo Arnaldi;Alexei Popyrin;42.0;43.0;R128;3;4-6 6-3 6-4;2023-10-02
20231002;Shanghai Masters;Hard;M;Yosuke Watanuki;Juncheng Shang;79.0;156.0;R128;3;7-6(7) 4-6 6-4;2023-10-02
20231002;Shanghai Masters;Hard;M;Sebastian Ofner;Juan Pablo Varillas;49.0;65.0;R128;3;7-6(3) 7-6(6);2023-10-02
20231002;Shanghai Masters;Hard;M;Mackenzie Mcdonald;Corentin Moutet;38.0;119.0;R128;3;6-2 6-3;2023-10-02
20231002;Shanghai Masters;Hard;M;Yoshihito Nishioka;Daniel Altmaier;48.0;47.0;R128;3;6-4 3-6 7-6(2);2023-10-02
20231002;Shanghai Masters;Hard;M;Yannick Hanfmann;James Duckworth;53.0;139.0;R128;3;6-4 6-7(10) 6-3;2023-10-02
20231002;Shanghai Masters;Hard;M;Fabian Marozsan;Arthur Rinderknech;91.0;68.0;R128;3;7-6(6) 6-2;2023-10-02
20231002;Shanghai Masters;Hard;M;Cristian Garin;Aleksandar Kovacevic;98.0;146.0;R128;3;6-4 7-6(10);2023-10-02
20231002;Shanghai Masters;Hard;M;Aleksandar Vukic;Roberto Carballes Baena;54.0;61.0;R128;3;6-4 7-6(7);2023-10-02
20231002;Shanghai Masters;Hard;M;Chun Hsin Tseng;Alexander Shevchenko;380.0;84.0;R128;3;3-6 6-3 6-2;2023-10-02
20231002;Shanghai Masters;Hard;M;Francisco Cerundolo;Mackenzie Mcdonald;21.0;38.0;R64;3;7-6(4) 7-6(5);2023-10-02
20231002;Shanghai Masters;Hard;M;Daniil Medvedev;Cristian Garin;3.0;98.0;R64;3;6-3 6-3;2023-10-02
20231002;Shanghai Masters;Hard;M;Sebastian Korda;Francisco Cerundolo;26.0;21.0;R16;3;7-5 7-6(6);2023-10-02
20231002;Shanghai Masters;Hard;M;Ben Shelton;Jannik Sinner;20.0;4.0;R16;3;2-6 6-3 7-6(5);2023-10-02
20231002;Shanghai Masters;Hard;M;Grigor Dimitrov;Karen Khachanov;19.0;14.0;R32;3;7-6(6) 6-4;2023-10-02
20231002;Shanghai Masters;Hard;M;Nicolas Jarry;Lorenzo Sonego;22.0;59.0;R32;3;7-6(4) 6-2;2023-10-02
20231002;Shanghai Masters;Hard;M;Ugo Humbert;Stefanos Tsitsipas;34.0;6.0;R32;3;6-4 3-6 7-5;2023-10-02
20231002;Shanghai Masters;Hard;M;Tommy Paul;Arthur Fils;12.0;44.0;R32;3;6-4 6-7(7) 6-4;2023-10-02
20231002;Shanghai Masters;Hard;M;Andrey Rublev;Adrian Mannarino;7.0;23.0;R32;3;6-3 6-0;2023-10-02
20231002;Shanghai Masters;Hard;M;Zhizhen Zhang;Brandon Nakashima;60.0;122.0;R32;3;7-6(2) 6-2;2023-10-02
20231002;Shanghai Masters;Hard;M;Jannik Sinner;Sebastian Baez;4.0;29.0;R32;3;3-6 6-3 6-2;2023-10-02
20231002;Shanghai Masters;Hard;M;Ben Shelton;Roman Safiullin;20.0;50.0;R32;3;3-6 6-3 6-4;2023-10-02
20231002;Shanghai Masters;Hard;M;Francisco Cerundolo;Marton Fucsovics;21.0;57.0;R32;3;3-6 6-4 7-5;2023-10-02
20231002;Shanghai Masters;Hard;M;Sebastian Korda;Daniil Medvedev;26.0;3.0;R32;3;7-6(8) 6-2;2023-10-02
20231002;Shanghai Masters;Hard;M;Grigor Dimitrov;Aleksandar Vukic;19.0;54.0;R64;3;6-4 6-3;2023-10-02
20231002;Shanghai Masters;Hard;M;Lorenzo Sonego;Frances Tiafoe;59.0;13.0;R64;3;2-6 6-2 6-3;2023-10-02
20231002;Shanghai Masters;Hard;M;Nicolas Jarry;Terence Atmane;22.0;148.0;R64;3;7-5 6-2;2023-10-02
20231002;Shanghai Masters;Hard;M;Taylor Fritz;Yosuke Watanuki;8.0;79.0;R64;3;7-6(2) 6-7(6) 6-4;2023-10-02
20231002;Shanghai Masters;Hard;M;Stefanos Tsitsipas;Rinky Hijikata;6.0;75.0;R64;3;6-4 6-2;2023-10-02
20231002;Shanghai Masters;Hard;M;Ugo Humbert;Botic Van De Zandschulp;34.0;67.0;R64;3;6-4 1-6 6-2;2023-10-02
20231002;Shanghai Masters;Hard;M;Matteo Arnaldi;Jan Lennard Struff;42.0;27.0;R64;3;6-3 3-6 6-4;2023-10-02
20231002;Shanghai Masters;Hard;M;Marton Fucsovics;Felix Auger Aliassime;57.0;15.0;R64;3;7-6(3) 4-6 6-3;2023-10-02
20231002;Shanghai Masters;Hard;M;Hubert Hurkacz;Zhizhen Zhang;17.0;60.0;R16;3;7-6(6) 4-6 7-6(4);2023-10-02
20231002;Shanghai Masters;Hard;M;Andrey Rublev;Tommy Paul;7.0;12.0;R16;3;7-5 7-5;2023-10-02
20231002;Shanghai Masters;Hard;M;Fabian Marozsan;Casper Ruud;91.0;9.0;R16;3;7-6(3) 3-6 6-4;2023-10-02
20231002;Shanghai Masters;Hard;M;Adrian Mannarino;Chun Hsin Tseng;23.0;380.0;R64;3;6-2 6-2;2023-10-02
20231002;Shanghai Masters;Hard;M;Jannik Sinner;Marcos Giron;4.0;80.0;R64;3;7-6(7) 6-2;2023-10-02
20231002;Shanghai Masters;Hard;M;Brandon Nakashima;Holger Rune;122.0;5.0;R64;3;6-0 6-2;2023-10-02
20231002;Shanghai Masters;Hard;M;Zhizhen Zhang;Tomas Martin Etcheverry;60.0;31.0;R64;3;4-6 6-3 6-4;2023-10-02
20231002;Shanghai Masters;Hard;M;Hubert Hurkacz;Thanasi Kokkinakis;17.0;69.0;R64;3;7-6(5) 6-4;2023-10-02
20231002;Shanghai Masters;Hard;M;Fabian Marozsan;Alex De Minaur;91.0;11.0;R64;3;6-3 7-5;2023-10-02
20231002;Shanghai Masters;Hard;M;Casper Ruud;Yoshihito Nishioka;9.0;48.0;R64;3;7-5 6-0;2023-10-02
20231002;Shanghai Masters;Hard;M;Andrey Rublev;Quentin Halys;7.0;76.0;R64;3;6-4 7-5;2023-10-02
20231002;Shanghai Masters;Hard;M;Grigor Dimitrov;Carlos Alcaraz;19.0;2.0;R16;3;5-7 6-2 6-4;2023-10-02
20231002;Shanghai Masters;Hard;M;Sebastian Baez;Dane Sweeny;29.0;273.0;R64;3;6-2 6-4;2023-10-02
20231002;Shanghai Masters;Hard;M;Arthur Fils;Alejandro Davidovich Fokina;44.0;25.0;R64;3;6-2 7-5;2023-10-02
20231002;Shanghai Masters;Hard;M;Hubert Hurkacz;Andrey Rublev;17.0;7.0;F;3;6-3 3-6 7-6(8);2023-10-02
20231002;Shanghai Masters;Hard;M;Andrey Rublev;Grigor Dimitrov;7.0;19.0;SF;3;7-6(7) 6-3;2023-10-02
20231002;Shanghai Masters;Hard;M;Hubert Hurkacz;Sebastian Korda;17.0;26.0;SF;3;6-3 6-4;2023-10-02
20231002;Shanghai Masters;Hard;M;Grigor Dimitrov;Nicolas Jarry;19.0;22.0;QF;3;7-6(2) 6-4;2023-10-02
20231002;Shanghai Masters;Hard;M;Andrey Rublev;Ugo Humbert;7.0;34.0;QF;3;6-2 6-3;2023-10-02
20231002;Shanghai Masters;Hard;M;Roman Safiullin;Alexander Zverev;50.0;10.0;R64;3;6-3 6-1;2023-10-02
20231002;Shanghai Masters;Hard;M;Hubert Hurkacz;Fabian Marozsan;17.0;91.0;QF;3;4-6 6-1 6-3;2023-10-02
20231002;Shanghai Masters;Hard;M;Sebastian Korda;Ben Shelton;26.0;20.0;QF;3;6-7(10) 6-2 7-6(6);2023-10-02
20231002;Shanghai Masters;Hard;M;Tommy Paul;Sebastian Ofner;12.0;49.0;R64;3;6-3 6-0;2023-10-02
20231002;Shanghai Masters;Hard;M;Ben Shelton;Jaume Munar;20.0;82.0;R64;3;6-4 6-4;2023-10-02
20231016;Antwerp;Hard;A;Alexander Shevchenko;Benjamin Bonzi;84.0;89.0;R32;3;6-7(5) 7-6(5) 6-3;2023-10-16
20231016;Antwerp;Hard;A;Yannick Hanfmann;Alexander Blockx;56.0;646.0;R32;3;6-4 7-6(3);2023-10-16
20231016;Antwerp;Hard;A;Juan Pablo Varillas;Fabian Marozsan;69.0;65.0;R32;3;7-6(7) 6-4;2023-10-16
20231016;Antwerp;Hard;A;Stefanos Tsitsipas;Yannick Hanfmann;7.0;56.0;QF;3;6-3 6-3;2023-10-16
20231016;Antwerp;Hard;A;David Goffin;Quentin Halys;105.0;87.0;R32;3;6-4 6-1;2023-10-16
20231016;Antwerp;Hard;A;Hugo Gaston;Arthur Rinderknech;96.0;82.0;R32;3;7-6(7) 6-4;2023-10-16
20231016;Antwerp;Hard;A;Hugo Gaston;Jan Lennard Struff;96.0;27.0;R16;3;5-7 7-6(5) 7-6(11);2023-10-16
20231016;Antwerp;Hard;A;Giovanni Mpetshi Perricard;Roberto Carballes Baena;226.0;64.0;R32;3;0-6 6-3 7-6(4);2023-10-16
20231016;Antwerp;Hard;A;Giovanni Mpetshi Perricard;David Goffin;226.0;105.0;R16;3;7-5 6-3;2023-10-16
20231016;Tokyo;Hard;A;Casper Ruud;Yosuke Watanuki;8.0;73.0;R32;3;7-6(6) 6-3;2023-10-16
20231016;Antwerp;Hard;A;Stefanos Tsitsipas;Botic Van De Zandschulp;7.0;67.0;R16;3;7-5 6-3;2023-10-16
20231016;Tokyo;Hard;A;Shintaro Mochizuki;Taylor Fritz;215.0;10.0;R16;3;0-6 6-4 7-6(2);2023-10-16
20231016;Tokyo;Hard;A;Marcos Giron;Felix Auger Aliassime;79.0;17.0;QF;3;6-1 6-4;2023-10-16
20231016;Tokyo;Hard;A;Ben Shelton;Tommy Paul;19.0;12.0;QF;3;7-6(4) 6-3;2023-10-16
20231016;Tokyo;Hard;A;Shintaro Mochizuki;Alexei Popyrin;215.0;41.0;QF;3;7-5 2-6 7-5;2023-10-16
20231016;Tokyo;Hard;A;Ben Shelton;Marcos Giron;19.0;79.0;SF;3;6-7(2) 7-6(5) 6-4;2023-10-16
20231016;Stockholm;Hard;A;Gael Monfils;Marton Fucsovics;140.0;52.0;R32;3;2-6 6-2 7-5;2023-10-16
20231016;Stockholm;Hard;A;Dino Prizmic;Jiri Lehecka;165.0;30.0;R32;3;6-3 7-5;2023-10-16
20231016;Tokyo;Hard;A;Alexei Popyrin;Cristian Garin;41.0;94.0;R16;3;4-6 7-6(3) 6-2;2023-10-16
20231016;Stockholm;Hard;A;Elias Ymer;Roberto Bautista Agut;168.0;49.0;R32;3;6-4 6-4;2023-10-16
20231016;Stockholm;Hard;A;Gael Monfils;Filip Misolic;140.0;181.0;R16;3;6-4 6-3;2023-10-16
20231016;Stockholm;Hard;A;Tomas Machac;Stan Wawrinka;81.0;46.0;R16;3;6-4 6-1;2023-10-16
20231016;Stockholm;Hard;A;Elias Ymer;Dino Prizmic;168.0;165.0;R16;3;6-3 3-6 6-2;2023-10-16
20231016;Stockholm;Hard;A;Miomir Kecmanovic;Holger Rune;53.0;6.0;R16;3;7-6(3) 6-2;2023-10-16
20231016;Stockholm;Hard;A;Gael Monfils;Adrian Mannarino;140.0;24.0;QF;3;7-5 7-6(3);2023-10-16
20231016;Stockholm;Hard;A;Laslo Djere;Tomas Machac;35.0;81.0;QF;3;5-7 7-6(5) 6-4;2023-10-16
20231016;Stockholm;Hard;A;Gael Monfils;Laslo Djere;140.0;35.0;SF;3;7-5 6-2;2023-10-16
20231016;Stockholm;Hard;A;Adrian Mannarino;Roman Safiullin;24.0;42.0;R16;3;6-4 6-4;2023-10-16
20231016;Tokyo;Hard;A;Tommy Paul;Mackenzie Mcdonald;12.0;37.0;R16;3;6-4 6-2;2023-10-16
20231016;Tokyo;Hard;A;Ben Shelton;Jordan Thompson;19.0;60.0;R16;3;6-7(5) 6-4 6-3;2023-10-16
20231016;Tokyo;Hard;A;Felix Auger Aliassime;Sebastian Ofner;17.0;47.0;R16;3;6-4 6-1;2023-10-16
20231016;Antwerp;Hard;A;Alexander Bublik;Giovanni Mpetshi Perricard;36.0;226.0;QF;3;6-4 4-6 6-2;2023-10-16
20231016;Antwerp;Hard;A;Arthur Fils;Juan Pablo Varillas;38.0;69.0;QF;3;6-0 6-3;2023-10-16
20231016;Antwerp;Hard;A;Arthur Fils;Stefanos Tsitsipas;38.0;7.0;SF;3;7-6(5) 7-6(4);2023-10-16
20231016;Antwerp;Hard;A;Alexander Bublik;Arthur Fils;36.0;38.0;F;3;6-4 6-4;2023-10-16
20231016;Tokyo;Hard;A;Marcos Giron;Yoshihito Nishioka;79.0;44.0;R32;3;7-6(14) 4-6 6-1;2023-10-16
20231016;Tokyo;Hard;A;Sebastian Ofner;Christopher Oconnell;47.0;59.0;R32;3;6-7(2) 7-6(5) 7-5;2023-10-16
20231016;Tokyo;Hard;A;Felix Auger Aliassime;Aleksandar Vukic;17.0;54.0;R32;3;7-6(3) 6-7(2) 6-2;2023-10-16
20231016;Antwerp;Hard;A;Juan Pablo Varillas;Alexander Shevchenko;69.0;84.0;R16;3;3-6 6-3 6-2;2023-10-16
20231016;Tokyo;Hard;A;Jordan Thompson;Alexander Zverev;60.0;9.0;R32;3;6-3 6-4;2023-10-16
20231016;Tokyo;Hard;A;Zhizhen Zhang;Hubert Hurkacz;57.0;11.0;R32;3;3-6 6-4 7-6(4);2023-10-16
20231016;Tokyo;Hard;A;Alex De Minaur;Jack Draper;13.0;88.0;R32;3;4-6 7-6(4) 7-6(1);2023-10-16
20231016;Tokyo;Hard;A;Alexei Popyrin;Karen Khachanov;41.0;15.0;R32;3;6-4 6-2;2023-10-16
20231016;Tokyo;Hard;A;Cristian Garin;Sho Shimabukuro;94.0;143.0;R32;3;6-4 3-6 6-3;2023-10-16
20231016;Tokyo;Hard;A;Shintaro Mochizuki;Tomas Martin Etcheverry;215.0;31.0;R32;3;6-4 7-6(5);2023-10-16
20231016;Tokyo;Hard;A;Taylor Fritz;Cameron Norrie;10.0;18.0;R32;3;6-4 6-3;2023-10-16
20231016;Tokyo;Hard;A;Marcos Giron;Casper Ruud;79.0;8.0;R16;3;6-3 6-4;2023-10-16
20231016;Tokyo;Hard;A;Tommy Paul;Daniel Altmaier;12.0;48.0;R32;3;3-6 6-1 6-3;2023-10-16
20231023;Vienna;Hard;A;Andrey Rublev;Alexei Popyrin;5.0;39.0;R32;3;7-6(5) 6-4;2023-10-23
20231023;Vienna;Hard;A;Gael Monfils;Daniel Altmaier;89.0;47.0;R32;3;6-4 6-4;2023-10-23
20231023;Vienna;Hard;A;Cameron Norrie;Filip Misolic;18.0;169.0;R32;3;7-6(7) 4-6 6-3;2023-10-23
20231023;Vienna;Hard;A;Jannik Sinner;Ben Shelton;4.0;15.0;R32;3;7-6(2) 7-5;2023-10-23
20231023;Vienna;Hard;A;Jannik Sinner;Daniil Medvedev;4.0;3.0;F;3;7-6(7) 4-6 6-3;2023-10-23
20231023;Vienna;Hard;A;Lorenzo Sonego;Francisco Cerundolo;52.0;21.0;R32;3;6-4 5-7 6-2;2023-10-23
20231023;Vienna;Hard;A;Alexander Zverev;Sebastian Ofner;10.0;44.0;R32;3;6-4 6-1;2023-10-23
20231023;Basel;Hard;A;Botic Van De Zandschulp;Roberto Bautista Agut;65.0;48.0;R32;3;7-5 6-7(3) 6-2;2023-10-23
20231023;Vienna;Hard;A;Tomas Machac;Aleksandar Vukic;74.0;56.0;R32;3;6-3 6-1;2023-10-23
20231023;Basel;Hard;A;Hubert Hurkacz;Ugo Humbert;11.0;28.0;SF;3;6-4 3-6 7-6(5);2023-10-23
20231023;Basel;Hard;A;Holger Rune;Tomas Martin Etcheverry;6.0;32.0;QF;3;6-1 3-6 7-6(6);2023-10-23
20231023;Basel;Hard;A;Felix Auger Aliassime;Alexander Shevchenko;19.0;83.0;QF;3;7-6(2) 3-6 7-6(1);2023-10-23
20231023;Basel;Hard;A;Hubert Hurkacz;Tallon Griekspoor;11.0;25.0;QF;3;6-7(6) 6-4 6-4;2023-10-23
20231023;Basel;Hard;A;Holger Rune;Sebastian Baez;6.0;29.0;R16;3;7-6(2) 6-1;2023-10-23
20231023;Basel;Hard;A;Alexander Shevchenko;Taylor Fritz;83.0;9.0;R16;3;6-7(7) 7-6(6) 7-6(5);2023-10-23
20231023;Basel;Hard;A;Felix Auger Aliassime;Botic Van De Zandschulp;19.0;65.0;R16;3;6-4 6-2;2023-10-23
20231023;Basel;Hard;A;Tallon Griekspoor;Alex De Minaur;25.0;13.0;R16;3;6-4 6-3;2023-10-23
20231023;Vienna;Hard;A;Tommy Paul;Alexandre Muller;12.0;84.0;R32;3;6-3 6-1;2023-10-23
20231023;Basel;Hard;A;Hubert Hurkacz;Jan Lennard Struff;11.0;27.0;R16;3;6-1 6-4;2023-10-23
20231023;Basel;Hard;A;Ugo Humbert;Nicolas Jarry;28.0;20.0;R16;3;7-6(3) 7-6(4);2023-10-23
20231023;Basel;Hard;A;Holger Rune;Miomir Kecmanovic;6.0;55.0;R32;3;1-6 7-5 6-3;2023-10-23
20231023;Basel;Hard;A;Sebastian Baez;Christopher Oconnell;29.0;61.0;R32;3;6-7(3) 6-4 6-3;2023-10-23
20231023;Basel;Hard;A;Tomas Martin Etcheverry;Sebastian Korda;32.0;23.0;R32;3;6-3 1-6 6-3;2023-10-23
20231023;Basel;Hard;A;Alexander Shevchenko;Stan Wawrinka;83.0;45.0;R32;3;6-3 7-6(8);2023-10-23
20231023;Basel;Hard;A;Felix Auger Aliassime;Leandro Riedi;19.0;162.0;R32;3;6-3 6-2;2023-10-23
20231023;Basel;Hard;A;Nicolas Jarry;Adrian Mannarino;20.0;24.0;R32;3;7-6(6) 6-7(2) 6-4;2023-10-23
20231023;Basel;Hard;A;Ugo Humbert;Marcos Giron;28.0;57.0;R32;3;6-3 4-6 7-6(3);2023-10-23
20231023;Vienna;Hard;A;Alexander Zverev;Cameron Norrie;10.0;18.0;R16;3;6-2 6-4;2023-10-23
20231023;Vienna;Hard;A;Stefanos Tsitsipas;Tomas Machac;7.0;74.0;R16;3;6-3 4-6 7-5;2023-10-23
20231023;Vienna;Hard;A;Karen Khachanov;Jiri Lehecka;16.0;31.0;R16;3;6-3 6-1;2023-10-23
20231023;Vienna;Hard;A;Daniil Medvedev;Grigor Dimitrov;3.0;17.0;R16;3;3-6 6-2 6-4;2023-10-23
20231023;Vienna;Hard;A;Jannik Sinner;Frances Tiafoe;4.0;14.0;QF;3;6-3 6-4;2023-10-23
20231023;Vienna;Hard;A;Andrey Rublev;Alexander Zverev;5.0;10.0;QF;3;6-1 6-7(5) 6-3;2023-10-23
20231023;Vienna;Hard;A;Daniil Medvedev;Karen Khachanov;3.0;16.0;QF;3;6-3 3-6 6-3;2023-10-23
20231023;Vienna;Hard;A;Jannik Sinner;Andrey Rublev;4.0;5.0;SF;3;7-5 7-6(5);2023-10-23
20231023;Vienna;Hard;A;Daniil Medvedev;Stefanos Tsitsipas;3.0;7.0;SF;3;6-4 7-6(6);2023-10-23
20231023;Basel;Hard;A;Felix Auger Aliassime;Holger Rune;19.0;6.0;SF;3;6-3 6-2;2023-10-23
20231023;Basel;Hard;A;Felix Auger Aliassime;Hubert Hurkacz;19.0;11.0;F;3;7-6(3) 7-6(5);2023-10-23
20231023;Basel;Hard;A;Casper Ruud;Alexander Bublik;8.0;30.0;R32;3;7-6(5) 6-2;2023-10-23
20231023;Vienna;Hard;A;Karen Khachanov;Roman Safiullin;16.0;43.0;R32;3;6-4 6-4;2023-10-23
20231023;Vienna;Hard;A;Grigor Dimitrov;Lorenzo Musetti;17.0;22.0;R32;3;6-3 6-4;2023-10-23
20231023;Vienna;Hard;A;Daniil Medvedev;Arthur Fils;3.0;38.0;R32;3;6-4 6-2;2023-10-23
20231023;Vienna;Hard;A;Jannik Sinner;Lorenzo Sonego;4.0;52.0;R16;3;6-2 6-4;2023-10-23
20231023;Vienna;Hard;A;Frances Tiafoe;Gael Monfils;14.0;89.0;R16;3;5-7 6-1 6-4;2023-10-23
20231023;Vienna;Hard;A;Andrey Rublev;Matteo Arnaldi;5.0;46.0;R16;3;7-5 6-3;2023-10-23
20231030;Paris Masters;Hard;M;Alexander Zverev;Ugo Humbert;9.0;26.0;R32;3;6-4 6-7(3) 7-6(5);2023-10-30
20231030;Paris Masters;Hard;M;Karen Khachanov;Roman Safiullin;15.0;45.0;R16;3;4-6 6-4 6-2;2023-10-30
20231030;Paris Masters;Hard;M;Novak Djokovic;Tomas Martin Etcheverry;1.0;31.0;R32;3;6-3 6-2;2023-10-30
20231030;Paris Masters;Hard;M;Tallon Griekspoor;Alejandro Davidovich Fokina;23.0;28.0;R32;3;6-2 6-2;2023-10-30
20231030;Paris Masters;Hard;M;Jannik Sinner;Mackenzie Mcdonald;4.0;42.0;R32;3;6-7(6) 7-5 6-1;2023-10-30
20231030;Paris Masters;Hard;M;Francisco Cerundolo;Casper Ruud;21.0;8.0;R32;3;7-5 6-4;2023-10-30
20231030;Paris Masters;Hard;M;Andrey Rublev;Yoshihito Nishioka;5.0;49.0;R32;3;6-4 6-3;2023-10-30
20231030;Paris Masters;Hard;M;Stefanos Tsitsipas;Alexander Zverev;6.0;9.0;R16;3;7-6(2) 6-4;2023-10-30
20231030;Paris Masters;Hard;M;Hubert Hurkacz;Roberto Bautista Agut;11.0;66.0;R32;3;6-3 6-2;2023-10-30
20231030;Paris Masters;Hard;M;Botic Van De Zandschulp;Tommy Paul;60.0;12.0;R32;3;6-4 2-6 6-3;2023-10-30
20231030;Paris Masters;Hard;M;Grigor Dimitrov;Alexander Bublik;17.0;33.0;R16;3;6-2 6-2;2023-10-30
20231030;Paris Masters;Hard;M;Novak Djokovic;Tallon Griekspoor;1.0;23.0;R16;3;4-6 7-6(2) 6-4;2023-10-30
20231030;Paris Masters;Hard;M;Andrey Rublev;Botic Van De Zandschulp;5.0;60.0;R16;3;6-3 6-3;2023-10-30
20231030;Paris Masters;Hard;M;Holger Rune;Daniel Altmaier;7.0;54.0;R16;3;6-3 6-3;2023-10-30
20231030;Paris Masters;Hard;M;Alexander Bublik;Nicolas Jarry;33.0;20.0;R32;3;7-6(3) 7-6(3);2023-10-30
20231030;Paris Masters;Hard;M;Stefanos Tsitsipas;Karen Khachanov;6.0;15.0;QF;3;6-3 6-4;2023-10-30
20231030;Paris Masters;Hard;M;Grigor Dimitrov;Hubert Hurkacz;17.0;11.0;QF;3;6-1 4-6 6-4;2023-10-30
20231030;Paris Masters;Hard;M;Andrey Rublev;Alex De Minaur;5.0;13.0;QF;3;4-6 6-3 6-1;2023-10-30
20231030;Paris Masters;Hard;M;Novak Djokovic;Holger Rune;1.0;7.0;QF;3;7-5 6-7(3) 6-4;2023-10-30
20231030;Paris Masters;Hard;M;Grigor Dimitrov;Stefanos Tsitsipas;17.0;6.0;SF;3;6-3 6-7(1) 7-6(3);2023-10-30
20231030;Paris Masters;Hard;M;Novak Djokovic;Andrey Rublev;1.0;5.0;SF;3;5-7 7-6(3) 7-5;2023-10-30
20231030;Paris Masters;Hard;M;Novak Djokovic;Grigor Dimitrov;1.0;17.0;F;3;6-4 6-3;2023-10-30
20231030;Paris Masters;Hard;M;Hubert Hurkacz;Francisco Cerundolo;11.0;21.0;R16;3;6-4 6-3;2023-10-30
20231030;Paris Masters;Hard;M;Stefanos Tsitsipas;Felix Auger Aliassime;6.0;19.0;R32;3;6-3 7-6(4);2023-10-30
20231030;Paris Masters;Hard;M;Ugo Humbert;Marcos Giron;26.0;59.0;R64;3;6-4 6-3;2023-10-30
20231030;Paris Masters;Hard;M;Grigor Dimitrov;Daniil Medvedev;17.0;3.0;R32;3;6-3 6-7(4) 7-6(2);2023-10-30
20231030;Paris Masters;Hard;M;Alexander Zverev;Marton Fucsovics;9.0;52.0;R64;3;4-6 7-5 6-4;2023-10-30
20231030;Paris Masters;Hard;M;Roman Safiullin;Alexandre Muller;45.0;83.0;R64;3;7-6(4) 6-3;2023-10-30
20231030;Paris Masters;Hard;M;Nicolas Jarry;Alexei Popyrin;20.0;39.0;R64;3;7-5 7-6(6);2023-10-30
20231030;Paris Masters;Hard;M;Alexander Bublik;Frances Tiafoe;33.0;14.0;R64;3;6-3 6-4;2023-10-30
20231030;Paris Masters;Hard;M;Hubert Hurkacz;Sebastian Korda;11.0;24.0;R64;3;6-3 6-7(6) 6-3;2023-10-30
20231030;Paris Masters;Hard;M;Roberto Bautista Agut;Jiri Lehecka;66.0;30.0;R64;3;6-4 6-2;2023-10-30
20231030;Paris Masters;Hard;M;Francisco Cerundolo;Gael Monfils;21.0;79.0;R64;3;4-6 7-6(2) 7-5;2023-10-30
20231030;Paris Masters;Hard;M;Yoshihito Nishioka;Jordan Thompson;49.0;55.0;R64;3;7-6(5) 4-6 6-2;2023-10-30
20231030;Paris Masters;Hard;M;Botic Van De Zandschulp;Adrian Mannarino;60.0;25.0;R64;3;6-4 7-5;2023-10-30
20231030;Paris Masters;Hard;M;Daniel Altmaier;Arthur Fils;54.0;36.0;R64;3;6-2 6-4;2023-10-30
20231030;Paris Masters;Hard;M;Taylor Fritz;Sebastian Baez;10.0;29.0;R64;3;6-1 6-4;2023-10-30
20231030;Paris Masters;Hard;M;Alejandro Davidovich Fokina;Ben Shelton;28.0;16.0;R64;3;7-6(4) 5-7 6-3;2023-10-30
20231030;Paris Masters;Hard;M;Tomas Martin Etcheverry;Miomir Kecmanovic;31.0;53.0;R64;3;4-6 7-6(6) 6-4;2023-10-30
20231030;Paris Masters;Hard;M;Roman Safiullin;Carlos Alcaraz;45.0;2.0;R32;3;6-3 6-4;2023-10-30
20231030;Paris Masters;Hard;M;Karen Khachanov;Laslo Djere;15.0;34.0;R32;3;6-4 7-5;2023-10-30
20231030;Paris Masters;Hard;M;Grigor Dimitrov;Lorenzo Musetti;17.0;22.0;R64;3;6-2 6-7(4) 6-3;2023-10-30
20231030;Paris Masters;Hard;M;Felix Auger Aliassime;Jan Lennard Struff;19.0;27.0;R64;3;7-6(3) 6-4;2023-10-30
20231106;Sofia;Hard;A;Sebastian Ofner;Christopher Oconnell;44.0;66.0;R16;3;6-7(6) 6-4 6-2;2023-11-06
20231106;Metz;Hard;A;Ugo Humbert;Alexander Shevchenko;23.0;63.0;F;3;6-3 6-3;2023-11-06
20231106;Metz;Hard;A;Alexander Shevchenko;Pierre Hugues Herbert;63.0;344.0;SF;3;6-4 6-4;2023-11-06
20231106;Metz;Hard;A;Alexander Shevchenko;Karen Khachanov;63.0;15.0;QF;3;6-4 6-4;2023-11-06
20231106;Metz;Hard;A;Lorenzo Sonego;Marcos Giron;49.0;59.0;R32;3;2-6 6-3 7-6(3);2023-11-06
20231106;Metz;Hard;A;Pierre Hugues Herbert;Arthur Cazaux;344.0;123.0;R32;3;7-6(7) 6-4;2023-11-06
20231106;Sofia;Hard;A;Adrian Mannarino;Jack Draper;25.0;82.0;F;3;7-6(6) 2-6 6-3;2023-11-06
20231106;Sofia;Hard;A;Jack Draper;Jan Lennard Struff;82.0;28.0;SF;3;6-3 6-4;2023-11-06
20231106;Sofia;Hard;A;Jan Lennard Struff;Fabian Marozsan;28.0;62.0;QF;3;7-6(3) 4-6 6-4;2023-11-06
20231106;Sofia;Hard;A;Adrian Mannarino;Sebastian Ofner;25.0;44.0;QF;3;6-7(7) 6-4 6-3;2023-11-06
20231106;Sofia;Hard;A;Jack Draper;Lorenzo Musetti;82.0;27.0;R16;3;7-5 6-2;2023-11-06
20231106;Sofia;Hard;A;Christopher Oconnell;Hamad Medjedovic;66.0;107.0;R32;3;6-7(3) 6-1 7-6(2);2023-11-06
20231106;Sofia;Hard;A;Marton Fucsovics;Terence Atmane;47.0;134.0;R32;3;7-6(4) 6-3;2023-11-06
20231106;Sofia;Hard;A;Jan Lennard Struff;Billy Harris;28.0;221.0;R16;3;7-6(5) 6-4;2023-11-06
20231106;Sofia;Hard;A;Fabian Marozsan;Roberto Bautista Agut;62.0;60.0;R16;3;6-3 3-6 7-6(4);2023-11-06
20231106;Sofia;Hard;A;Roberto Bautista Agut;Miomir Kecmanovic;60.0;56.0;R32;3;7-6(9) 6-7(2) 7-6(5);2023-11-06
20231113;Tour Finals;Hard;A;Carlos Alcaraz;Andrey Rublev;2.0;5.0;RR;3;7-5 6-2;2023-11-13
20231113;Tour Finals;Hard;A;Novak Djokovic;Carlos Alcaraz;1.0;2.0;SF;3;6-3 6-2;2023-11-13
20231113;Tour Finals;Hard;A;Jannik Sinner;Stefanos Tsitsipas;4.0;6.0;RR;3;6-4 6-4;2023-11-13
20231113;Tour Finals;Hard;A;Novak Djokovic;Holger Rune;1.0;8.0;RR;3;7-6(4) 6-7(1) 6-3;2023-11-13
20231113;Tour Finals;Hard;A;Jannik Sinner;Holger Rune;4.0;8.0;RR;3;6-2 5-7 6-4;2023-11-13
20231113;Tour Finals;Hard;A;Carlos Alcaraz;Daniil Medvedev;2.0;3.0;RR;3;6-4 6-4;2023-11-13
20231113;Tour Finals;Hard;A;Alexander Zverev;Carlos Alcaraz;7.0;2.0;RR;3;6-7(3) 6-3 6-4;2023-11-13
20231113;Tour Finals;Hard;A;Daniil Medvedev;Andrey Rublev;3.0;5.0;RR;3;6-4 6-2;2023-11-13
20231113;Tour Finals;Hard;A;Novak Djokovic;Hubert Hurkacz;1.0;9.0;RR;3;7-6(1) 4-6 6-1;2023-11-13
20231113;Tour Finals;Hard;A;Alexander Zverev;Andrey Rublev;7.0;5.0;RR;3;6-4 6-4;2023-11-13
20231113;Tour Finals;Hard;A;Jannik Sinner;Novak Djokovic;4.0;1.0;RR;3;7-5 6-7(5) 7-6(2);2023-11-13
20231113;Tour Finals;Hard;A;Novak Djokovic;Jannik Sinner;1.0;4.0;F;3;6-3 6-3;2023-11-13
20231113;Tour Finals;Hard;A;Jannik Sinner;Daniil Medvedev;4.0;3.0;SF;3;6-3 6-7(4) 6-1;2023-11-13
20231113;Tour Finals;Hard;A;Daniil Medvedev;Alexander Zverev;3.0;7.0;RR;3;7-6(7) 6-4;2023-11-13
20231121;Davis Cup Finals QF: CAN vs FIN;Hard;D;Otto Virtanen;Gabriel Diallo;171.0;139.0;RR;3;6-4 7-5;2023-11-21
20231122;Davis Cup Finals QF: CZE vs AUS;Hard;D;Tomas Machac;Jordan Thompson;78.0;56.0;RR;3;6-4 7-5;2023-11-22
20231122;Davis Cup Finals QF: CZE vs AUS;Hard;D;Alex De Minaur;Jiri Lehecka;12.0;31.0;RR;3;4-6 7-6(2) 7-5;2023-11-22
20231123;Davis Cup Finals QF: SRB vs GBR;Hard;D;Novak Djokovic;Cameron Norrie;1.0;18.0;RR;3;6-4 6-4;2023-11-23
20231123;Davis Cup Finals QF: ITA vs NED;Hard;D;Botic Van De Zandschulp;Matteo Arnaldi;51.0;44.0;RR;3;6-7(6) 6-3 7-6(7);2023-11-23
20231123;Davis Cup Finals QF: ITA vs NED;Hard;D;Jannik Sinner;Tallon Griekspoor;4.0;23.0;RR;3;7-6(3) 6-1;2023-11-23
20231123;Davis Cup Finals QF: SRB vs GBR;Hard;D;Miomir Kecmanovic;Jack Draper;55.0;60.0;RR;3;7-6(2) 7-6(6);2023-11-23
20231124;Davis Cup Finals SF: FIN vs AUS;Hard;D;Alexei Popyrin;Otto Virtanen;40.0;171.0;RR;3;7-6(5) 6-2;2023-11-24
20231125;Davis Cup Finals SF: ITA vs SRB;Hard;D;Miomir Kecmanovic;Lorenzo Musetti;55.0;27.0;RR;3;6-7(7) 6-2 6-1;2023-11-25
20231125;Davis Cup Finals SF: ITA vs SRB;Hard;D;Jannik Sinner;Novak Djokovic;4.0;1.0;RR;3;6-2 2-6 7-5;2023-11-25
20231126;Davis Cup Finals F: AUS vs ITA;Hard;D;Matteo Arnaldi;Alexei Popyrin;44.0;40.0;RR;3;7-5 2-6 6-4;2023-11-26
20231126;Davis Cup Finals F: AUS vs ITA;Hard;D;Jannik Sinner;Alex De Minaur;4.0;12.0;RR;3;6-3 6-0;2023-11-26
20231127;NextGen Finals;Hard;F;Hamad Medjedovic;Alex Michelsen;110.0;97.0;RR;5;4-2 4-3(3) 3-4(3) 3-4(5) 4-3(4);2023-11-27
20231127;NextGen Finals;Hard;F;Luca Nardi;Flavio Cobolli;115.0;100.0;RR;5;3-4(4) 4-2 4-3(1) 1-4 4-3(3);2023-11-27
20231127;NextGen Finals;Hard;F;Arthur Fils;Flavio Cobolli;36.0;100.0;RR;5;4-1 4-2 4-2;2023-11-27
20231127;NextGen Finals;Hard;F;Arthur Fils;Luca Nardi;36.0;115.0;RR;5;2-4 4-3(6) 4-2 1-4 4-2;2023-11-27
20231127;NextGen Finals;Hard;F;Hamad Medjedovic;Arthur Fils;110.0;36.0;F;5;3-4(6) 4-1 4-2 3-4(9) 4-1;2023-11-27
20240101;United Cup;Hard;A;Taylor Fritz;Cameron Norrie;10.0;18.0;RR;3;7-6(5) 6-4;2024-01-01
20240101;United Cup;Hard;A;Alex De Minaur;Taylor Fritz;12.0;10.0;RR;3;6-4 6-2;2024-01-01
20240101;United Cup;Hard;A;Cameron Norrie;Alex De Minaur;18.0;12.0;RR;3;6-4 2-6 7-6(2);2024-01-01
20240101;United Cup;Hard;A;Adrian Mannarino;Lorenzo Sonego;22.0;46.0;RR;3;6-4 6-4;2024-01-01
20240101;United Cup;Hard;A;Alexander Zverev;Adrian Mannarino;7.0;22.0;RR;3;4-6 6-4 6-3;2024-01-01
20240101;United Cup;Hard;A;Alexander Zverev;Lorenzo Sonego;7.0;46.0;RR;3;6-7(5) 6-3 6-4;2024-01-01
20240101;United Cup;Hard;A;Zhizhen Zhang;Jiri Lehecka;58.0;31.0;RR;3;5-7 6-3 6-4;2024-01-01
20240101;United Cup;Hard;A;Novak Djokovic;Jiri Lehecka;1.0;31.0;RR;3;6-1 6-7(3) 6-1;2024-01-01
20240101;United Cup;Hard;A;Novak Djokovic;Zhizhen Zhang;1.0;58.0;RR;3;6-3 6-2;2024-01-01
20240101;United Cup;Hard;A;Casper Ruud;Tallon Griekspoor;11.0;23.0;RR;3;6-3 6-4;2024-01-01
20240101;Hong Kong;Hard;A;Andrey Rublev;Juncheng Shang;5.0;183.0;SF;3;4-6 6-2 6-3;2024-01-01
20240101;Hong Kong;Hard;A;Juncheng Shang;Frances Tiafoe;183.0;16.0;QF;3;6-4 6-4;2024-01-01
20240101;Hong Kong;Hard;A;Sebastian Ofner;Roberto Bautista Agut;43.0;57.0;QF;3;6-4 6-4;2024-01-01
20240101;Hong Kong;Hard;A;Frances Tiafoe;Miomir Kecmanovic;16.0;54.0;R16;3;6-3 7-6(4);2024-01-01
20240101;Hong Kong;Hard;A;Juncheng Shang;Botic Van De Zandschulp;183.0;50.0;R16;3;6-7(5) 7-6(2) 7-6(2);2024-01-01
20240101;Hong Kong;Hard;A;Sebastian Ofner;Jan Lennard Struff;43.0;25.0;R16;3;6-7(4) 7-6(5) 7-6(2);2024-01-01
20240101;Hong Kong;Hard;A;Roberto Bautista Agut;Francisco Cerundolo;57.0;21.0;R16;3;7-5 6-3;2024-01-01
20240101;Hong Kong;Hard;A;Botic Van De Zandschulp;Shintaro Mochizuki;50.0;137.0;R32;3;7-5 6-1;2024-01-01
20240101;Hong Kong;Hard;A;Juncheng Shang;Laslo Djere;183.0;33.0;R32;3;6-7(5) 6-3 7-6(8);2024-01-01
20240101;Hong Kong;Hard;A;Jan Lennard Struff;Marin Cilic;25.0;674.0;R32;3;3-6 7-6(4) 7-6(7);2024-01-01
20240101;Hong Kong;Hard;A;Sebastian Ofner;Mackenzie Mcdonald;43.0;41.0;R32;3;6-1 6-2;2024-01-01
20240101;Hong Kong;Hard;A;Roberto Bautista Agut;Fabian Marozsan;57.0;64.0;R32;3;6-2 6-3;2024-01-01
20240101;United Cup;Hard;A;Alejandro Davidovich Fokina;Hubert Hurkacz;26.0;9.0;RR;3;3-6 6-3 6-4;2024-01-01
20240101;Hong Kong;Hard;A;Andrey Rublev;Arthur Fils;5.0;36.0;QF;3;6-4 1-6 6-2;2024-01-01
20240101;United Cup;Hard;A;Alexander Zverev;Stefanos Tsitsipas;7.0;6.0;QF;3;6-4 6-4;2024-01-01
20240101;Brisbane;Hard;A;Jordan Thompson;Aleksandar Vukic;55.0;62.0;R32;3;6-3 6-2;2024-01-01
20240101;United Cup;Hard;A;Casper Ruud;Adrian Mannarino;11.0;22.0;QF;3;6-1 6-4;2024-01-01
20240101;Brisbane;Hard;A;Grigor Dimitrov;Holger Rune;14.0;8.0;F;3;7-6(5) 6-4;2024-01-01
20240101;Brisbane;Hard;A;Holger Rune;Roman Safiullin;8.0;39.0;SF;3;6-4 7-6(0);2024-01-01
20240101;Brisbane;Hard;A;Grigor Dimitrov;Jordan Thompson;14.0;55.0;SF;3;6-3 7-5;2024-01-01
20240101;Brisbane;Hard;A;Holger Rune;James Duckworth;8.0;116.0;QF;3;6-2 7-6(6);2024-01-01
20240101;Brisbane;Hard;A;Grigor Dimitrov;Rinky Hijikata;14.0;71.0;QF;3;6-1 6-4;2024-01-01
20240101;Brisbane;Hard;A;Holger Rune;Alexander Shevchenko;8.0;48.0;R16;3;6-4 5-7 6-2;2024-01-01
20240101;Brisbane;Hard;A;James Duckworth;Yannick Hanfmann;116.0;51.0;R16;3;4-6 6-1 7-6(2);2024-01-01
20240101;Brisbane;Hard;A;Roman Safiullin;Alexei Popyrin;39.0;40.0;R16;3;6-7(9) 6-4 7-6(3);2024-01-01
20240101;Brisbane;Hard;A;Rinky Hijikata;Tomas Machac;71.0;78.0;R16;3;5-7 6-2 7-6(4);2024-01-01
20240101;Brisbane;Hard;A;Grigor Dimitrov;Daniel Altmaier;14.0;56.0;R16;3;6-1 6-2;2024-01-01
20240101;Brisbane;Hard;A;Yannick Hanfmann;Sebastian Korda;51.0;24.0;R32;3;7-5 6-4;2024-01-01
20240101;Brisbane;Hard;A;Roman Safiullin;Matteo Arnaldi;39.0;44.0;QF;3;7-6(4) 6-2;2024-01-01
20240101;Brisbane;Hard;A;Alexei Popyrin;Christopher Oconnell;40.0;68.0;R32;3;6-4 6-7(5) 7-6(4);2024-01-01
20240101;Brisbane;Hard;A;Roman Safiullin;Ben Shelton;39.0;17.0;R32;3;6-3 6-7(5) 6-3;2024-01-01
20240101;United Cup;Hard;A;Hubert Hurkacz;Zhizhen Zhang;9.0;58.0;QF;3;6-3 6-4;2024-01-01
20240101;United Cup;Hard;A;Alex De Minaur;Alexander Zverev;12.0;7.0;SF;3;5-7 6-3 6-4;2024-01-01
20240101;United Cup;Hard;A;Alexander Zverev;Hubert Hurkacz;7.0;9.0;F;3;6-7(3) 7-6(6) 6-4;2024-01-01
20240101;United Cup;Hard;A;Hubert Hurkacz;Adrian Mannarino;9.0;22.0;SF;3;6-3 7-5;2024-01-01
20240101;Brisbane;Hard;A;Tomas Machac;Tomas Martin Etcheverry;78.0;30.0;R32;3;6-7(5) 7-5 7-6(1);2024-01-01
20240101;Brisbane;Hard;A;Ugo Humbert;Alex Michelsen;20.0;97.0;R32;3;6-4 6-4;2024-01-01
20240101;United Cup;Hard;A;Alex De Minaur;Novak Djokovic;12.0;1.0;QF;3;6-4 6-4;2024-01-01
20240101;Brisbane;Hard;A;Matteo Arnaldi;Marton Fucsovics;44.0;59.0;R32;3;6-7(5) 6-4 7-6(7);2024-01-01
20240101;Brisbane;Hard;A;Rinky Hijikata;Thanasi Kokkinakis;71.0;65.0;R32;3;7-6(8) 6-2;2024-01-01
20240108;Auckland;Hard;A;Alejandro Tabilo;Arthur Fils;82.0;35.0;SF;3;6-2 7-5;2024-01-08
20240108;Auckland;Hard;A;Alexandre Muller;Francisco Cerundolo;79.0;22.0;R16;3;6-1 6-1;2024-01-08
20240108;Auckland;Hard;A;Ben Shelton;Roberto Carballes Baena;16.0;67.0;QF;3;6-4 6-3;2024-01-08
20240108;Auckland;Hard;A;Ben Shelton;Fabian Marozsan;16.0;65.0;R16;3;6-3 6-4;2024-01-08
20240108;Auckland;Hard;A;Roberto Carballes Baena;Sebastian Ofner;67.0;37.0;R16;3;7-5 6-3;2024-01-08
20240108;Auckland;Hard;A;Arthur Fils;Nuno Borges;35.0;66.0;R16;3;6-2 6-0;2024-01-08
20240108;Auckland;Hard;A;Nuno Borges;Alex Michelsen;66.0;92.0;R32;3;0-6 7-6(6) 6-3;2024-01-08
20240108;Auckland;Hard;A;Fabian Marozsan;Gael Monfils;65.0;75.0;R32;3;6-4 6-7(6) 7-6(4);2024-01-08
20240108;Auckland;Hard;A;Roberto Carballes Baena;Roberto Bautista Agut;67.0;51.0;R32;3;6-4 6-3;2024-01-08
20240108;Auckland;Hard;A;Sebastian Ofner;Denis Shapovalov;37.0;116.0;R32;3;6-4 6-2;2024-01-08
20240108;Auckland;Hard;A;Alexandre Muller;Benjamin Bonzi;79.0;110.0;R32;3;6-3 7-5;2024-01-08
20240108;Auckland;Hard;A;Daniel Altmaier;Marcos Giron;57.0;60.0;R32;3;7-6(5) 6-2;2024-01-08
20240108;Adelaide;Hard;A;Jiri Lehecka;Adam Walton;32.0;176.0;R32;3;6-1 6-3;2024-01-08
20240108;Auckland;Hard;A;Alejandro Tabilo;Botic Van De Zandschulp;82.0;59.0;R16;3;7-5 6-3;2024-01-08
20240108;Adelaide;Hard;A;Lorenzo Sonego;Yannick Hanfmann;46.0;49.0;R32;3;7-5 2-6 7-6(9);2024-01-08
20240108;Auckland;Hard;A;Daniel Altmaier;Felix Auger Aliassime;57.0;27.0;R16;3;7-6(9) 7-5;2024-01-08
20240108;Adelaide;Hard;A;Alexander Shevchenko;Tomas Martin Etcheverry;48.0;30.0;R32;3;7-6(4) 4-6 7-5;2024-01-08
20240108;Adelaide;Hard;A;Christopher Oconnell;Arthur Rinderknech;71.0;97.0;R32;3;6-4 6-4;2024-01-08
20240108;Adelaide;Hard;A;Jiri Lehecka;Jack Draper;32.0;62.0;F;3;4-6 6-4 6-3;2024-01-08
20240108;Adelaide;Hard;A;Jack Draper;Alexander Bublik;62.0;31.0;SF;3;7-6(2) 6-4;2024-01-08
20240108;Adelaide;Hard;A;Jiri Lehecka;Sebastian Korda;32.0;29.0;SF;3;6-2 6-1;2024-01-08
20240108;Adelaide;Hard;A;Jack Draper;Tommy Paul;62.0;14.0;QF;3;6-1 6-4;2024-01-08
20240108;Adelaide;Hard;A;Sebastian Korda;Christopher Oconnell;29.0;71.0;QF;3;6-4 6-4;2024-01-08
20240108;Adelaide;Hard;A;Jiri Lehecka;Nicolas Jarry;32.0;18.0;QF;3;6-4 7-5;2024-01-08
20240108;Adelaide;Hard;A;Alexander Bublik;Lorenzo Musetti;31.0;25.0;QF;3;6-3 6-7(4) 7-5;2024-01-08
20240108;Adelaide;Hard;A;Jack Draper;Miomir Kecmanovic;62.0;55.0;R16;3;5-7 7-6(9) 7-6(7);2024-01-08
20240108;Adelaide;Hard;A;Lorenzo Musetti;Jordan Thompson;25.0;47.0;R16;3;6-4 6-1;2024-01-08
20240108;Adelaide;Hard;A;Christopher Oconnell;Alexander Shevchenko;71.0;48.0;R16;3;6-3 6-1;2024-01-08
20240108;Adelaide;Hard;A;Sebastian Korda;Lorenzo Sonego;29.0;46.0;R16;3;6-4 7-6(10);2024-01-08
20240108;Adelaide;Hard;A;Nicolas Jarry;Matteo Arnaldi;18.0;41.0;R16;3;6-7(5) 7-6(7) 6-4;2024-01-08
20240108;Adelaide;Hard;A;Miomir Kecmanovic;Mackenzie Mcdonald;55.0;42.0;R32;3;6-4 6-2;2024-01-08
20240108;Adelaide;Hard;A;Jack Draper;Sebastian Baez;62.0;26.0;R32;3;6-1 6-3;2024-01-08
20240115;Australian Open;Hard;G;Novak Djokovic;Tomas Martin Etcheverry;1.0;32.0;R32;5;6-3 6-3 7-6(2);2024-01-15
20240115;Australian Open;Hard;G;Alex De Minaur;Flavio Cobolli;10.0;100.0;R32;5;6-3 6-3 6-1;2024-01-15
20240115;Australian Open;Hard;G;Karen Khachanov;Tomas Machac;15.0;75.0;R32;5;6-4 7-6(4) 4-6 7-6(5);2024-01-15
20240115;Australian Open;Hard;G;Jannik Sinner;Sebastian Baez;4.0;29.0;R32;5;6-0 6-1 6-3;2024-01-15
20240115;Australian Open;Hard;G;Taylor Fritz;Fabian Marozsan;12.0;67.0;R32;5;3-6 6-4 6-2 6-2;2024-01-15
20240115;Australian Open;Hard;G;Adrian Mannarino;Ben Shelton;19.0;16.0;R32;5;7-6(4) 1-6 6-7(2) 6-3 6-4;2024-01-15
20240115;Australian Open;Hard;G;Andrey Rublev;Sebastian Korda;5.0;26.0;R32;5;6-2 7-6(6) 6-4;2024-01-15
20240115;Australian Open;Hard;G;Carlos Alcaraz;Lorenzo Sonego;2.0;46.0;R64;5;6-4 6-7(3) 6-3 7-6(3);2024-01-15
20240115;Australian Open;Hard;G;Ugo Humbert;Zhizhen Zhang;20.0;54.0;R64;5;6-2 5-7 6-1 7-6(3);2024-01-15
20240115;Australian Open;Hard;G;Tommy Paul;Jack Draper;14.0;55.0;R64;5;6-2 3-6 6-3 7-5;2024-01-15
20240115;Australian Open;Hard;G;Alex Michelsen;Jiri Lehecka;91.0;23.0;R64;5;4-6 6-3 6-4 6-4;2024-01-15
20240115;Australian Open;Hard;G;Felix Auger Aliassime;Hugo Grenier;30.0;178.0;R64;5;6-1 3-6 6-1 6-2;2024-01-15
20240115;Australian Open;Hard;G;Nuno Borges;Alejandro Davidovich Fokina;69.0;24.0;R64;5;7-6(7) 6-3 6-3;2024-01-15
20240115;Australian Open;Hard;G;Grigor Dimitrov;Thanasi Kokkinakis;13.0;80.0;R64;5;6-3 6-2 4-6 6-4;2024-01-15
20240115;Australian Open;Hard;G;Hubert Hurkacz;Jakub Mensik;9.0;142.0;R64;5;6-7(9) 6-1 5-7 6-1 6-3;2024-01-15
20240115;Australian Open;Hard;G;Arthur Cazaux;Tallon Griekspoor;122.0;31.0;R32;5;6-3 6-3 6-1;2024-01-15
20240115;Australian Open;Hard;G;Tallon Griekspoor;Arthur Fils;31.0;34.0;R64;5;3-6 6-1 7-5 6-4;2024-01-15
20240115;Australian Open;Hard;G;Arthur Cazaux;Holger Rune;122.0;8.0;R64;5;7-6(4) 6-4 4-6 6-3;2024-01-15
20240115;Australian Open;Hard;G;Miomir Kecmanovic;Jan Lennard Struff;60.0;25.0;R64;5;6-4 1-6 7-6(5) 1-6 7-6(9);2024-01-15
20240115;Australian Open;Hard;G;Hubert Hurkacz;Ugo Humbert;9.0;20.0;R32;5;3-6 6-1 7-6(4) 6-3;2024-01-15
20240115;Australian Open;Hard;G;Jannik Sinner;Karen Khachanov;4.0;15.0;R16;5;6-4 7-5 6-3;2024-01-15
20240115;Australian Open;Hard;G;Daniil Medvedev;Felix Auger Aliassime;3.0;30.0;R32;5;6-3 6-4 6-3;2024-01-15
20240115;Australian Open;Hard;G;Sebastian Korda;Quentin Halys;26.0;110.0;R64;5;6-4 6-4 6-4;2024-01-15
20240115;Australian Open;Hard;G;Jannik Sinner;Daniil Medvedev;4.0;3.0;F;5;3-6 3-6 6-4 6-4 6-3;2024-01-15
20240115;Australian Open;Hard;G;Daniil Medvedev;Alexander Zverev;3.0;6.0;SF;5;5-7 3-6 7-6(4) 7-6(5) 6-3;2024-01-15
20240115;Australian Open;Hard;G;Jannik Sinner;Novak Djokovic;4.0;1.0;SF;5;6-1 6-2 6-7(6) 6-3;2024-01-15
20240115;Australian Open;Hard;G;Alexander Zverev;Carlos Alcaraz;6.0;2.0;QF;5;6-1 6-3 6-7(2) 6-4;2024-01-15
20240115;Australian Open;Hard;G;Daniil Medvedev;Hubert Hurkacz;3.0;9.0;QF;5;7-6(4) 2-6 6-3 5-7 6-4;2024-01-15
20240115;Australian Open;Hard;G;Jannik Sinner;Andrey Rublev;4.0;5.0;QF;5;6-4 7-6(5) 6-3;2024-01-15
20240115;Australian Open;Hard;G;Novak Djokovic;Taylor Fritz;1.0;12.0;QF;5;7-6(3) 4-6 6-2 6-3;2024-01-15
20240115;Australian Open;Hard;G;Nuno Borges;Grigor Dimitrov;69.0;13.0;R32;5;6-7(3) 6-4 6-2 7-6(6);2024-01-15
20240115;Australian Open;Hard;G;Carlos Alcaraz;Miomir Kecmanovic;2.0;60.0;R16;5;6-4 6-4 6-0;2024-01-15
20240115;Australian Open;Hard;G;Daniil Medvedev;Nuno Borges;3.0;69.0;R16;5;6-3 7-6(4) 5-7 6-1;2024-01-15
20240115;Australian Open;Hard;G;Hubert Hurkacz;Arthur Cazaux;9.0;122.0;R16;5;7-6(6) 7-6(3) 6-4;2024-01-15
20240115;Australian Open;Hard;G;Andrey Rublev;Alex De Minaur;5.0;10.0;R16;5;6-4 6-7(5) 6-7(4) 6-3 6-0;2024-01-15
20240115;Australian Open;Hard;G;Taylor Fritz;Stefanos Tsitsipas;12.0;7.0;R16;5;7-6(3) 5-7 6-3 6-3;2024-01-15
20240115;Australian Open;Hard;G;Novak Djokovic;Adrian Mannarino;1.0;19.0;R16;5;6-0 6-0 6-3;2024-01-15
20240115;Australian Open;Hard;G;Miomir Kecmanovic;Tommy Paul;60.0;14.0;R32;5;6-4 3-6 2-6 7-6(7) 6-0;2024-01-15
20240115;Australian Open;Hard;G;Cameron Norrie;Casper Ruud;22.0;11.0;R32;5;6-4 6-7(7) 6-4 6-3;2024-01-15
20240115;Australian Open;Hard;G;Alexander Zverev;Alex Michelsen;6.0;91.0;R32;5;6-2 7-6(4) 6-2;2024-01-15
20240115;Australian Open;Hard;G;Alexander Zverev;Cameron Norrie;6.0;22.0;R16;5;7-5 3-6 6-3 4-6 7-6(3);2024-01-15
20240115;Australian Open;Hard;G;Alex De Minaur;Matteo Arnaldi;10.0;41.0;R64;5;6-3 6-0 6-3;2024-01-15
20240115;Australian Open;Hard;G;Miomir Kecmanovic;Yosuke Watanuki;60.0;102.0;R128;5;4-6 7-5 6-3 6-4;2024-01-15
20240115;Australian Open;Hard;G;Tomas Machac;Frances Tiafoe;75.0;17.0;R64;5;6-4 6-4 7-6(5);2024-01-15
20240115;Australian Open;Hard;G;Flavio Cobolli;Nicolas Jarry;100.0;18.0;R128;5;6-4 3-6 6-3 2-6 7-5;2024-01-15
20240115;Australian Open;Hard;G;Matteo Arnaldi;Adam Walton;41.0;174.0;R128;5;7-6(5) 6-2 6-4;2024-01-15
20240115;Australian Open;Hard;G;Karen Khachanov;Daniel Altmaier;15.0;50.0;R128;5;5-7 6-3 7-6(5) 7-6(3);2024-01-15
20240115;Australian Open;Hard;G;Aleksandar Kovacevic;Alejandro Tabilo;101.0;49.0;R128;5;6-7(2) 7-6(7) 1-6 6-1 6-3;2024-01-15
20240115;Australian Open;Hard;G;Tomas Machac;Shintaro Mochizuki;75.0;136.0;R128;5;7-5 6-1 7-5;2024-01-15
20240115;Australian Open;Hard;G;Jannik Sinner;Botic Van De Zandschulp;4.0;59.0;R128;5;6-4 7-5 6-3;2024-01-15
20240115;Australian Open;Hard;G;Stefanos Tsitsipas;Zizou Bergs;7.0;129.0;R128;5;5-7 6-1 6-1 6-3;2024-01-15
20240115;Australian Open;Hard;G;Jordan Thompson;Aleksandar Vukic;47.0;64.0;R128;5;3-6 7-6(3) 6-2 3-6 6-4;2024-01-15
20240115;Australian Open;Hard;G;Sebastian Korda;Vit Kopriva;26.0;132.0;R128;5;6-1 6-4 2-6 4-6 6-2;2024-01-15
20240115;Australian Open;Hard;G;Lorenzo Musetti;Benjamin Bonzi;28.0;106.0;R128;5;7-6(3) 7-6(4) 4-6 6-2;2024-01-15
20240115;Australian Open;Hard;G;Fabian Marozsan;Marin Cilic;67.0;;R128;5;6-1 2-6 6-2 7-5;2024-01-15
20240115;Australian Open;Hard;G;Hugo Gaston;Roberto Carballes Baena;97.0;63.0;R128;5;6-3 6-2 3-6 6-4;2024-01-15
20240115;Australian Open;Hard;G;Karen Khachanov;Aleksandar Kovacevic;15.0;101.0;R64;5;6-4 6-3 4-6 6-3;2024-01-15
20240115;Australian Open;Hard;G;Christopher Oconnell;Cristian Garin;68.0;86.0;R128;5;3-6 7-5 4-6 6-1 7-5;2024-01-15
20240115;Australian Open;Hard;G;Jaume Munar;Alexander Shevchenko;82.0;48.0;R128;5;6-3 6-3 6-1;2024-01-15
20240115;Australian Open;Hard;G;Adrian Mannarino;Stan Wawrinka;19.0;56.0;R128;5;6-4 3-6 5-7 6-3 6-0;2024-01-15
20240115;Australian Open;Hard;G;Gael Monfils;Yannick Hanfmann;76.0;52.0;R128;5;6-4 6-3 7-5;2024-01-15
20240115;Australian Open;Hard;G;Novak Djokovic;Dino Prizmic;1.0;187.0;R128;5;6-2 6-7(5) 6-3 6-4;2024-01-15
20240115;Australian Open;Hard;G;Francisco Cerundolo;Dane Sweeny;21.0;257.0;R128;5;3-6 6-3 6-4 2-6 6-2;2024-01-15
20240115;Australian Open;Hard;G;Holger Rune;Yoshihito Nishioka;8.0;61.0;R128;5;6-2 4-6 7-6(3) 6-4;2024-01-15
20240115;Australian Open;Hard;G;Ben Shelton;Roberto Bautista Agut;16.0;72.0;R128;5;6-2 7-6(2) 7-5;2024-01-15
20240115;Australian Open;Hard;G;Tallon Griekspoor;Roman Safiullin;31.0;36.0;R128;5;2-6 3-6 7-6(3) 6-4 7-5;2024-01-15
20240115;Australian Open;Hard;G;Jannik Sinner;Jesper De Jong;4.0;161.0;R64;5;6-2 6-2 6-2;2024-01-15
20240115;Australian Open;Hard;G;Stefanos Tsitsipas;Jordan Thompson;7.0;47.0;R64;5;4-6 7-6(6) 6-2 7-6(4);2024-01-15
20240115;Australian Open;Hard;G;Fabian Marozsan;Francisco Cerundolo;67.0;21.0;R64;5;7-6(5) 6-4 6-2;2024-01-15
20240115;Australian Open;Hard;G;Taylor Fritz;Hugo Gaston;12.0;97.0;R64;5;6-0 6-3 6-1;2024-01-15
20240115;Australian Open;Hard;G;Ben Shelton;Christopher Oconnell;16.0;68.0;R64;5;6-4 6-1 3-6 7-6(5);2024-01-15
20240115;Australian Open;Hard;G;Adrian Mannarino;Jaume Munar;19.0;82.0;R64;5;6-3 6-3 1-6 2-6 6-3;2024-01-15
20240115;Australian Open;Hard;G;Tomas Martin Etcheverry;Gael Monfils;32.0;76.0;R64;5;6-4 6-4 6-4;2024-01-15
20240115;Australian Open;Hard;G;Juncheng Shang;Mackenzie Mcdonald;140.0;42.0;R128;5;6-3 1-6 3-6 6-4 6-2;2024-01-15
20240115;Australian Open;Hard;G;Novak Djokovic;Alexei Popyrin;1.0;43.0;R64;5;6-3 4-6 7-6(4) 6-3;2024-01-15
20240115;Australian Open;Hard;G;Jack Draper;Marcos Giron;55.0;66.0;R128;5;6-4 3-6 4-6 6-0 6-2;2024-01-15
20240115;Australian Open;Hard;G;Cameron Norrie;Juan Pablo Varillas;22.0;81.0;R128;5;6-4 6-4 6-2;2024-01-15
20240115;Australian Open;Hard;G;Hugo Grenier;Alexandre Muller;178.0;73.0;R128;5;2-6 7-6(3) 4-6 6-4 7-6(7);2024-01-15
20240115;Australian Open;Hard;G;Thanasi Kokkinakis;Sebastian Ofner;80.0;37.0;R128;5;7-6(1) 2-6 6-7(4) 6-1 7-6(8);2024-01-15
20240115;Australian Open;Hard;G;Grigor Dimitrov;Marton Fucsovics;13.0;70.0;R128;5;4-6 6-3 7-6(1) 6-2;2024-01-15
20240115;Australian Open;Hard;G;Jakub Mensik;Denis Shapovalov;142.0;114.0;R128;5;6-3 7-5 7-5;2024-01-15
20240115;Australian Open;Hard;G;Ugo Humbert;David Goffin;20.0;112.0;R128;5;6-2 7-5 5-7 6-3;2024-01-15
20240115;Australian Open;Hard;G;Jan Lennard Struff;Rinky Hijikata;25.0;71.0;R128;5;3-6 6-3 6-2 6-7(2) 7-6(8);2024-01-15
20240115;Australian Open;Hard;G;Arthur Cazaux;Laslo Djere;122.0;33.0;R128;5;6-2 6-7(3) 6-2 3-6 6-2;2024-01-15
20240129;Montpellier;Hard;A;Denis Shapovalov;Hugo Gaston;137.0;88.0;R32;3;6-1 6-3;2024-01-29
20240129;Montpellier;Hard;A;Michael Mmoh;Benjamin Bonzi;133.0;126.0;R32;3;6-3 7-5;2024-01-29
20240129;Montpellier;Hard;A;Alexander Shevchenko;Dalibor Svrcina;59.0;194.0;R32;3;6-4 4-6 6-4;2024-01-29
20240129;Montpellier;Hard;A;Flavio Cobolli;Gael Monfils;76.0;70.0;R32;3;6-7(8) 6-3 6-0;2024-01-29
20240129;Montpellier;Hard;A;Pedro Martinez;Jaume Munar;99.0;75.0;R32;3;6-4 7-6(3);2024-01-29
20240129;Montpellier;Hard;A;Alexander Bublik;Denis Shapovalov;27.0;137.0;R16;3;1-6 7-6(12) 6-3;2024-01-29
20240129;Montpellier;Hard;A;Michael Mmoh;Alexandre Muller;133.0;71.0;R16;3;6-4 6-4;2024-01-29
20240129;Montpellier;Hard;A;Alexander Bublik;Alexander Shevchenko;27.0;59.0;QF;3;4-6 6-3 6-4;2024-01-29
20240129;Montpellier;Hard;A;Holger Rune;Michael Mmoh;7.0;133.0;QF;3;7-6(6) 6-4;2024-01-29
20240129;Montpellier;Hard;A;Alexander Bublik;Felix Auger Aliassime;27.0;30.0;SF;3;4-6 6-4 6-4;2024-01-29
20240129;Montpellier;Hard;A;Felix Auger Aliassime;Arthur Cazaux;30.0;83.0;R16;3;7-5 2-6 7-6(4);2024-01-29
20240202;Davis Cup QLS R1: NED vs SUI;Hard;D;Leandro Riedi;Botic Van De Zandschulp;175.0;63.0;RR;3;6-4 7-6(3);2024-02-02
20240202;Davis Cup QLS R1: HUN vs GER;Hard;D;Marton Fucsovics;Jan Lennard Struff;82.0;24.0;RR;3;6-3 7-5;2024-02-02
20240202;Davis Cup QLS R1: FIN vs POR;Hard;D;Otto Virtanen;Nuno Borges;166.0;47.0;RR;3;6-2 6-1;2024-02-02
20240202;Davis Cup QLS R1: NED vs SUI;Hard;D;Tallon Griekspoor;Leandro Riedi;29.0;175.0;RR;3;7-6(6) 7-6(3);2024-02-02
20240203;Davis Cup QLS R1: CHI vs PER;Hard;D;Alejandro Tabilo;Ignacio Buse;54.0;438.0;RR;3;2-6 6-3 6-2;2024-02-03
20240203;Davis Cup QLS R1: CHI vs PER;Hard;D;Nicolas Jarry;Juan Pablo Varillas;20.0;87.0;RR;3;6-2 6-4;2024-02-03
20240203;Davis Cup QLS R1: CHI vs PER;Hard;D;Ignacio Buse;Nicolas Jarry;438.0;20.0;RR;3;6-2 2-6 6-3;2024-02-03
20240203;Davis Cup QLS R1: TPE vs FRA;Hard;D;Adrian Mannarino;Tung Lin Wu;17.0;238.0;RR;3;6-3 7-5;2024-02-03
20240203;Davis Cup QLS R1: TPE vs FRA;Hard;D;Quentin Halys;Chun Hsin Tseng;100.0;305.0;RR;3;6-3 7-6(3);2024-02-03
20240203;Davis Cup QLS R1: CHI vs PER;Hard;D;Alejandro Tabilo;Juan Pablo Varillas;54.0;87.0;RR;3;4-6 6-2 6-1;2024-02-03
20240203;Davis Cup QLS R1: CRO vs BEL;Hard;D;Zizou Bergs;Marin Cilic;131.0;1044.0;RR;3;6-4 4-6 6-4;2024-02-03
20240205;Marseille;Hard;A;Karen Khachanov;Roberto Bautista Agut;18.0;102.0;R16;3;6-2 6-2;2024-02-05
20240205;Marseille;Hard;A;Sebastian Korda;Hugo Grenier;34.0;155.0;R32;3;6-3 2-6 7-6(3);2024-02-05
20240205;Marseille;Hard;A;Jiri Lehecka;David Goffin;32.0;134.0;R32;3;3-6 7-5 6-2;2024-02-05
20240205;Marseille;Hard;A;Felix Auger Aliassime;Quentin Halys;28.0;101.0;R32;3;6-2 7-5;2024-02-05
20240205;Marseille;Hard;A;Hugo Gaston;Denis Shapovalov;86.0;127.0;R32;3;7-5 1-6 6-3;2024-02-05
20240205;Marseille;Hard;A;Alexander Shevchenko;Benjamin Bonzi;56.0;126.0;R32;3;7-6(4) 6-4;2024-02-05
20240205;Marseille;Hard;A;Grigor Dimitrov;Sebastian Korda;13.0;34.0;R16;3;6-1 7-6(5);2024-02-05
20240205;Marseille;Hard;A;Arthur Rinderknech;Jiri Lehecka;94.0;32.0;R16;3;7-5 7-6(5);2024-02-05
20240205;Marseille;Hard;A;Zhizhen Zhang;Felix Auger Aliassime;50.0;28.0;R16;3;6-4 6-4;2024-02-05
20240205;Marseille;Hard;A;Grigor Dimitrov;Karen Khachanov;13.0;18.0;SF;3;6-7(3) 6-4 7-6(5);2024-02-05
20240205;Marseille;Hard;A;Tomas Machac;Lorenzo Musetti;66.0;27.0;R16;3;6-3 6-2;2024-02-05
20240205;Dallas;Hard;A;Tommy Paul;Marcos Giron;15.0;67.0;F;3;7-6(3) 5-7 6-3;2024-02-05
20240205;Dallas;Hard;A;Marcos Giron;Adrian Mannarino;67.0;17.0;SF;3;6-1 6-3;2024-02-05
20240205;Dallas;Hard;A;Tommy Paul;Ben Shelton;15.0;16.0;SF;3;6-2 6-4;2024-02-05
20240205;Dallas;Hard;A;Ben Shelton;Jordan Thompson;16.0;44.0;QF;3;6-7(2) 6-4 6-4;2024-02-05
20240205;Dallas;Hard;A;Frances Tiafoe;Alex Michelsen;14.0;75.0;R16;3;6-4 6-3;2024-02-05
20240205;Dallas;Hard;A;Ben Shelton;Michael Mmoh;16.0;115.0;R16;3;6-3 6-3;2024-02-05
20240205;Dallas;Hard;A;Yoshihito Nishioka;Terence Atmane;83.0;144.0;R32;3;7-6(5) 4-6 6-3;2024-02-05
20240205;Dallas;Hard;A;James Duckworth;Zachary Svajda;106.0;145.0;R32;3;7-6(3) 6-1;2024-02-05
20240205;Dallas;Hard;A;Michael Mmoh;Emilio Nava;115.0;149.0;R32;3;7-5 6-2;2024-02-05
20240205;Dallas;Hard;A;Marcos Giron;Frances Tiafoe;67.0;14.0;QF;3;6-1 6-4;2024-02-05
20240205;Dallas;Hard;A;Rinky Hijikata;Ethan Quinn;88.0;288.0;R32;3;6-4 6-4;2024-02-05
20240205;Marseille;Hard;A;Ugo Humbert;Grigor Dimitrov;21.0;13.0;F;3;6-4 6-3;2024-02-05
20240205;Marseille;Hard;A;Ugo Humbert;Hubert Hurkacz;21.0;8.0;SF;3;6-4 6-4;2024-02-05
20240205;Marseille;Hard;A;Hubert Hurkacz;Tomas Machac;8.0;66.0;QF;3;6-3 6-4;2024-02-05
20240205;Marseille;Hard;A;Ugo Humbert;Alejandro Davidovich Fokina;21.0;24.0;QF;3;6-1 6-4;2024-02-05
20240205;Marseille;Hard;A;Karen Khachanov;Zhizhen Zhang;18.0;50.0;QF;3;6-4 6-1;2024-02-05
20240205;Marseille;Hard;A;Grigor Dimitrov;Arthur Rinderknech;13.0;94.0;QF;3;6-3 7-6(3);2024-02-05
20240205;Marseille;Hard;A;Hubert Hurkacz;Alexander Shevchenko;8.0;56.0;R16;3;6-1 6-4;2024-02-05
20240205;Marseille;Hard;A;Ugo Humbert;Hugo Gaston;21.0;86.0;R16;3;2-6 6-1 6-3;2024-02-05
20240212;Rotterdam;Hard;A;Jannik Sinner;Botic Van De Zandschulp;4.0;66.0;R32;3;6-3 6-3;2024-02-12
20240212;Rotterdam;Hard;A;Gael Monfils;Denis Shapovalov;70.0;127.0;R32;3;7-6(4) 7-6(5);2024-02-12
20240212;Rotterdam;Hard;A;Hubert Hurkacz;Jiri Lehecka;8.0;32.0;R32;3;6-3 6-7(9) 7-6(9);2024-02-12
20240212;Rotterdam;Hard;A;Tallon Griekspoor;Lorenzo Musetti;29.0;26.0;R32;3;3-6 7-6(7) 7-6(3);2024-02-12
20240212;Rotterdam;Hard;A;Jan Lennard Struff;Alejandro Davidovich Fokina;25.0;24.0;R32;3;4-6 7-6(5) 7-6(4);2024-02-12
20240212;Rotterdam;Hard;A;Grigor Dimitrov;Lorenzo Sonego;13.0;48.0;R32;3;7-6(4) 6-3;2024-02-12
20240212;Rotterdam;Hard;A;Alex De Minaur;Sebastian Korda;11.0;33.0;R32;3;6-4 6-3;2024-02-12
20240212;Rotterdam;Hard;A;Alexander Shevchenko;Zhizhen Zhang;57.0;47.0;R32;3;4-6 6-4 6-3;2024-02-12
20240212;Rotterdam;Hard;A;Holger Rune;Roman Safiullin;7.0;39.0;R32;3;6-4 2-6 6-1;2024-02-12
20240212;Rotterdam;Hard;A;David Goffin;Dino Prizmic;133.0;171.0;R32;3;6-4 6-7(12) 6-1;2024-02-12
20240212;Rotterdam;Hard;A;Andrey Rublev;Zizou Bergs;5.0;132.0;R32;3;7-5 6-3;2024-02-12
20240212;Rotterdam;Hard;A;Andrey Rublev;Felix Auger Aliassime;5.0;28.0;R16;3;3-6 7-6(6) 7-5;2024-02-12
20240212;Rotterdam;Hard;A;Marton Fucsovics;Fabian Marozsan;86.0;61.0;R32;3;7-6(5) 6-1;2024-02-12
20240212;Rotterdam;Hard;A;Alex De Minaur;David Goffin;11.0;133.0;R16;3;6-3 6-1;2024-02-12
20240212;Rotterdam;Hard;A;Alexander Shevchenko;Holger Rune;57.0;7.0;R16;3;6-4 1-6 6-3;2024-02-12
20240212;Rotterdam;Hard;A;Grigor Dimitrov;Marton Fucsovics;13.0;86.0;R16;3;6-3 7-5;2024-02-12
20240212;Delray Beach;Hard;A;Taylor Fritz;Tommy Paul;9.0;14.0;F;3;6-2 6-3;2024-02-12
20240212;Delray Beach;Hard;A;Taylor Fritz;Marcos Giron;9.0;52.0;SF;3;7-6(8) 6-2;2024-02-12
20240212;Delray Beach;Hard;A;Tommy Paul;Frances Tiafoe;14.0;15.0;SF;3;6-2 6-2;2024-02-12
20240212;Delray Beach;Hard;A;Taylor Fritz;Rinky Hijikata;9.0;84.0;QF;3;6-3 6-3;2024-02-12
20240212;Delray Beach;Hard;A;Marcos Giron;Patrick Kypson;52.0;155.0;QF;3;6-4 6-4;2024-02-12
20240212;Delray Beach;Hard;A;Tommy Paul;Jordan Thompson;14.0;42.0;QF;3;6-4 6-3;2024-02-12
20240212;Delray Beach;Hard;A;Frances Tiafoe;Flavio Cobolli;15.0;72.0;QF;3;6-4 6-2;2024-02-12
20240212;Delray Beach;Hard;A;Rinky Hijikata;Matteo Arnaldi;84.0;43.0;R16;3;6-2 3-6 6-4;2024-02-12
20240212;Delray Beach;Hard;A;Marcos Giron;Adrian Mannarino;52.0;19.0;R16;3;6-0 6-7(5) 6-1;2024-02-12
20240212;Delray Beach;Hard;A;Tommy Paul;Alex Michelsen;14.0;75.0;R16;3;5-7 6-4 7-6(4);2024-02-12
20240212;Delray Beach;Hard;A;Flavio Cobolli;Zachary Svajda;72.0;146.0;R16;3;6-4 6-7(1) 6-2;2024-02-12
20240212;Delray Beach;Hard;A;Taylor Fritz;Nuno Borges;9.0;46.0;R16;3;7-6(5) 6-4;2024-02-12
20240212;Delray Beach;Hard;A;Matteo Arnaldi;Yoshihito Nishioka;43.0;77.0;R32;3;4-6 6-4 6-3;2024-02-12
20240212;Rotterdam;Hard;A;Tallon Griekspoor;Hubert Hurkacz;29.0;8.0;R16;3;6-7(5) 7-6(5) 7-6(4);2024-02-12
20240212;Delray Beach;Hard;A;Nuno Borges;Gabriel Diallo;46.0;136.0;R32;3;6-4 7-6(1);2024-02-12
20240212;Rotterdam;Hard;A;Alex De Minaur;Andrey Rublev;11.0;5.0;QF;3;7-6(5) 4-6 6-3;2024-02-12
20240212;Rotterdam;Hard;A;Grigor Dimitrov;Alexander Shevchenko;13.0;57.0;QF;3;7-6(2) 3-6 6-4;2024-02-12
20240212;Rotterdam;Hard;A;Alex De Minaur;Grigor Dimitrov;11.0;13.0;SF;3;6-4 6-3;2024-02-12
20240212;Rotterdam;Hard;A;Jannik Sinner;Gael Monfils;4.0;70.0;R16;3;6-3 3-6 6-3;2024-02-12
20240212;Rotterdam;Hard;A;Jannik Sinner;Alex De Minaur;4.0;11.0;F;3;7-5 6-4;2024-02-12
20240212;Delray Beach;Hard;A;Alex Michelsen;Thanasi Kokkinakis;75.0;79.0;R32;3;6-1 6-2;2024-02-12
20240212;Delray Beach;Hard;A;Patrick Kypson;Miomir Kecmanovic;155.0;40.0;R32;3;6-4 7-6(3);2024-02-12
20240212;Delray Beach;Hard;A;Marcos Giron;Emilio Nava;52.0;144.0;R32;3;6-4 7-6(5);2024-02-12
20240212;Rotterdam;Hard;A;Jannik Sinner;Tallon Griekspoor;4.0;29.0;SF;3;6-2 6-4;2024-02-12
20240219;Los Cabos;Hard;A;Alexander Zverev;Yoshihito Nishioka;6.0;84.0;R16;3;6-3 6-0;2024-02-19
20240219;Los Cabos;Hard;A;Aleksandar Vukic;Rodrigo Pacheco Mendez;72.0;692.0;R32;3;7-6(5) 7-6(10);2024-02-19
20240219;Los Cabos;Hard;A;Rinky Hijikata;Miomir Kecmanovic;79.0;54.0;R32;3;6-3 7-6(2);2024-02-19
20240219;Los Cabos;Hard;A;Thanasi Kokkinakis;Jack Draper;103.0;53.0;R32;3;4-6 7-6(5) 6-4;2024-02-19
20240219;Los Cabos;Hard;A;Stefanos Tsitsipas;Aleksandar Vukic;11.0;72.0;R16;3;6-3 6-0;2024-02-19
20240219;Los Cabos;Hard;A;Aleksandar Kovacevic;Rinky Hijikata;100.0;79.0;R16;3;6-3 4-6 6-4;2024-02-19
20240219;Los Cabos;Hard;A;Casper Ruud;Marcos Giron;12.0;44.0;R16;3;6-1 6-0;2024-02-19
20240219;Los Cabos;Hard;A;Jordan Thompson;Emilio Nava;40.0;146.0;R16;3;7-6(5) 6-3;2024-02-19
20240219;Los Cabos;Hard;A;Alex Michelsen;Alex De Minaur;74.0;9.0;R16;3;6-4 6-1;2024-02-19
20240219;Los Cabos;Hard;A;Stefanos Tsitsipas;Aleksandar Kovacevic;11.0;100.0;QF;3;7-6(1) 6-3;2024-02-19
20240219;Los Cabos;Hard;A;Yoshihito Nishioka;Flavio Cobolli;84.0;69.0;R32;3;6-1 6-0;2024-02-19
20240219;Los Cabos;Hard;A;Jordan Thompson;Alex Michelsen;40.0;74.0;QF;3;0-6 7-6(1) 7-5;2024-02-19
20240219;Los Cabos;Hard;A;Casper Ruud;Nuno Borges;12.0;47.0;QF;3;6-3 6-2;2024-02-19
20240219;Doha;Hard;A;Karen Khachanov;Fabian Marozsan;17.0;60.0;R16;3;6-4 7-5;2024-02-19
20240219;Doha;Hard;A;Alexander Bublik;Marton Fucsovics;21.0;80.0;R16;3;2-6 6-3 6-4;2024-02-19
20240219;Doha;Hard;A;Alexei Popyrin;Hugo Grenier;46.0;151.0;R16;3;7-6(3) 6-7(8) 6-1;2024-02-19
20240219;Doha;Hard;A;Alexei Popyrin;Alexander Bublik;46.0;21.0;QF;3;6-4 6-4;2024-02-19
20240219;Doha;Hard;A;Gael Monfils;Ugo Humbert;68.0;18.0;QF;3;6-2 6-4;2024-02-19
20240219;Doha;Hard;A;Jakub Mensik;Andrey Rublev;116.0;5.0;QF;3;6-4 7-6(6);2024-02-19
20240219;Doha;Hard;A;Karen Khachanov;Alexei Popyrin;17.0;46.0;SF;3;7-6(12) 6-2;2024-02-19
20240219;Doha;Hard;A;Jakub Mensik;Gael Monfils;116.0;68.0;SF;3;6-4 1-6 6-3;2024-02-19
20240219;Doha;Hard;A;Karen Khachanov;Jakub Mensik;17.0;116.0;F;3;7-6(12) 6-4;2024-02-19
20240219;Doha;Hard;A;Gael Monfils;Zhizhen Zhang;68.0;48.0;R16;3;4-6 7-5 7-6(2);2024-02-19
20240219;Doha;Hard;A;Gael Monfils;Botic Van De Zandschulp;68.0;70.0;R32;3;6-1 7-6(9);2024-02-19
20240219;Doha;Hard;A;Zhizhen Zhang;Lorenzo Musetti;48.0;26.0;R32;3;6-2 6-0;2024-02-19
20240219;Doha;Hard;A;Marton Fucsovics;Roberto Bautista Agut;80.0;97.0;R32;3;6-1 6-3;2024-02-19
20240219;Doha;Hard;A;Christopher Oconnell;Jan Lennard Struff;65.0;25.0;R32;3;6-4 6-4;2024-02-19
20240219;Doha;Hard;A;Fabian Marozsan;Vit Kopriva;60.0;118.0;R32;3;7-5 7-6(6);2024-02-19
20240219;Los Cabos;Hard;A;Jordan Thompson;Casper Ruud;40.0;12.0;F;3;6-3 7-6(4);2024-02-19
20240219;Los Cabos;Hard;A;Jordan Thompson;Alexander Zverev;40.0;6.0;SF;3;7-5 4-6 7-6(2);2024-02-19
20240219;Los Cabos;Hard;A;Casper Ruud;Stefanos Tsitsipas;12.0;11.0;SF;3;6-4 7-6(4);2024-02-19
20240219;Doha;Hard;A;Jakub Mensik;Alejandro Davidovich Fokina;116.0;24.0;R32;3;7-6(3) 6-4;2024-02-19
20240219;Los Cabos;Hard;A;Alexander Zverev;Thanasi Kokkinakis;6.0;103.0;QF;3;6-3 6-4;2024-02-19
20240226;Dubai;Hard;A;Jiri Lehecka;Karen Khachanov;36.0;15.0;R16;3;6-7(6) 7-6(5) 6-4;2024-02-26
20240226;Dubai;Hard;A;Sebastian Korda;Botic Van De Zandschulp;33.0;75.0;R16;3;6-1 6-0;2024-02-26
20240226;Dubai;Hard;A;Andrey Rublev;Arthur Cazaux;5.0;86.0;R16;3;6-4 6-4;2024-02-26
20240226;Dubai;Hard;A;Daniil Medvedev;Alexander Shevchenko;4.0;47.0;R32;3;6-3 7-5;2024-02-26
20240226;Dubai;Hard;A;Alejandro Davidovich Fokina;Fabian Marozsan;24.0;59.0;R32;3;6-3 4-6 6-1;2024-02-26
20240226;Dubai;Hard;A;Botic Van De Zandschulp;Adrian Mannarino;75.0;19.0;R32;3;7-6(3) 7-5;2024-02-26
20240226;Dubai;Hard;A;Alexander Bublik;Tomas Machac;23.0;65.0;R32;3;2-6 6-3 7-6(5);2024-02-26
20240226;Dubai;Hard;A;Jiri Lehecka;Marton Fucsovics;36.0;77.0;R32;3;6-4 3-6 7-5;2024-02-26
20240226;Dubai;Hard;A;Arthur Cazaux;Lorenzo Musetti;86.0;26.0;R32;3;6-4 7-6(2);2024-02-26
20240226;Dubai;Hard;A;Andrey Rublev;Zhizhen Zhang;5.0;46.0;R32;3;6-7(4) 6-2 6-4;2024-02-26
20240226;Dubai;Hard;A;Alexander Bublik;Tallon Griekspoor;23.0;28.0;R16;3;7-6(8) 7-6(2);2024-02-26
20240226;Dubai;Hard;A;Ugo Humbert;Gael Monfils;18.0;54.0;R32;3;4-6 6-3 6-3;2024-02-26
20240226;Dubai;Hard;A;Hubert Hurkacz;Christopher Oconnell;8.0;68.0;R16;3;7-6(5) 6-4;2024-02-26
20240226;Dubai;Hard;A;Hubert Hurkacz;Jan Lennard Struff;8.0;25.0;R32;3;7-6(5) 6-7(4) 7-6(6);2024-02-26
20240226;Dubai;Hard;A;Ugo Humbert;Hubert Hurkacz;18.0;8.0;QF;3;3-6 7-6(8) 6-3;2024-02-26
20240226;Dubai;Hard;A;Daniil Medvedev;Lorenzo Sonego;4.0;48.0;R16;3;3-6 6-3 6-3;2024-02-26
20240226;Acapulco;Hard;A;Alex De Minaur;Casper Ruud;9.0;11.0;F;3;6-4 6-4;2024-02-26
20240226;Acapulco;Hard;A;Casper Ruud;Holger Rune;11.0;7.0;SF;3;3-6 6-3 6-4;2024-02-26
20240226;Acapulco;Hard;A;Jack Draper;Miomir Kecmanovic;50.0;53.0;QF;3;6-2 6-2;2024-02-26
20240226;Acapulco;Hard;A;Alex De Minaur;Stefanos Tsitsipas;9.0;12.0;QF;3;1-6 6-3 6-3;2024-02-26
20240226;Acapulco;Hard;A;Casper Ruud;Ben Shelton;11.0;17.0;QF;3;6-7(7) 6-4 6-4;2024-02-26
20240226;Acapulco;Hard;A;Jack Draper;Yoshihito Nishioka;50.0;82.0;R16;3;6-3 6-0;2024-02-26
20240226;Acapulco;Hard;A;Alex De Minaur;Sebastian Ofner;9.0;37.0;R16;3;6-1 6-3;2024-02-26
20240226;Acapulco;Hard;A;Stefanos Tsitsipas;Flavio Cobolli;12.0;69.0;R16;3;6-3 7-6(6);2024-02-26
20240226;Acapulco;Hard;A;Ben Shelton;Matteo Arnaldi;17.0;42.0;R16;3;7-6(1) 3-6 6-3;2024-02-26
20240226;Acapulco;Hard;A;Holger Rune;Aleksandar Kovacevic;7.0;93.0;R16;3;7-6(5) 6-2;2024-02-26
20240226;Acapulco;Hard;A;Miomir Kecmanovic;Daniel Altmaier;53.0;57.0;R16;3;6-4 6-4;2024-02-26
20240226;Acapulco;Hard;A;Yoshihito Nishioka;Nuno Borges;82.0;56.0;R32;3;3-6 6-2 6-4;2024-02-26
20240226;Dubai;Hard;A;Daniil Medvedev;Alejandro Davidovich Fokina;4.0;24.0;QF;3;6-2 6-3;2024-02-26
20240226;Acapulco;Hard;A;Daniel Altmaier;Alexander Zverev;57.0;6.0;R32;3;6-3 3-6 6-3;2024-02-26
20240226;Dubai;Hard;A;Alexander Bublik;Andrey Rublev;23.0;5.0;SF;3;6-7(4) 7-6(5) 6-5 Def.;2024-02-26
20240226;Dubai;Hard;A;Ugo Humbert;Daniil Medvedev;18.0;4.0;SF;3;7-5 6-3;2024-02-26
20240226;Acapulco;Hard;A;Holger Rune;Michael Mmoh;7.0;122.0;R32;3;6-2 6-3;2024-02-26
20240226;Dubai;Hard;A;Ugo Humbert;Alexander Bublik;18.0;23.0;F;3;6-4 6-3;2024-02-26
20240226;Acapulco;Hard;A;Matteo Arnaldi;Taylor Fritz;42.0;10.0;R32;3;6-4 4-6 6-3;2024-02-26
20240226;Acapulco;Hard;A;Stefanos Tsitsipas;Roman Safiullin;12.0;39.0;R32;3;6-3 6-4;2024-02-26
20240226;Acapulco;Hard;A;Flavio Cobolli;Felix Auger Aliassime;69.0;30.0;R32;3;2-6 6-3 6-2;2024-02-26
20240226;Acapulco;Hard;A;Jack Draper;Tommy Paul;50.0;14.0;R32;3;6-0 6-4;2024-02-26
20240226;Acapulco;Hard;A;Aleksandar Kovacevic;Jordan Thompson;93.0;32.0;R32;3;6-3 5-7 6-4;2024-02-26
20240304;Indian Wells Masters;Hard;M;Fabian Marozsan;Nicolas Jarry;58.0;24.0;R64;3;3-6 7-5 6-4;2024-03-04
20240304;Indian Wells Masters;Hard;M;Alexander Zverev;Christopher Oconnell;6.0;66.0;R64;3;6-4 6-4;2024-03-04
20240304;Indian Wells Masters;Hard;M;Alexander Bublik;Juncheng Shang;20.0;139.0;R64;3;6-4 6-1;2024-03-04
20240304;Indian Wells Masters;Hard;M;Tallon Griekspoor;Yannick Hanfmann;27.0;57.0;R64;3;6-3 6-3;2024-03-04
20240304;Indian Wells Masters;Hard;M;Jannik Sinner;Thanasi Kokkinakis;3.0;99.0;R64;3;6-3 6-0;2024-03-04
20240304;Indian Wells Masters;Hard;M;Grigor Dimitrov;Alexandre Muller;13.0;88.0;R64;3;7-5 6-2;2024-03-04
20240304;Indian Wells Masters;Hard;M;Jiri Lehecka;Brandon Nakashima;32.0;93.0;R64;3;3-6 6-3 6-4;2024-03-04
20240304;Indian Wells Masters;Hard;M;Lorenzo Musetti;Denis Shapovalov;26.0;131.0;R64;3;6-4 2-6 7-5;2024-03-04
20240304;Indian Wells Masters;Hard;M;Taylor Fritz;Alejandro Tabilo;12.0;39.0;R64;3;7-6(2) 6-2;2024-03-04
20240304;Indian Wells Masters;Hard;M;Carlos Alcaraz;Matteo Arnaldi;2.0;40.0;R64;3;6-7(5) 6-0 6-1;2024-03-04
20240304;Indian Wells Masters;Hard;M;Ben Shelton;Jakub Mensik;16.0;81.0;R64;3;4-6 6-3 6-4;2024-03-04
20240304;Indian Wells Masters;Hard;M;Aleksandar Vukic;Shintaro Mochizuki;69.0;149.0;R128;3;7-6(4) 7-6(6);2024-03-04
20240304;Indian Wells Masters;Hard;M;Juncheng Shang;Jordan Thompson;139.0;33.0;R128;3;6-2 6-3;2024-03-04
20240304;Indian Wells Masters;Hard;M;Alex Michelsen;Jaume Munar;80.0;75.0;R128;3;6-2 6-3;2024-03-04
20240304;Indian Wells Masters;Hard;M;Patrick Kypson;Ethan Quinn;151.0;284.0;R128;3;6-1 7-6(1);2024-03-04
20240304;Indian Wells Masters;Hard;M;Arthur Fils;Nuno Borges;43.0;60.0;R128;3;7-6(5) 6-2;2024-03-04
20240304;Indian Wells Masters;Hard;M;Lorenzo Sonego;Miomir Kecmanovic;55.0;47.0;R128;3;7-6(1) 6-4;2024-03-04
20240304;Indian Wells Masters;Hard;M;Roberto Carballes Baena;Flavio Cobolli;64.0;62.0;R128;3;6-4 6-4;2024-03-04
20240304;Indian Wells Masters;Hard;M;Tomas Machac;Stan Wawrinka;63.0;70.0;R128;3;7-6(3) 4-6 6-2;2024-03-04
20240304;Indian Wells Masters;Hard;M;Alexandre Muller;Hugo Grenier;88.0;146.0;R128;3;7-6(5) 7-5;2024-03-04
20240304;Indian Wells Masters;Hard;M;Denis Shapovalov;Botic Van De Zandschulp;131.0;82.0;R128;3;6-1 6-4;2024-03-04
20240304;Indian Wells Masters;Hard;M;Thanasi Kokkinakis;Marcos Giron;99.0;48.0;R128;3;6-3 7-5;2024-03-04
20240304;Indian Wells Masters;Hard;M;Christopher Oconnell;Jack Draper;66.0;37.0;R128;3;1-6 6-3 6-2;2024-03-04
20240304;Indian Wells Masters;Hard;M;Adrian Mannarino;Tomas Machac;21.0;63.0;R64;3;6-1 6-2;2024-03-04
20240304;Indian Wells Masters;Hard;M;Zhizhen Zhang;Aleksandar Kovacevic;50.0;92.0;R128;3;6-7(2) 6-3 7-5;2024-03-04
20240304;Indian Wells Masters;Hard;M;Sebastian Korda;Roman Safiullin;29.0;42.0;R64;3;6-4 6-2;2024-03-04
20240304;Indian Wells Masters;Hard;M;Tommy Paul;Casper Ruud;17.0;9.0;QF;3;6-2 1-6 6-3;2024-03-04
20240304;Indian Wells Masters;Hard;M;Gael Monfils;Hubert Hurkacz;54.0;8.0;R64;3;6-0 6-7(5) 6-2;2024-03-04
20240304;Indian Wells Masters;Hard;M;Luca Nardi;Novak Djokovic;123.0;1.0;R32;3;6-4 3-6 6-3;2024-03-04
20240304;Indian Wells Masters;Hard;M;Carlos Alcaraz;Fabian Marozsan;2.0;58.0;R16;3;6-3 6-3;2024-03-04
20240304;Indian Wells Masters;Hard;M;Alexander Zverev;Alex De Minaur;6.0;10.0;R16;3;5-7 6-2 6-3;2024-03-04
20240304;Indian Wells Masters;Hard;M;Jannik Sinner;Ben Shelton;3.0;16.0;R16;3;7-6(4) 6-1;2024-03-04
20240304;Indian Wells Masters;Hard;M;Jiri Lehecka;Stefanos Tsitsipas;32.0;11.0;R16;3;6-2 6-4;2024-03-04
20240304;Indian Wells Masters;Hard;M;Holger Rune;Taylor Fritz;7.0;12.0;R16;3;2-6 7-6(2) 6-3;2024-03-04
20240304;Indian Wells Masters;Hard;M;Daniil Medvedev;Grigor Dimitrov;4.0;13.0;R16;3;6-4 6-4;2024-03-04
20240304;Indian Wells Masters;Hard;M;Casper Ruud;Gael Monfils;9.0;54.0;R16;3;3-6 7-6(3) 6-4;2024-03-04
20240304;Indian Wells Masters;Hard;M;Tommy Paul;Luca Nardi;17.0;123.0;R16;3;6-4 6-3;2024-03-04
20240304;Indian Wells Masters;Hard;M;Carlos Alcaraz;Alexander Zverev;2.0;6.0;QF;3;6-3 6-1;2024-03-04
20240304;Indian Wells Masters;Hard;M;Jannik Sinner;Jiri Lehecka;3.0;32.0;QF;3;6-3 6-3;2024-03-04
20240304;Indian Wells Masters;Hard;M;Daniil Medvedev;Holger Rune;4.0;7.0;QF;3;7-5 6-4;2024-03-04
20240304;Indian Wells Masters;Hard;M;Carlos Alcaraz;Jannik Sinner;2.0;3.0;SF;3;1-6 6-3 6-2;2024-03-04
20240304;Indian Wells Masters;Hard;M;Daniil Medvedev;Tommy Paul;4.0;17.0;SF;3;1-6 7-6(3) 6-2;2024-03-04
20240304;Indian Wells Masters;Hard;M;Carlos Alcaraz;Daniil Medvedev;2.0;4.0;F;3;7-6(5) 6-1;2024-03-04
20240304;Indian Wells Masters;Hard;M;Tommy Paul;Ugo Humbert;17.0;14.0;R32;3;6-4 6-4;2024-03-04
20240304;Indian Wells Masters;Hard;M;Casper Ruud;Arthur Fils;9.0;43.0;R32;3;6-2 6-4;2024-03-04
20240304;Indian Wells Masters;Hard;M;Daniil Medvedev;Roberto Carballes Baena;4.0;64.0;R64;3;6-2 6-3;2024-03-04
20240304;Indian Wells Masters;Hard;M;Daniil Medvedev;Sebastian Korda;4.0;29.0;R32;3;6-4 5-7 6-3;2024-03-04
20240304;Indian Wells Masters;Hard;M;Jannik Sinner;Jan Lennard Struff;3.0;25.0;R32;3;6-3 6-4;2024-03-04
20240304;Indian Wells Masters;Hard;M;Alexander Zverev;Tallon Griekspoor;6.0;27.0;R32;3;7-6(7) 6-3;2024-03-04
20240304;Indian Wells Masters;Hard;M;Alex De Minaur;Alexander Bublik;10.0;20.0;R32;3;7-5 6-0;2024-03-04
20240304;Indian Wells Masters;Hard;M;Novak Djokovic;Aleksandar Vukic;1.0;69.0;R64;3;6-2 5-7 6-3;2024-03-04
20240304;Indian Wells Masters;Hard;M;Luca Nardi;Zhizhen Zhang;123.0;50.0;R64;3;6-3 3-6 6-3;2024-03-04
20240304;Indian Wells Masters;Hard;M;Tommy Paul;Alex Michelsen;17.0;80.0;R64;3;6-2 6-2;2024-03-04
20240304;Indian Wells Masters;Hard;M;Gael Monfils;Cameron Norrie;54.0;28.0;R32;3;6-7(5) 7-6(5) 6-3;2024-03-04
20240304;Indian Wells Masters;Hard;M;Ugo Humbert;Patrick Kypson;14.0;151.0;R64;3;6-4 6-4;2024-03-04
20240304;Indian Wells Masters;Hard;M;Carlos Alcaraz;Felix Auger Aliassime;2.0;31.0;R32;3;6-2 6-3;2024-03-04
20240304;Indian Wells Masters;Hard;M;Cameron Norrie;Lorenzo Sonego;28.0;55.0;R64;3;6-4 6-4;2024-03-04
20240304;Indian Wells Masters;Hard;M;Ben Shelton;Francisco Cerundolo;16.0;22.0;R32;3;7-6(5) 3-6 7-6(5);2024-03-04
20240304;Indian Wells Masters;Hard;M;Stefanos Tsitsipas;Frances Tiafoe;11.0;18.0;R32;3;6-3 6-3;2024-03-04
20240304;Indian Wells Masters;Hard;M;Jiri Lehecka;Andrey Rublev;32.0;5.0;R32;3;6-4 6-4;2024-03-04
20240304;Indian Wells Masters;Hard;M;Holger Rune;Lorenzo Musetti;7.0;26.0;R32;3;6-2 7-6(5);2024-03-04
20240304;Indian Wells Masters;Hard;M;Taylor Fritz;Sebastian Baez;12.0;19.0;R32;3;6-2 6-2;2024-03-04
20240304;Indian Wells Masters;Hard;M;Grigor Dimitrov;Adrian Mannarino;13.0;21.0;R32;3;6-3 6-3;2024-03-04
20240304;Indian Wells Masters;Hard;M;Arthur Fils;Alejandro Davidovich Fokina;43.0;23.0;R64;3;6-3 6-4;2024-03-04
20240318;Miami Masters;Hard;M;Tallon Griekspoor;Alex Michelsen;26.0;73.0;R64;3;7-6(5) 6-7(7) 6-4;2024-03-18
20240318;Miami Masters;Hard;M;Christopher Oconnell;Frances Tiafoe;66.0;22.0;R64;3;7-5 7-6(5);2024-03-18
20240318;Miami Masters;Hard;M;Denis Shapovalov;Stefanos Tsitsipas;126.0;11.0;R64;3;6-2 6-4;2024-03-18
20240318;Miami Masters;Hard;M;Matteo Arnaldi;Alexander Bublik;38.0;18.0;R64;3;6-4 6-1;2024-03-18
20240318;Miami Masters;Hard;M;Tomas Machac;Andrey Rublev;60.0;6.0;R64;3;6-4 6-4;2024-03-18
20240318;Miami Masters;Hard;M;Nicolas Jarry;Jack Draper;23.0;42.0;R64;3;7-6(5) 4-6 7-6(2);2024-03-18
20240318;Miami Masters;Hard;M;Cameron Norrie;Flavio Cobolli;31.0;63.0;R64;3;7-5 6-7(4) 6-2;2024-03-18
20240318;Miami Masters;Hard;M;Ugo Humbert;Botic Van De Zandschulp;15.0;77.0;R64;3;6-4 6-3;2024-03-18
20240318;Miami Masters;Hard;M;Alejandro Davidovich Fokina;Juncheng Shang;28.0;124.0;R64;3;6-3 7-5;2024-03-18
20240318;Miami Masters;Hard;M;Jannik Sinner;Andrea Vavassori;3.0;148.0;R64;3;6-3 6-4;2024-03-18
20240318;Miami Masters;Hard;M;Daniil Medvedev;Marton Fucsovics;4.0;86.0;R64;3;6-4 6-2;2024-03-18
20240318;Miami Masters;Hard;M;Roberto Carballes Baena;Aleksandar Vukic;64.0;65.0;R128;3;7-6(2) 6-3;2024-03-18
20240318;Miami Masters;Hard;M;Tomas Machac;Darwin Blanch;60.0;1034.0;R128;3;6-4 6-2;2024-03-18
20240318;Miami Masters;Hard;M;Alejandro Tabilo;Brandon Nakashima;44.0;92.0;R128;3;6-4 3-6 6-3;2024-03-18
20240318;Miami Masters;Hard;M;Roberto Bautista Agut;Emilio Nava;100.0;132.0;R128;3;6-3 7-6(4);2024-03-18
20240318;Miami Masters;Hard;M;Felix Auger Aliassime;Adam Walton;36.0;150.0;R128;3;7-5 6-4;2024-03-18
20240318;Miami Masters;Hard;M;Laslo Djere;Coleman Wong;35.0;212.0;R128;3;7-5 7-6(3);2024-03-18
20240318;Miami Masters;Hard;M;Fabian Marozsan;Aleksandar Kovacevic;57.0;98.0;R128;3;6-3 6-2;2024-03-18
20240318;Miami Masters;Hard;M;Botic Van De Zandschulp;Rinky Hijikata;77.0;81.0;R128;3;7-5 7-6(3);2024-03-18
20240318;Miami Masters;Hard;M;Flavio Cobolli;Yoshihito Nishioka;63.0;71.0;R128;3;1-6 6-1 6-4;2024-03-18
20240318;Miami Masters;Hard;M;Fabian Marozsan;Holger Rune;57.0;7.0;R64;3;6-1 6-1;2024-03-18
20240318;Miami Masters;Hard;M;Matteo Arnaldi;Arthur Fils;38.0;37.0;R128;3;6-3 6-4;2024-03-18
20240318;Miami Masters;Hard;M;Denis Shapovalov;Luciano Darderi;126.0;75.0;R128;3;6-3 6-7(3) 6-4;2024-03-18
20240318;Miami Masters;Hard;M;Martin Damm;Zhizhen Zhang;204.0;49.0;R128;3;7-6(2) 7-6(3);2024-03-18
20240318;Miami Masters;Hard;M;Christopher Oconnell;Vit Kopriva;66.0;116.0;R128;3;6-2 6-4;2024-03-18
20240318;Miami Masters;Hard;M;Martin Landaluce;Jaume Munar;360.0;72.0;R128;3;6-3 1-6 7-5;2024-03-18
20240318;Miami Masters;Hard;M;Alexei Popyrin;Jiri Lehecka;45.0;27.0;R64;3;6-4 6-4;2024-03-18
20240318;Miami Masters;Hard;M;Juncheng Shang;Miomir Kecmanovic;124.0;46.0;R128;3;7-6(5) 4-6 7-6(5);2024-03-18
20240318;Miami Masters;Hard;M;Karen Khachanov;Laslo Djere;16.0;35.0;R64;3;6-2 6-4;2024-03-18
20240318;Miami Masters;Hard;M;Lorenzo Musetti;Ben Shelton;24.0;17.0;R32;3;6-4 7-6(5);2024-03-18
20240318;Miami Masters;Hard;M;Carlos Alcaraz;Gael Monfils;2.0;47.0;R32;3;6-2 6-4;2024-03-18
20240318;Miami Masters;Hard;M;Jannik Sinner;Christopher Oconnell;3.0;66.0;R16;3;6-4 6-3;2024-03-18
20240318;Miami Masters;Hard;M;Tomas Machac;Matteo Arnaldi;60.0;38.0;R16;3;6-3 6-3;2024-03-18
20240318;Miami Masters;Hard;M;Nicolas Jarry;Casper Ruud;23.0;8.0;R16;3;7-6(3) 6-3;2024-03-18
20240318;Miami Masters;Hard;M;Fabian Marozsan;Alex De Minaur;57.0;10.0;R16;3;6-4 0-6 6-1;2024-03-18
20240318;Miami Masters;Hard;M;Alexander Zverev;Karen Khachanov;5.0;16.0;R16;3;6-1 6-4;2024-03-18
20240318;Miami Masters;Hard;M;Grigor Dimitrov;Yannick Hanfmann;12.0;56.0;R32;3;6-1 6-0;2024-03-18
20240318;Miami Masters;Hard;M;Grigor Dimitrov;Hubert Hurkacz;12.0;9.0;R16;3;3-6 6-3 7-6(3);2024-03-18
20240318;Miami Masters;Hard;M;Jannik Sinner;Tomas Machac;3.0;60.0;QF;3;6-4 6-2;2024-03-18
20240318;Miami Masters;Hard;M;Daniil Medvedev;Nicolas Jarry;4.0;23.0;QF;3;6-2 7-6(7);2024-03-18
20240318;Miami Masters;Hard;M;Alexander Zverev;Fabian Marozsan;5.0;57.0;QF;3;6-3 7-5;2024-03-18
20240318;Miami Masters;Hard;M;Grigor Dimitrov;Carlos Alcaraz;12.0;2.0;QF;3;6-2 6-4;2024-03-18
20240318;Miami Masters;Hard;M;Jannik Sinner;Daniil Medvedev;3.0;4.0;SF;3;6-1 6-2;2024-03-18
20240318;Miami Masters;Hard;M;Grigor Dimitrov;Alexander Zverev;12.0;5.0;SF;3;6-4 6-7(4) 6-4;2024-03-18
20240318;Miami Masters;Hard;M;Jannik Sinner;Grigor Dimitrov;3.0;12.0;F;3;6-3 6-1;2024-03-18
20240318;Miami Masters;Hard;M;Carlos Alcaraz;Lorenzo Musetti;2.0;24.0;R16;3;6-3 6-3;2024-03-18
20240318;Miami Masters;Hard;M;Jan Lennard Struff;Daniel Altmaier;25.0;54.0;R64;3;6-3 6-3;2024-03-18
20240318;Miami Masters;Hard;M;Hubert Hurkacz;Sebastian Korda;9.0;29.0;R32;3;7-6(5) 6-7(5) 6-3;2024-03-18
20240318;Miami Masters;Hard;M;Karen Khachanov;Francisco Cerundolo;16.0;21.0;R32;3;6-1 5-7 7-6(5);2024-03-18
20240318;Miami Masters;Hard;M;Francisco Cerundolo;Sebastian Ofner;21.0;40.0;R64;3;7-6(2) 6-7(2) 6-1;2024-03-18
20240318;Miami Masters;Hard;M;Alexander Zverev;Felix Auger Aliassime;5.0;36.0;R64;3;6-2 6-4;2024-03-18
20240318;Miami Masters;Hard;M;Hubert Hurkacz;Alexander Shevchenko;9.0;58.0;R64;3;6-4 6-7(2) 6-3;2024-03-18
20240318;Miami Masters;Hard;M;Sebastian Korda;Roberto Bautista Agut;29.0;100.0;R64;3;6-7(2) 6-3 6-4;2024-03-18
20240318;Miami Masters;Hard;M;Yannick Hanfmann;Adrian Mannarino;56.0;20.0;R64;3;3-6 7-6(1) 6-4;2024-03-18
20240318;Miami Masters;Hard;M;Grigor Dimitrov;Alejandro Tabilo;12.0;44.0;R64;3;6-7(5) 7-6(5) 6-2;2024-03-18
20240318;Miami Masters;Hard;M;Ben Shelton;Martin Landaluce;17.0;360.0;R64;3;6-3 6-4;2024-03-18
20240318;Miami Masters;Hard;M;Gael Monfils;Jordan Thompson;47.0;34.0;R64;3;6-7(3) 6-1 6-2;2024-03-18
20240318;Miami Masters;Hard;M;Lorenzo Musetti;Roman Safiullin;24.0;39.0;R64;3;7-5 6-1;2024-03-18
20240318;Miami Masters;Hard;M;Jannik Sinner;Tallon Griekspoor;3.0;26.0;R32;3;5-7 7-5 6-1;2024-03-18
20240318;Miami Masters;Hard;M;Christopher Oconnell;Martin Damm;66.0;204.0;R32;3;7-6(5) 7-6(5);2024-03-18
20240318;Miami Masters;Hard;M;Matteo Arnaldi;Denis Shapovalov;38.0;126.0;R32;3;6-3 7-6(7);2024-03-18
20240318;Miami Masters;Hard;M;Daniil Medvedev;Cameron Norrie;4.0;31.0;R32;3;7-5 6-1;2024-03-18
20240318;Miami Masters;Hard;M;Casper Ruud;Alejandro Davidovich Fokina;8.0;28.0;R32;3;6-3 6-4;2024-03-18
20240318;Miami Masters;Hard;M;Fabian Marozsan;Alexei Popyrin;57.0;45.0;R32;3;7-5 6-3;2024-03-18
20240318;Miami Masters;Hard;M;Alex De Minaur;Jan Lennard Struff;10.0;25.0;R32;3;7-6(3) 6-4;2024-03-18
20240318;Miami Masters;Hard;M;Carlos Alcaraz;Roberto Carballes Baena;2.0;64.0;R64;3;6-2 6-1;2024-03-18
20250101;Hong Kong Tennis Open;Hard;ATP250;Cameron Norrie;Lorenzo Sonego;49.0;53.0;2nd Round;3;6-2 4-6 6-1;2025-01-01
20250101;Hong Kong Tennis Open;Hard;ATP250;Alexandre Muller;Miomir Kecmanovic;67.0;54.0;2nd Round;3;7-5 6-7 6-7;2025-01-01
20250101;Brisbane International;Hard;ATP250;Grigor Dimitrov;Aleksandar Vukic;10.0;68.0;2nd Round;3;2-6 6-7;2025-01-01
20250101;Hong Kong Tennis Open;Hard;ATP250;Arthur Fils;Zizou Bergs;20.0;71.0;2nd Round;3;6-7 4-6;2025-01-01
20250101;Brisbane International;Hard;ATP250;Jiri Lehecka;Yoshihito Nishioka;28.0;69.0;2nd Round;3;2-6 7-6 4-6;2025-01-01
20250101;Brisbane International;Hard;ATP250;Nicolas Jarry;Benjamin Bonzi;35.0;75.0;2nd Round;3;6-2 6-3;2025-01-01
20250101;Brisbane International;Hard;ATP250;Jordan Thompson;Alex Michelsen;26.0;41.0;2nd Round;3;7-5 6-3;2025-01-01
20250102;Brisbane International;Hard;ATP250;Novak Djokovic;Gael Monfils;7.0;55.0;2nd Round;3;6-3 6-3;2025-01-02
20250102;Brisbane International;Hard;ATP250;Reilly Opelka;Matteo Arnaldi;293.0;37.0;2nd Round;3;7-6 7-6;2025-01-02
20250102;Hong Kong Tennis Open;Hard;ATP250;Jaume Munar;Nuno Borges;62.0;36.0;2nd Round;3;3-6 5-7;2025-01-02
20250102;Hong Kong Tennis Open;Hard;ATP250;Fabian Marozsan;Andrey Rublev;58.0;8.0;2nd Round;3;7-5 3-6 6-3;2025-01-02
20250102;Hong Kong Tennis Open;Hard;ATP250;Juncheng Shang;Pedro Martinez;50.0;43.0;2nd Round;3;3-6 1-6;2025-01-02
20250102;Hong Kong Tennis Open;Hard;ATP250;Lorenzo Musetti;Gabriel Diallo;17.0;87.0;2nd Round;3;6-4 6-3;2025-01-02
20250103;Hong Kong Tennis Open;Hard;ATP250;Juncheng Shang;Fabian Marozsan;50.0;58.0;Quarterfinals;3;6-1 3-6 4-6;2025-01-03
20250103;Hong Kong Tennis Open;Hard;ATP250;Alexandre Muller;Arthur Fils;67.0;20.0;Quarterfinals;3;6-3 3-6 1-6;2025-01-03
20250103;Hong Kong Tennis Open;Hard;ATP250;Jaume Munar;Lorenzo Musetti;62.0;17.0;Quarterfinals;3;2-6 7-6 7-5;2025-01-03
20250103;Brisbane International;Hard;ATP250;Reilly Opelka;Novak Djokovic;293.0;7.0;Quarterfinals;3;6-7 3-6;2025-01-03
20250103;Brisbane International;Hard;ATP250;Jiri Lehecka;Nicolas Jarry;28.0;35.0;Quarterfinals;3;4-6 4-6;2025-01-03
20250104;Hong Kong Tennis Open;Hard;ATP250;Alexandre Muller;Jaume Munar;67.0;62.0;Semifinals;3;6-7 4-6;2025-01-04
20250105;ASB Classic;Hard;ATP250;Nuno Borges;Luciano Darderi;36.0;44.0;1st Round;3;7-5 3-6 5-7;2025-01-05
20250106;ASB Classic;Hard;ATP250;Mariano Navone;Adrian Mannarino;46.0;73.0;1st Round;3;6-7 7-6 1-6;2025-01-06
20250106;ASB Classic;Hard;ATP250;Lorenzo Sonego;Gabriel Diallo;54.0;87.0;1st Round;3;7-6 2-6 7-6;2025-01-06
20250106;Adelaide International;Hard;ATP250;Alejandro Davidovich Fokina;Roberto Bautista Agut;68.0;51.0;1st Round;3;7-5 6-2;2025-01-06
20250106;Adelaide International;Hard;ATP250;Thanasi Kokkinakis;Yoshihito Nishioka;77.0;63.0;1st Round;3;6-3 3-6 6-3;2025-01-06
20250106;Adelaide International;Hard;ATP250;Denis Shapovalov;Zhizhen Zhang;58.0;47.0;1st Round;3;3-6 4-6;2025-01-06
20250107;Adelaide International;Hard;ATP250;Rinky Hijikata;David Goffin;79.0;53.0;1st Round;3;1-6 2-6;2025-01-07
20250107;Adelaide International;Hard;ATP250;Arthur Cazaux;Adam Walton;80.0;91.0;1st Round;3;5-7 1-6;2025-01-07
20250107;Adelaide International;Hard;ATP250;Marcos Giron;Aleksandar Vukic;45.0;67.0;1st Round;3;2-6 6-3 3-6;2025-01-07
20250107;Adelaide International;Hard;ATP250;Brandon Nakashima;Yannick Hanfmann;37.0;98.0;1st Round;3;6-1 2-6 6-3;2025-01-07
20250107;Adelaide International;Hard;ATP250;Miomir Kecmanovic;Alexander Bublik;55.0;33.0;1st Round;3;6-4 6-2;2025-01-07
20250107;Adelaide International;Hard;ATP250;Tomas Martin Etcheverry;Tristan Schoolkate;39.0;173.0;1st Round;3;7-6 6-3;2025-01-07
20250107;ASB Classic;Hard;ATP250;Nishesh Basavareddy;Francisco Comesana;133.0;85.0;1st Round;3;6-2 6-2;2025-01-07
20250107;ASB Classic;Hard;ATP250;Nishesh Basavareddy;Alejandro Tabilo;133.0;23.0;2nd Round;3;6-4 5-7 6-4;2025-01-07
20250107;ASB Classic;Hard;ATP250;Gael Monfils;Pedro Martinez;52.0;43.0;1st Round;3;1-6 7-6 6-3;2025-01-07
20250107;ASB Classic;Hard;ATP250;Jakub Mensik;Pablo Carreno Busta;49.0;184.0;1st Round;3;0-6 6-4 5-7;2025-01-07
20250107;ASB Classic;Hard;ATP250;Jan-Lennard Struff;Yunchaokete Bu;42.0;65.0;1st Round;3;3-6 4-6;2025-01-07
20250107;ASB Classic;Hard;ATP250;Zizou Bergs;Luca Nardi;66.0;90.0;2nd Round;3;1-6 4-6;2025-01-07
20250108;Adelaide International;Hard;ATP250;Sebastian Korda;Alejandro Davidovich Fokina;22.0;68.0;2nd Round;3;6-3 6-3;2025-01-08
20250108;ASB Classic;Hard;ATP250;Nuno Borges;Mariano Navone;36.0;46.0;2nd Round;3;4-6 7-5 6-4;2025-01-08
20250108;ASB Classic;Hard;ATP250;Alex Michelsen;Lorenzo Sonego;41.0;54.0;2nd Round;3;7-6 6-2;2025-01-08
20250108;ASB Classic;Hard;ATP250;Jakub Mensik;Ben Shelton;49.0;21.0;2nd Round;3;6-7 6-4 5-7;2025-01-08
20250108;ASB Classic;Hard;ATP250;Gael Monfils;Jan-Lennard Struff;52.0;42.0;2nd Round;3;1-6 6-7;2025-01-08
20250108;ASB Classic;Hard;ATP250;Nishesh Basavareddy;Alex Michelsen;133.0;41.0;Quarterfinals;3;2-6 6-2 6-4;2025-01-08
20250108;Adelaide International;Hard;ATP250;Felix Auger-Aliassime;Arthur Cazaux;29.0;80.0;2nd Round;3;6-1 4-6 5-7;2025-01-08
20250108;Adelaide International;Hard;ATP250;Marcos Giron;Denis Shapovalov;45.0;58.0;2nd Round;3;7-5 6-2;2025-01-08
20250108;Adelaide International;Hard;ATP250;Rinky Hijikata;Brandon Nakashima;79.0;37.0;2nd Round;3;6-2 3-6 7-6;2025-01-08
20250108;Adelaide International;Hard;ATP250;Thanasi Kokkinakis;Tomas Martin Etcheverry;77.0;39.0;2nd Round;3;7-5 4-6 7-6;2025-01-08
20250109;Adelaide International;Hard;ATP250;Tommy Paul;Rinky Hijikata;12.0;79.0;Quarterfinals;3;3-6 4-6;2025-01-09
20250109;Adelaide International;Hard;ATP250;Miomir Kecmanovic;Benjamin Bonzi;55.0;70.0;Quarterfinals;3;2-6 3-6;2025-01-09
20250109;Adelaide International;Hard;ATP250;Felix Auger-Aliassime;Marcos Giron;29.0;45.0;Quarterfinals;3;7-6 6-3;2025-01-09
20250109;ASB Classic;Hard;ATP250;Nuno Borges;Jakub Mensik;36.0;49.0;Quarterfinals;3;7-6 2-6 6-7;2025-01-09
20250110;ASB Classic;Hard;ATP250;Zizou Bergs;Nuno Borges;66.0;36.0;Semifinals;3;2-6 6-3 5-7;2025-01-10
20250110;ASB Classic;Hard;ATP250;Gael Monfils;Nishesh Basavareddy;52.0;133.0;Semifinals;3;7-6 6-4;2025-01-10
20250110;Adelaide International;Hard;ATP250;Felix Auger-Aliassime;Tommy Paul;29.0;12.0;Semifinals;3;7-6 3-6 6-4;2025-01-10
20250110;Adelaide International;Hard;ATP250;Sebastian Korda;Miomir Kecmanovic;22.0;55.0;Semifinals;3;3-6 6-7;2025-01-10
20250111;ASB Classic;Hard;ATP250;Gael Monfils;Zizou Bergs;52.0;66.0;The Final;3;6-3 6-4;2025-01-11
20250111;Adelaide International;Hard;ATP250;Felix Auger-Aliassime;Sebastian Korda;29.0;22.0;The Final;3;6-3 3-6 6-1;2025-01-11
20250112;Australian Open;Hard;Grand Slam;Casper Ruud;Jaume Munar;6.0;62.0;1st Round;5;6-3 1-6 7-5 2-6 6-1;2025-01-12
20250112;Australian Open;Hard;Grand Slam;Quentin Halys;Adam Walton;74.0;90.0;1st Round;5;4-6 4-6 6-4 7-6 7-5;2025-01-12
20250112;Australian Open;Hard;Grand Slam;Arthur Fils;Otto Virtanen;21.0;93.0;1st Round;5;3-6 7-6 6-4 6-4;2025-01-12
20250112;Australian Open;Hard;Grand Slam;Hady Habib;Yunchaokete Bu;219.0;67.0;1st Round;5;6-7 4-6 6-7;2025-01-12
20250113;Australian Open;Hard;Grand Slam;Alex Michelsen;Stefanos Tsitsipas;42.0;12.0;1st Round;5;5-7 3-6 6-2 4-6;2025-01-13
20250113;Australian Open;Hard;Grand Slam;Frances Tiafoe;Arthur Rinderknech;16.0;61.0;1st Round;5;7-6 6-3 4-6 6-7 6-3;2025-01-13
20250113;Australian Open;Hard;Grand Slam;Jannik Sinner;Nicolas Jarry;1.0;36.0;1st Round;5;7-6 7-6 6-1;2025-01-13
20250113;Australian Open;Hard;Grand Slam;Thanasi Kokkinakis;Roman Safiullin;71.0;63.0;1st Round;5;6-3 3-6 3-6 6-7;2025-01-13
20250113;Australian Open;Hard;Grand Slam;Jakub Mensik;Nikoloz Basilashvili;48.0;206.0;1st Round;5;6-1 6-7 6-3 6-3;2025-01-13
20250113;Australian Open;Hard;Grand Slam;Benjamin Bonzi;David Goffin;64.0;54.0;1st Round;5;1-6 2-6 6-7;2025-01-13
20250113;Australian Open;Hard;Grand Slam;Carlos Alcaraz;Aleksandr Shevchenko;3.0;77.0;1st Round;5;1-6 5-7 1-6;2025-01-13
20250113;Australian Open;Hard;Grand Slam;Jack Draper;Mariano Navone;18.0;47.0;1st Round;5;4-6 6-3 3-6 6-3 6-2;2025-01-13
20250113;Australian Open;Hard;Grand Slam;Novak Djokovic;Nishesh Basavareddy;7.0;107.0;1st Round;5;4-6 6-3 6-4 6-2;2025-01-13
20250113;Australian Open;Hard;Grand Slam;Arthur Cazaux;Sebastian Baez;78.0;28.0;1st Round;5;6-3 5-7 3-6 6-0 6-3;2025-01-13
20250113;Australian Open;Hard;Grand Slam;Nuno Borges;Alexandre Muller;33.0;58.0;1st Round;5;6-7 6-3 6-2 7-5;2025-01-13
20250113;Australian Open;Hard;Grand Slam;Felix Auger-Aliassime;Jan-Lennard Struff;23.0;43.0;1st Round;5;6-3 6-0 4-6 6-1;2025-01-13
20250113;Australian Open;Hard;Grand Slam;Aleksandar Vukic;Damir Dzumhur;68.0;82.0;1st Round;5;7-6 0-6 6-3 3-6 4-6;2025-01-13
20250114;Australian Open;Hard;Grand Slam;Lorenzo Musetti;Matteo Arnaldi;15.0;39.0;1st Round;5;7-6 4-6 7-6 6-3;2025-01-14
20250114;Australian Open;Hard;Grand Slam;Holger Rune;Zhizhen Zhang;13.0;49.0;1st Round;5;6-4 3-6 4-6 6-3 4-6;2025-01-14
20250114;Australian Open;Hard;Grand Slam;Alex de Minaur;Botic van de Zandschulp;8.0;84.0;1st Round;5;1-6 5-7 4-6;2025-01-14
20250114;Australian Open;Hard;Grand Slam;Learner Tien;Camilo Ugo Carabelli;121.0;94.0;1st Round;5;6-4 6-7 3-6 7-5 4-6;2025-01-14
20250114;Australian Open;Hard;Grand Slam;Lorenzo Sonego;Stan Wawrinka;55.0;156.0;1st Round;5;6-4 5-7 7-5 7-5;2025-01-14
20250114;Australian Open;Hard;Grand Slam;Matteo Berrettini;Cameron Norrie;34.0;52.0;1st Round;5;7-6 4-6 1-6 3-6;2025-01-14
20250114;Australian Open;Hard;Grand Slam;Ben Shelton;Brandon Nakashima;20.0;35.0;1st Round;5;6-7 5-7 5-7;2025-01-14
20250114;Australian Open;Hard;Grand Slam;Corentin Moutet;Alexei Popyrin;69.0;24.0;1st Round;5;4-6 6-3 6-4 6-4;2025-01-14
20250114;Australian Open;Hard;Grand Slam;Joao Fonseca;Andrey Rublev;112.0;9.0;1st Round;5;6-7 3-6 6-7;2025-01-14
20250114;Australian Open;Hard;Grand Slam;Hubert Hurkacz;Tallon Griekspoor;17.0;40.0;1st Round;5;7-5 6-4 6-4;2025-01-14
20250114;Australian Open;Hard;Grand Slam;Marcos Giron;Yannick Hanfmann;46.0;95.0;1st Round;5;2-6 7-5 6-1 7-5;2025-01-14
20250114;Australian Open;Hard;Grand Slam;Gabriel Diallo;Luca Nardi;86.0;83.0;1st Round;5;6-7 7-6 5-7 6-1 6-2;2025-01-14
20250114;Australian Open;Hard;Grand Slam;Daniel Altmaier;Francisco Comesana;101.0;85.0;1st Round;5;2-6 6-3 6-7 6-4 4-6;2025-01-14
20250114;Australian Open;Hard;Grand Slam;Karen Khachanov;Adrian Mannarino;19.0;75.0;1st Round;5;6-7 3-6 3-6;2025-01-14
20250114;Australian Open;Hard;Grand Slam;Tomas Martin Etcheverry;Flavio Cobolli;38.0;32.0;1st Round;5;7-6 3-6 5-7 1-6;2025-01-14
20250114;Australian Open;Hard;Grand Slam;Francisco Cerundolo;Alexander Bublik;31.0;37.0;1st Round;5;7-6 6-3 6-2;2025-01-14
20250114;Australian Open;Hard;Grand Slam;Pablo Carreno Busta;Kamil Majchrzak;182.0;122.0;1st Round;5;6-4 6-4 6-3;2025-01-14
20250114;Australian Open;Hard;Grand Slam;Denis Shapovalov;Roberto Bautista Agut;56.0;53.0;1st Round;5;6-3 4-6 4-6 6-7;2025-01-14
20250115;Australian Open;Hard;Grand Slam;Nuno Borges;Jordan Thompson;33.0;27.0;2nd Round;5;3-6 2-6 4-6;2025-01-15
20250115;Australian Open;Hard;Grand Slam;Jakub Mensik;Casper Ruud;48.0;6.0;2nd Round;5;2-6 6-3 1-6 4-6;2025-01-15
20250115;Australian Open;Hard;Grand Slam;Carlos Alcaraz;Yoshihito Nishioka;3.0;65.0;2nd Round;5;0-6 1-6 4-6;2025-01-15
20250115;Australian Open;Hard;Grand Slam;Alexander Zverev;Pedro Martinez;2.0;44.0;2nd Round;5;1-6 4-6 1-6;2025-01-15
20250115;Australian Open;Hard;Grand Slam;Tomas Machac;Reilly Opelka;25.0;170.0;2nd Round;5;3-6 7-6 6-7 7-6 6-4;2025-01-15
20250115;Australian Open;Hard;Grand Slam;Aleksandar Vukic;Sebastian Korda;68.0;22.0;2nd Round;5;4-6 6-3 6-2 3-6 5-7;2025-01-15
20250115;Australian Open;Hard;Grand Slam;Alejandro Davidovich Fokina;Felix Auger-Aliassime;66.0;23.0;2nd Round;5;7-6 7-6 4-6 1-6 3-6;2025-01-15
20250115;Australian Open;Hard;Grand Slam;Arthur Fils;Quentin Halys;21.0;74.0;2nd Round;5;6-2 4-6 7-6 7-5;2025-01-15
20250115;Australian Open;Hard;Grand Slam;Jacob Fearnley;Arthur Cazaux;92.0;78.0;2nd Round;5;3-6 7-5 6-2 6-3;2025-01-15
20250115;Australian Open;Hard;Grand Slam;Novak Djokovic;Jaime Faria;7.0;125.0;2nd Round;5;1-6 7-6 3-6 2-6;2025-01-15
20250115;Australian Open;Hard;Grand Slam;Jack Draper;Thanasi Kokkinakis;18.0;71.0;2nd Round;5;6-7 6-3 3-6 7-5 6-3;2025-01-15
20250115;Australian Open;Hard;Grand Slam;Ugo Humbert;Hady Habib;14.0;219.0;2nd Round;5;6-3 6-4 6-4;2025-01-15
20250116;Australian Open;Hard;Grand Slam;Fabian Marozsan;Frances Tiafoe;59.0;16.0;2nd Round;5;7-6 4-6 6-3 4-6 1-6;2025-01-16
20250116;Australian Open;Hard;Grand Slam;Lorenzo Sonego;Joao Fonseca;55.0;112.0;2nd Round;5;6-7 6-3 6-1 3-6 6-3;2025-01-16
20250116;Australian Open;Hard;Grand Slam;Jannik Sinner;Tristan Schoolkate;1.0;173.0;2nd Round;5;4-6 6-4 6-1 6-3;2025-01-16
20250116;Australian Open;Hard;Grand Slam;Learner Tien;Daniil Medvedev;121.0;5.0;2nd Round;5;3-6 6-7 7-6 6-1 6-7;2025-01-16
20250116;Australian Open;Hard;Grand Slam;Karen Khachanov;Gabriel Diallo;19.0;86.0;2nd Round;5;7-6 4-6 6-3 6-3;2025-01-16
20250116;Australian Open;Hard;Grand Slam;Lorenzo Musetti;Denis Shapovalov;15.0;56.0;2nd Round;5;7-6 7-6 6-2;2025-01-16
20250116;Australian Open;Hard;Grand Slam;Taylor Fritz;Cristian Garin;4.0;150.0;2nd Round;5;6-2 6-1 6-0;2025-01-16
20250116;Australian Open;Hard;Grand Slam;Marcos Giron;Tomas Martin Etcheverry;46.0;38.0;2nd Round;5;5-7 6-3 5-7 6-3 4-6;2025-01-16
20250116;Australian Open;Hard;Grand Slam;Ben Shelton;Pablo Carreno Busta;20.0;182.0;2nd Round;5;3-6 3-6 7-6 4-6;2025-01-16
20250116;Australian Open;Hard;Grand Slam;Holger Rune;Matteo Berrettini;13.0;34.0;2nd Round;5;6-7 6-2 3-6 6-7;2025-01-16
20250116;Australian Open;Hard;Grand Slam;Miomir Kecmanovic;Hubert Hurkacz;51.0;17.0;2nd Round;5;4-6 4-6 2-6;2025-01-16
20250116;Australian Open;Hard;Grand Slam;Gael Monfils;Daniel Altmaier;41.0;101.0;2nd Round;5;5-7 3-6 6-7;2025-01-16
20250117;Australian Open;Hard;Grand Slam;Jiri Lehecka;Benjamin Bonzi;29.0;64.0;3rd Round;5;2-6 3-6 3-6;2025-01-17
20250117;Australian Open;Hard;Grand Slam;Carlos Alcaraz;Nuno Borges;3.0;33.0;3rd Round;5;2-6 4-6 7-6 2-6;2025-01-17
20250117;Australian Open;Hard;Grand Slam;Novak Djokovic;Tomas Machac;7.0;25.0;3rd Round;5;6-1 6-4 6-4;2025-01-17
20250117;Australian Open;Hard;Grand Slam;Jack Draper;Aleksandar Vukic;18.0;68.0;3rd Round;5;6-4 2-6 5-7 7-6 7-6;2025-01-17
20250117;Australian Open;Hard;Grand Slam;Alejandro Davidovich Fokina;Jakub Mensik;66.0;48.0;3rd Round;5;6-3 6-4 6-7 4-6 2-6;2025-01-17
20250117;Australian Open;Hard;Grand Slam;Alexander Zverev;Jacob Fearnley;2.0;92.0;3rd Round;5;6-3 6-4 6-4;2025-01-17
20250118;Australian Open;Hard;Grand Slam;Learner Tien;Corentin Moutet;121.0;69.0;3rd Round;5;6-7 3-6 3-6;2025-01-18
20250118;Australian Open;Hard;Grand Slam;Lorenzo Sonego;Fabian Marozsan;55.0;59.0;3rd Round;5;6-7 7-6 6-1 6-2;2025-01-18
20250118;Australian Open;Hard;Grand Slam;Ben Shelton;Lorenzo Musetti;20.0;15.0;3rd Round;5;6-3 3-6 6-4 7-6;2025-01-18
20250118;Australian Open;Hard;Grand Slam;Holger Rune;Miomir Kecmanovic;13.0;51.0;3rd Round;5;6-7 6-3 4-6 6-4 6-4;2025-01-18
20250118;Australian Open;Hard;Grand Slam;Gael Monfils;Taylor Fritz;41.0;4.0;3rd Round;5;3-6 7-5 7-6 6-4;2025-01-18
20250118;Australian Open;Hard;Grand Slam;Jannik Sinner;Marcos Giron;1.0;46.0;3rd Round;5;3-6 4-6 2-6;2025-01-18
20250118;Australian Open;Hard;Grand Slam;Alex Michelsen;Karen Khachanov;42.0;19.0;3rd Round;5;3-6 6-7 2-6;2025-01-18
20250118;Australian Open;Hard;Grand Slam;Alex de Minaur;Francisco Cerundolo;8.0;31.0;3rd Round;5;7-5 6-7 3-6 3-6;2025-01-18
20250119;Australian Open;Hard;Grand Slam;Tommy Paul;Alejandro Davidovich Fokina;11.0;66.0;4th Round;5;1-6 1-6 1-6;2025-01-19
20250119;Australian Open;Hard;Grand Slam;Novak Djokovic;Jiri Lehecka;7.0;29.0;4th Round;5;3-6 4-6 6-7;2025-01-19
20250119;Australian Open;Hard;Grand Slam;Alexander Zverev;Ugo Humbert;2.0;14.0;4th Round;5;6-1 2-6 6-3 6-2;2025-01-19
20250120;Australian Open;Hard;Grand Slam;Alex de Minaur;Alex Michelsen;8.0;42.0;4th Round;5;6-0 7-6 6-3;2025-01-20
20250120;Australian Open;Hard;Grand Slam;Jannik Sinner;Holger Rune;1.0;13.0;4th Round;5;6-3 3-6 6-3 6-2;2025-01-20
20250120;Australian Open;Hard;Grand Slam;Lorenzo Sonego;Learner Tien;55.0;121.0;4th Round;5;3-6 2-6 6-3 1-6;2025-01-20
20250121;Australian Open;Hard;Grand Slam;Alexander Zverev;Tommy Paul;2.0;11.0;Quarterfinals;5;6-7 6-7 6-2 1-6;2025-01-21
20250121;Australian Open;Hard;Grand Slam;Novak Djokovic;Carlos Alcaraz;7.0;3.0;Quarterfinals;5;4-6 6-4 6-3 6-4;2025-01-21
20250122;Australian Open;Hard;Grand Slam;Jannik Sinner;Alex de Minaur;1.0;8.0;Quarterfinals;5;6-3 6-2 6-1;2025-01-22
20250122;Australian Open;Hard;Grand Slam;Ben Shelton;Lorenzo Sonego;20.0;55.0;Quarterfinals;5;4-6 5-7 6-4 6-7;2025-01-22
20250124;Australian Open;Hard;Grand Slam;Jannik Sinner;Ben Shelton;1.0;20.0;Semifinals;5;6-7 2-6 2-6;2025-01-24
20250126;Australian Open;Hard;Grand Slam;Jannik Sinner;Alexander Zverev;1.0;2.0;The Final;5;6-3 7-6 6-3;2025-01-26
20250127;Open Sud de France;Hard;ATP250;Yunchaokete Bu;Daniel Altmaier;71.0;91.0;1st Round;3;6-7 3-6;2025-01-27
20250127;Open Sud de France;Hard;ATP250;Arthur Cazaux;Stan Wawrinka;101.0;154.0;1st Round;3;6-4 6-3;2025-01-27
20250128;Open Sud de France;Hard;ATP250;Tallon Griekspoor;Botic van de Zandschulp;46.0;84.0;1st Round;3;7-5 6-3;2025-01-28
20250129;Open Sud de France;Hard;ATP250;Felix Auger-Aliassime;Arthur Cazaux;23.0;101.0;2nd Round;3;4-6 6-7;2025-01-29
20250129;Open Sud de France;Hard;ATP250;Aleksandar Kovacevic;David Goffin;102.0;56.0;1st Round;3;6-2 3-6 6-4;2025-01-29
20250130;Open Sud de France;Hard;ATP250;Nikoloz Basilashvili;Arthur Rinderknech;178.0;61.0;2nd Round;3;6-0 7-6;2025-01-30
20250130;Open Sud de France;Hard;ATP250;Jesper de Jong;Flavio Cobolli;131.0;34.0;2nd Round;3;3-6 6-7;2025-01-30
20250130;Open Sud de France;Hard;ATP250;Aleksandar Kovacevic;Mattia Bellucci;102.0;98.0;2nd Round;3;7-5 7-6;2025-01-30
20250131;Open Sud de France;Hard;ATP250;Felix Auger-Aliassime;Yunchaokete Bu;23.0;71.0;Quarterfinals;3;3-6 4-6;2025-01-31
20250131;Open Sud de France;Hard;ATP250;Aleksandar Kovacevic;Alexander Bublik;102.0;39.0;Quarterfinals;3;3-6 2-6;2025-01-31
20250131;Open Sud de France;Hard;ATP250;Jesper de Jong;Tallon Griekspoor;131.0;46.0;Quarterfinals;3;7-6 6-4;2025-01-31
20250201;Open Sud de France;Hard;ATP250;Felix Auger-Aliassime;Jesper de Jong;23.0;131.0;Semifinals;3;6-4 7-6;2025-02-01
20250201;Open Sud de France;Hard;ATP250;Aleksandar Kovacevic;Andrey Rublev;102.0;10.0;Semifinals;3;5-7 4-6;2025-02-01
20250202;Open Sud de France;Hard;ATP250;Felix Auger-Aliassime;Aleksandar Kovacevic;23.0;102.0;The Final;3;6-2 6-7 7-6;2025-02-02
20250203;ABN AMRO World Tennis Tournament;Hard;ATP500;Mattia Bellucci;Mees Rottgering;92.0;839.0;1st Round;3;6-3 6-2;2025-02-03
20250203;ABN AMRO World Tennis Tournament;Hard;ATP500;Hubert Hurkacz;Flavio Cobolli;21.0;35.0;1st Round;3;3-6 2-6;2025-02-03
20250203;ABN AMRO World Tennis Tournament;Hard;ATP500;Daniil Medvedev;Stan Wawrinka;7.0;155.0;1st Round;3;7-6 4-6 1-6;2025-02-03
20250203;Dallas Open;Hard;ATP500;Rinky Hijikata;Adrian Mannarino;73.0;107.0;1st Round;3;5-7 3-6;2025-02-03
20250204;Dallas Open;Hard;ATP500;Tommy Paul;Jenson Brooksby;9.0;1093.0;1st Round;3;6-7 6-3 6-4;2025-02-04
20250204;Dallas Open;Hard;ATP500;Cameron Norrie;Alex Michelsen;63.0;36.0;1st Round;3;6-2 6-7 1-6;2025-02-04
20250204;ABN AMRO World Tennis Tournament;Hard;ATP500;Holger Rune;Lorenzo Sonego;14.0;34.0;1st Round;3;6-7 4-6;2025-02-04
20250204;ABN AMRO World Tennis Tournament;Hard;ATP500;Andrey Rublev;Zhizhen Zhang;10.0;50.0;1st Round;3;6-3 6-4;2025-02-04
20250204;Dallas Open;Hard;ATP500;Ethan Quinn;Trevor Svajda;199.0;669.0;1st Round;3;4-6 2-6;2025-02-04
20250204;ABN AMRO World Tennis Tournament;Hard;ATP500;Jiri Lehecka;Alexei Popyrin;24.0;26.0;1st Round;3;5-7 2-6;2025-02-04
20250204;ABN AMRO World Tennis Tournament;Hard;ATP500;Jakub Mensik;Alexander Bublik;47.0;49.0;1st Round;3;4-6 4-6;2025-02-04
20250204;ABN AMRO World Tennis Tournament;Hard;ATP500;Pedro Martinez;Roberto Bautista Agut;44.0;52.0;1st Round;3;3-6 2-6;2025-02-04
20250204;ABN AMRO World Tennis Tournament;Hard;ATP500;Carlos Alcaraz;Botic van de Zandschulp;3.0;84.0;1st Round;3;7-6 3-6 6-1;2025-02-04
20250204;ABN AMRO World Tennis Tournament;Hard;ATP500;Alex de Minaur;David Goffin;8.0;56.0;1st Round;3;6-2 6-4;2025-02-04
20250205;Dallas Open;Hard;ATP500;Ben Shelton;Aleksandar Vukic;13.0;66.0;1st Round;3;6-3 6-3;2025-02-05
20250205;Dallas Open;Hard;ATP500;Reilly Opelka;Aleksandr Shevchenko;145.0;82.0;1st Round;3;7-6 6-4;2025-02-05
20250205;Dallas Open;Hard;ATP500;Yoshihito Nishioka;Brandon Nakashima;67.0;42.0;1st Round;3;4-6 6-7;2025-02-05
20250205;Dallas Open;Hard;ATP500;Casper Ruud;James Duckworth;5.0;86.0;1st Round;3;5-7 6-4 2-6;2025-02-05
20250205;Dallas Open;Hard;ATP500;Jaume Munar;Yunchaokete Bu;64.0;68.0;1st Round;3;7-5 6-2;2025-02-05
20250205;ABN AMRO World Tennis Tournament;Hard;ATP500;Fabian Marozsan;Jan-Lennard Struff;57.0;45.0;1st Round;3;6-3 4-6 7-6;2025-02-05
20250205;ABN AMRO World Tennis Tournament;Hard;ATP500;Daniel Altmaier;Aleksandar Kovacevic;93.0;75.0;1st Round;3;6-1 4-6 3-6;2025-02-05
20250205;ABN AMRO World Tennis Tournament;Hard;ATP500;Tallon Griekspoor;Matteo Berrettini;43.0;33.0;1st Round;3;3-6 7-6 6-7;2025-02-05
20250205;ABN AMRO World Tennis Tournament;Hard;ATP500;Mattia Bellucci;Daniil Medvedev;92.0;7.0;2nd Round;3;6-3 6-7 6-3;2025-02-05
20250206;Dallas Open;Hard;ATP500;Matteo Arnaldi;Alejandro Davidovich Fokina;39.0;59.0;2nd Round;3;6-1 6-3;2025-02-06
20250206;Dallas Open;Hard;ATP500;Jaume Munar;Ben Shelton;64.0;13.0;2nd Round;3;2-6 6-7;2025-02-06
20250206;Dallas Open;Hard;ATP500;Reilly Opelka;Cameron Norrie;145.0;63.0;2nd Round;3;4-6 7-6 6-4;2025-02-06
20250206;Dallas Open;Hard;ATP500;Casper Ruud;Michael Mmoh;5.0;422.0;2nd Round;3;1-6 4-6;2025-02-06
20250206;Dallas Open;Hard;ATP500;Tomas Machac;Rinky Hijikata;25.0;73.0;2nd Round;3;6-4 7-6;2025-02-06
20250206;Dallas Open;Hard;ATP500;Yoshihito Nishioka;Frances Tiafoe;67.0;18.0;2nd Round;3;6-3 4-6 3-6;2025-02-06
20250206;Dallas Open;Hard;ATP500;Denis Shapovalov;Miomir Kecmanovic;54.0;55.0;1st Round;3;6-3 6-7 6-3;2025-02-06
20250206;ABN AMRO World Tennis Tournament;Hard;ATP500;Stefanos Tsitsipas;Tallon Griekspoor;12.0;43.0;2nd Round;3;6-7 7-6 7-5;2025-02-06
20250206;ABN AMRO World Tennis Tournament;Hard;ATP500;Carlos Alcaraz;Andrea Vavassori;3.0;317.0;2nd Round;3;2-6 1-6;2025-02-06
20250206;ABN AMRO World Tennis Tournament;Hard;ATP500;Alex de Minaur;Jakub Mensik;8.0;47.0;2nd Round;3;4-6 4-6;2025-02-06
20250206;ABN AMRO World Tennis Tournament;Hard;ATP500;Pedro Martinez;Holger Rune;44.0;14.0;2nd Round;3;6-4 6-1;2025-02-06
20250206;ABN AMRO World Tennis Tournament;Hard;ATP500;Andrey Rublev;Fabian Marozsan;10.0;57.0;2nd Round;3;6-7 6-7;2025-02-06
20250206;ABN AMRO World Tennis Tournament;Hard;ATP500;Daniel Altmaier;Arthur Fils;93.0;19.0;2nd Round;3;6-4 3-6 7-5;2025-02-06
20250206;Dallas Open;Hard;ATP500;Taylor Fritz;Arthur Rinderknech;4.0;60.0;1st Round;3;4-6 2-6;2025-02-06
20250207;ABN AMRO World Tennis Tournament;Hard;ATP500;Alex de Minaur;Daniel Altmaier;8.0;93.0;Quarterfinals;3;1-6 4-6;2025-02-07
20250207;ABN AMRO World Tennis Tournament;Hard;ATP500;Mattia Bellucci;Stefanos Tsitsipas;92.0;12.0;Quarterfinals;3;6-4 6-2;2025-02-07
20250207;ABN AMRO World Tennis Tournament;Hard;ATP500;Hubert Hurkacz;Andrey Rublev;21.0;10.0;Quarterfinals;3;6-7 6-3 6-4;2025-02-07
20250207;ABN AMRO World Tennis Tournament;Hard;ATP500;Carlos Alcaraz;Pedro Martinez;3.0;44.0;Quarterfinals;3;2-6 1-6;2025-02-07
20250207;Dallas Open;Hard;ATP500;Tommy Paul;Ethan Quinn;9.0;199.0;2nd Round;3;4-6 7-5 4-6;2025-02-07
20250207;Dallas Open;Hard;ATP500;Denis Shapovalov;Taylor Fritz;54.0;4.0;2nd Round;3;2-6 6-3 7-6;2025-02-07
20250207;Dallas Open;Hard;ATP500;Jaume Munar;Matteo Arnaldi;64.0;39.0;Quarterfinals;3;4-6 6-3 3-6;2025-02-07
20250208;Dallas Open;Hard;ATP500;Casper Ruud;Jaume Munar;5.0;64.0;Semifinals;3;6-2 2-6 7-6;2025-02-08
20250208;Dallas Open;Hard;ATP500;Denis Shapovalov;Tommy Paul;54.0;9.0;Semifinals;3;5-7 3-6;2025-02-08
20250208;Dallas Open;Hard;ATP500;Tommy Paul;Reilly Opelka;9.0;145.0;Quarterfinals;3;7-6 6-2;2025-02-08
20250208;ABN AMRO World Tennis Tournament;Hard;ATP500;Alex de Minaur;Mattia Bellucci;8.0;92.0;Semifinals;3;1-6 2-6;2025-02-08
20250208;ABN AMRO World Tennis Tournament;Hard;ATP500;Carlos Alcaraz;Hubert Hurkacz;3.0;21.0;Semifinals;3;6-4 6-7 6-3;2025-02-08
20250208;Dallas Open;Hard;ATP500;Denis Shapovalov;Tomas Machac;54.0;25.0;Quarterfinals;3;6-7 0-6;2025-02-08
20250209;ABN AMRO World Tennis Tournament;Hard;ATP500;Carlos Alcaraz;Alex de Minaur;3.0;8.0;The Final;3;4-6 6-3 2-6;2025-02-09
20250209;Dallas Open;Hard;ATP500;Denis Shapovalov;Casper Ruud;54.0;5.0;The Final;3;7-6 6-3;2025-02-09
20250210;Open 13;Hard;ATP250;Otto Virtanen;Sebastian Korda;98.0;23.0;1st Round;3;6-7 7-6 6-4;2025-02-10
20250210;Open 13;Hard;ATP250;Hamad Medjedovic;Raphael Collignon;96.0;122.0;1st Round;3;3-6 4-6;2025-02-10
20250210;Open 13;Hard;ATP250;Lorenzo Sonego;Botic van de Zandschulp;35.0;85.0;1st Round;3;1-6 6-3 3-6;2025-02-10
20250210;Delray Beach Open;Hard;ATP250;Michael Mmoh;Aleksandr Shevchenko;328.0;88.0;1st Round;3;5-7 6-7;2025-02-10
20250210;Delray Beach Open;Hard;ATP250;Cameron Norrie;Zachary Svajda;61.0;169.0;1st Round;3;5-7 4-6;2025-02-10
20250211;Delray Beach Open;Hard;ATP250;Yunchaokete Bu;Rinky Hijikata;69.0;72.0;1st Round;3;2-6 0-6;2025-02-11
20250211;Delray Beach Open;Hard;ATP250;Yoshihito Nishioka;Aleksandar Vukic;63.0;67.0;1st Round;3;3-6 4-6;2025-02-11
20250211;Open 13;Hard;ATP250;Daniel Altmaier;Luca Nardi;80.0;83.0;1st Round;3;6-2 6-2;2025-02-11
20250211;Open 13;Hard;ATP250;Nuno Borges;Stan Wawrinka;39.0;158.0;1st Round;3;6-7 7-6 6-3;2025-02-11
20250211;Open 13;Hard;ATP250;Zhizhen Zhang;Quentin Halys;52.0;74.0;1st Round;3;6-3 6-7 7-6;2025-02-11
20250212;Open 13;Hard;ATP250;Hamad Medjedovic;Karen Khachanov;96.0;21.0;2nd Round;3;6-2 6-3;2025-02-12
20250212;Open 13;Hard;ATP250;Daniel Altmaier;Otto Virtanen;80.0;98.0;2nd Round;3;4-6 3-6;2025-02-12
20250212;Open 13;Hard;ATP250;Ugo Humbert;Alexander Bublik;17.0;48.0;2nd Round;3;6-7 4-6;2025-02-12
20250212;Open 13;Hard;ATP250;Hugo Grenier;Arthur Gea;202.0;306.0;1st Round;3;5-7 4-6;2025-02-12
20250212;Delray Beach Open;Hard;ATP250;Marcos Giron;Ethan Quinn;49.0;150.0;2nd Round;3;3-6 4-6;2025-02-12
20250212;Delray Beach Open;Hard;ATP250;Cameron Norrie;Arthur Rinderknech;61.0;65.0;2nd Round;3;7-6 6-2;2025-02-12
20250212;Delray Beach Open;Hard;ATP250;Learner Tien;Adam Walton;82.0;89.0;1st Round;3;4-6 3-6;2025-02-12
20250213;Open 13;Hard;ATP250;Daniil Medvedev;Pierre-Hugues Herbert;8.0;192.0;2nd Round;3;6-2 6-4;2025-02-13
20250213;Open 13;Hard;ATP250;Jan-Lennard Struff;Hugo Grenier;46.0;202.0;2nd Round;3;4-6 7-5 4-6;2025-02-13
20250213;Open 13;Hard;ATP250;Zizou Bergs;Nuno Borges;62.0;39.0;2nd Round;3;6-2 6-7 6-2;2025-02-13
20250213;Open 13;Hard;ATP250;Zhizhen Zhang;Hubert Hurkacz;52.0;20.0;2nd Round;3;4-6 7-6 3-6;2025-02-13
20250213;Delray Beach Open;Hard;ATP250;Alejandro Davidovich Fokina;Mackenzie McDonald;60.0;123.0;2nd Round;3;2-6 7-5 0-6;2025-02-13
20250213;Delray Beach Open;Hard;ATP250;Matteo Arnaldi;Learner Tien;38.0;82.0;2nd Round;3;7-6 4-6 7-6;2025-02-13
20250213;Delray Beach Open;Hard;ATP250;Brandon Nakashima;Reilly Opelka;43.0;121.0;2nd Round;3;3-6 7-5 6-2;2025-02-13
20250214;Open 13;Hard;ATP250;Daniil Medvedev;Jan-Lennard Struff;8.0;46.0;Quarterfinals;3;3-6 2-6;2025-02-14
20250214;Delray Beach Open;Hard;ATP250;Taylor Fritz;Yunchaokete Bu;4.0;69.0;2nd Round;3;6-7 2-6;2025-02-14
20250214;Delray Beach Open;Hard;ATP250;Matteo Arnaldi;Brandon Nakashima;38.0;43.0;Quarterfinals;3;7-6 6-4;2025-02-14
20250214;Delray Beach Open;Hard;ATP250;Miomir Kecmanovic;Marcos Giron;56.0;49.0;Quarterfinals;3;2-6 6-4 6-2;2025-02-14
20250214;Delray Beach Open;Hard;ATP250;Alex Michelsen;Cameron Norrie;37.0;61.0;Quarterfinals;3;6-7 5-7;2025-02-14
20250214;Open 13;Hard;ATP250;Ugo Humbert;Lorenzo Sonego;17.0;35.0;Quarterfinals;3;6-4 6-4;2025-02-14
20250214;Open 13;Hard;ATP250;Hamad Medjedovic;Daniel Altmaier;96.0;80.0;Quarterfinals;3;7-5 6-7 6-4;2025-02-14
20250215;Open 13;Hard;ATP250;Ugo Humbert;Zizou Bergs;17.0;62.0;Semifinals;3;4-6 4-6;2025-02-15
20250215;Open 13;Hard;ATP250;Hamad Medjedovic;Daniil Medvedev;96.0;8.0;Semifinals;3;6-3 6-2;2025-02-15
20250215;Delray Beach Open;Hard;ATP250;Alejandro Davidovich Fokina;Taylor Fritz;60.0;4.0;Quarterfinals;3;6-7 6-7;2025-02-15
20250215;Delray Beach Open;Hard;ATP250;Miomir Kecmanovic;Alex Michelsen;56.0;37.0;Semifinals;3;7-6 6-3;2025-02-15
20250216;Delray Beach Open;Hard;ATP250;Alejandro Davidovich Fokina;Matteo Arnaldi;60.0;38.0;Semifinals;3;4-6 4-6;2025-02-16
20250216;Delray Beach Open;Hard;ATP250;Miomir Kecmanovic;Alejandro Davidovich Fokina;56.0;60.0;The Final;3;3-6 6-1 7-5;2025-02-16
20250216;Open 13;Hard;ATP250;Ugo Humbert;Hamad Medjedovic;17.0;96.0;The Final;3;6-7 4-6;2025-02-16
20250217;Qatar Exxon Mobil Open;Hard;ATP500;Carlos Alcaraz;Marin Cilic;3.0;192.0;1st Round;3;4-6 4-6;2025-02-17
20250217;Qatar Exxon Mobil Open;Hard;ATP500;Jiri Lehecka;Grigor Dimitrov;25.0;15.0;1st Round;3;4-6 4-6;2025-02-17
20250217;Qatar Exxon Mobil Open;Hard;ATP500;Jack Draper;Alexei Popyrin;16.0;27.0;1st Round;3;6-2 7-6;2025-02-17
20250218;Qatar Exxon Mobil Open;Hard;ATP500;Luca Nardi;Zhizhen Zhang;85.0;49.0;1st Round;3;4-6 3-6;2025-02-18
20250218;Qatar Exxon Mobil Open;Hard;ATP500;Hamad Medjedovic;Stefanos Tsitsipas;73.0;11.0;1st Round;3;6-7 7-5 6-7;2025-02-18
20250218;Qatar Exxon Mobil Open;Hard;ATP500;Alex de Minaur;Roman Safiullin;8.0;71.0;1st Round;3;1-6 5-7;2025-02-18
20250218;Qatar Exxon Mobil Open;Hard;ATP500;Daniil Medvedev;Karen Khachanov;6.0;21.0;1st Round;3;4-6 7-5 6-3;2025-02-18
20250218;Qatar Exxon Mobil Open;Hard;ATP500;Felix Auger-Aliassime;Quentin Halys;23.0;79.0;1st Round;3;6-4 4-6 6-7;2025-02-18
20250218;Qatar Exxon Mobil Open;Hard;ATP500;Andrey Rublev;Alexander Bublik;10.0;48.0;1st Round;3;3-6 4-6;2025-02-18
20250218;Qatar Exxon Mobil Open;Hard;ATP500;Matteo Berrettini;Novak Djokovic;35.0;7.0;1st Round;3;7-6 6-2;2025-02-18
20250218;Qatar Exxon Mobil Open;Hard;ATP500;Zizou Bergs;Roberto Bautista Agut;58.0;54.0;1st Round;3;4-6 6-7;2025-02-18
20250218;Qatar Exxon Mobil Open;Hard;ATP500;Tallon Griekspoor;Jan-Lennard Struff;51.0;44.0;1st Round;3;7-6 7-6;2025-02-18
20250218;Qatar Exxon Mobil Open;Hard;ATP500;Nuno Borges;Otto Virtanen;39.0;92.0;1st Round;3;7-6 6-3;2025-02-18
20250219;Qatar Exxon Mobil Open;Hard;ATP500;Carlos Alcaraz;Luca Nardi;3.0;85.0;2nd Round;3;1-6 6-4 3-6;2025-02-19
20250219;Qatar Exxon Mobil Open;Hard;ATP500;Alex de Minaur;Botic van de Zandschulp;8.0;87.0;2nd Round;3;6-4 6-4;2025-02-19
20250219;Qatar Exxon Mobil Open;Hard;ATP500;Jiri Lehecka;Fabian Marozsan;25.0;57.0;2nd Round;3;6-4 6-2;2025-02-19
20250219;Qatar Exxon Mobil Open;Hard;ATP500;Andrey Rublev;Nuno Borges;10.0;39.0;2nd Round;3;3-6 4-6;2025-02-19
20250219;Qatar Exxon Mobil Open;Hard;ATP500;Daniil Medvedev;Zizou Bergs;6.0;58.0;2nd Round;3;2-6 1-6;2025-02-19
20250219;Qatar Exxon Mobil Open;Hard;ATP500;Matteo Berrettini;Tallon Griekspoor;35.0;51.0;2nd Round;3;7-6 6-7 6-4;2025-02-19
20250220;Qatar Exxon Mobil Open;Hard;ATP500;Jack Draper;Matteo Berrettini;16.0;35.0;Quarterfinals;3;6-4 4-6 3-6;2025-02-20
20250220;Qatar Exxon Mobil Open;Hard;ATP500;Andrey Rublev;Alex de Minaur;10.0;8.0;Quarterfinals;3;1-6 6-3 6-7;2025-02-20
20250220;Qatar Exxon Mobil Open;Hard;ATP500;Jiri Lehecka;Carlos Alcaraz;25.0;3.0;Quarterfinals;3;6-3 3-6 6-4;2025-02-20
20250221;Qatar Exxon Mobil Open;Hard;ATP500;Jack Draper;Jiri Lehecka;16.0;25.0;Semifinals;3;6-3 6-7 3-6;2025-02-21
20250221;Qatar Exxon Mobil Open;Hard;ATP500;Andrey Rublev;Felix Auger-Aliassime;10.0;23.0;Semifinals;3;7-5 4-6 7-6;2025-02-21
20250222;Qatar Exxon Mobil Open;Hard;ATP500;Andrey Rublev;Jack Draper;10.0;16.0;The Final;3;7-5 5-7 6-1;2025-02-22
20250224;Dubai Tennis Championships;Hard;ATP500;Stefanos Tsitsipas;Lorenzo Sonego;11.0;35.0;1st Round;3;6-7 3-6;2025-02-24
20250224;Dubai Tennis Championships;Hard;ATP500;Alexei Popyrin;Hady Habib;27.0;168.0;1st Round;3;6-2 6-4;2025-02-24
20250224;Dubai Tennis Championships;Hard;ATP500;Roberto Bautista Agut;Fabian Marozsan;53.0;55.0;1st Round;3;6-3 3-6 6-7;2025-02-24
20250225;Dubai Tennis Championships;Hard;ATP500;Nuno Borges;Arthur Fils;38.0;19.0;1st Round;3;2-6 1-6;2025-02-25
20250225;Dubai Tennis Championships;Hard;ATP500;Luca Nardi;Marton Fucsovics;79.0;88.0;1st Round;3;1-6 6-2 6-3;2025-02-25
20250225;Dubai Tennis Championships;Hard;ATP500;Matteo Berrettini;Gael Monfils;30.0;40.0;1st Round;3;5-7 4-6;2025-02-25
20250225;Dubai Tennis Championships;Hard;ATP500;Daniil Medvedev;Jan-Lennard Struff;6.0;46.0;1st Round;3;6-4 7-6;2025-02-25
20250225;Dubai Tennis Championships;Hard;ATP500;Ugo Humbert;Jiri Lehecka;15.0;22.0;1st Round;3;3-6 0-6;2025-02-25
20250225;Dubai Tennis Championships;Hard;ATP500;Tallon Griekspoor;Roman Safiullin;47.0;72.0;1st Round;3;7-5 6-7 6-7;2025-02-25
20250225;Dubai Tennis Championships;Hard;ATP500;Quentin Halys;Andrey Rublev;77.0;9.0;1st Round;3;3-6 6-4 7-6;2025-02-25
20250225;Dubai Tennis Championships;Hard;ATP500;Marin Cilic;Alex de Minaur;187.0;8.0;1st Round;3;2-6 6-3 3-6;2025-02-25
20250225;Abierto Mexicano;Hard;ATP500;Tommy Paul;Gabriel Diallo;10.0;89.0;1st Round;3;6-2 6-2;2025-02-25
20250225;Abierto Mexicano;Hard;ATP500;Marcos Giron;Adam Walton;52.0;97.0;1st Round;3;6-7 2-6;2025-02-25
20250225;Abierto Mexicano;Hard;ATP500;David Goffin;Rinky Hijikata;63.0;82.0;1st Round;3;6-2 6-3;2025-02-25
20250225;Abierto Mexicano;Hard;ATP500;Daniel Altmaier;Miomir Kecmanovic;76.0;44.0;1st Round;3;6-4 4-6 3-6;2025-02-25
20250225;Abierto Mexicano;Hard;ATP500;Tomas Machac;Jakub Mensik;25.0;54.0;1st Round;3;6-4 2-6 6-3;2025-02-25
20250225;Dubai Tennis Championships;Hard;ATP500;Felix Auger-Aliassime;Alexander Bublik;21.0;51.0;1st Round;3;7-6 6-7 6-3;2025-02-25
20250225;Abierto Mexicano;Hard;ATP500;Casper Ruud;Arthur Rinderknech;5.0;61.0;1st Round;3;4-6 3-6;2025-02-25
20250225;Abierto Mexicano;Hard;ATP500;Ben Shelton;Flavio Cobolli;14.0;39.0;1st Round;3;7-6 7-6;2025-02-25
20250225;Abierto Mexicano;Hard;ATP500;Learner Tien;Cameron Norrie;83.0;74.0;1st Round;3;6-7 3-6;2025-02-25
20250226;Dubai Tennis Championships;Hard;ATP500;Luca Nardi;Zizou Bergs;79.0;56.0;2nd Round;3;6-4 7-6;2025-02-26
20250226;Dubai Tennis Championships;Hard;ATP500;Tallon Griekspoor;Ugo Humbert;47.0;15.0;2nd Round;3;6-4 3-6 2-6;2025-02-26
20250226;Dubai Tennis Championships;Hard;ATP500;Quentin Halys;Roberto Bautista Agut;77.0;53.0;2nd Round;3;7-6 6-4;2025-02-26
20250226;Dubai Tennis Championships;Hard;ATP500;Felix Auger-Aliassime;Nuno Borges;21.0;38.0;2nd Round;3;4-6 6-3 7-5;2025-02-26
20250226;Abierto Mexicano;Hard;ATP500;Alexander Zverev;Matteo Arnaldi;2.0;33.0;1st Round;3;6-7 6-3 6-4;2025-02-26
20250226;Dubai Tennis Championships;Hard;ATP500;Marin Cilic;Alexei Popyrin;187.0;27.0;2nd Round;3;7-5 3-6 4-6;2025-02-26
20250226;Abierto Mexicano;Hard;ATP500;Denis Shapovalov;Nishesh Basavareddy;32.0;106.0;1st Round;3;7-5 6-2;2025-02-26
20250226;Abierto Mexicano;Hard;ATP500;Frances Tiafoe;Alexandre Muller;18.0;41.0;1st Round;3;6-4 6-2;2025-02-26
20250226;Abierto Mexicano;Hard;ATP500;Brandon Nakashima;Benjamin Bonzi;42.0;62.0;1st Round;3;6-7 5-7;2025-02-26
20250226;Dubai Tennis Championships;Hard;ATP500;Stefanos Tsitsipas;Karen Khachanov;11.0;24.0;2nd Round;3;6-7 6-2 4-6;2025-02-26
20250226;Abierto Mexicano;Hard;ATP500;Alex Michelsen;Yunchaokete Bu;34.0;68.0;1st Round;3;6-2 6-7 6-7;2025-02-26
20250226;Abierto Mexicano;Hard;ATP500;Alejandro Davidovich Fokina;Mattia Bellucci;48.0;70.0;1st Round;3;1-6 7-6 6-2;2025-02-26
20250227;Dubai Tennis Championships;Hard;ATP500;Quentin Halys;Luca Nardi;77.0;79.0;Quarterfinals;3;6-2 3-6 6-7;2025-02-27
20250227;Dubai Tennis Championships;Hard;ATP500;Tallon Griekspoor;Daniil Medvedev;47.0;6.0;Quarterfinals;3;2-6 7-6 7-5;2025-02-27
20250227;Dubai Tennis Championships;Hard;ATP500;Felix Auger-Aliassime;Marin Cilic;21.0;187.0;Quarterfinals;3;6-4 3-6 6-2;2025-02-27
20250227;Dubai Tennis Championships;Hard;ATP500;Stefanos Tsitsipas;Matteo Berrettini;11.0;30.0;Quarterfinals;3;6-7 6-1 4-6;2025-02-27
20250227;Abierto Mexicano;Hard;ATP500;Denis Shapovalov;Alex Michelsen;32.0;34.0;2nd Round;3;4-6 3-6;2025-02-27
20250227;Abierto Mexicano;Hard;ATP500;David Goffin;Ben Shelton;63.0;14.0;2nd Round;3;7-6 6-3;2025-02-27
20250227;Abierto Mexicano;Hard;ATP500;Tomas Machac;Daniel Altmaier;25.0;76.0;2nd Round;3;6-7 1-6;2025-02-27
20250227;Abierto Mexicano;Hard;ATP500;Alejandro Davidovich Fokina;Frances Tiafoe;48.0;18.0;2nd Round;3;3-6 7-6 3-6;2025-02-27
20250227;Abierto Mexicano;Hard;ATP500;Learner Tien;Alexander Zverev;83.0;2.0;2nd Round;3;6-3 6-4;2025-02-27
20250228;Dubai Tennis Championships;Hard;ATP500;Stefanos Tsitsipas;Tallon Griekspoor;11.0;47.0;Semifinals;3;4-6 4-6;2025-02-28
20250228;Abierto Mexicano;Hard;ATP500;Brandon Nakashima;David Goffin;42.0;63.0;Quarterfinals;3;6-7 2-6;2025-02-28
20250228;Abierto Mexicano;Hard;ATP500;Tomas Machac;Learner Tien;25.0;83.0;Quarterfinals;3;6-3 7-5;2025-02-28
20250228;Abierto Mexicano;Hard;ATP500;Denis Shapovalov;Marcos Giron;32.0;52.0;Quarterfinals;3;4-6 6-3 6-2;2025-02-28
20250228;Dubai Tennis Championships;Hard;ATP500;Felix Auger-Aliassime;Quentin Halys;21.0;77.0;Semifinals;3;5-7 6-4 6-3;2025-02-28
20250301;Dubai Tennis Championships;Hard;ATP500;Stefanos Tsitsipas;Felix Auger-Aliassime;11.0;21.0;The Final;3;6-3 6-3;2025-03-01
20250301;Abierto Mexicano;Hard;ATP500;Alejandro Davidovich Fokina;Denis Shapovalov;48.0;32.0;Semifinals;3;6-7 6-7;2025-03-01
20250301;Abierto Mexicano;Hard;ATP500;Tomas Machac;Brandon Nakashima;25.0;42.0;Semifinals;3;6-4 1-6 6-4;2025-03-01
20250302;Abierto Mexicano;Hard;ATP500;Tomas Machac;Alejandro Davidovich Fokina;25.0;48.0;The Final;3;7-6 6-2;2025-03-02
20250305;BNP Paribas Open;Hard;Masters 1000;Yunchaokete Bu;Nishesh Basavareddy;71.0;101.0;1st Round;3;5-7 4-6;2025-03-05
20250305;BNP Paribas Open;Hard;Masters 1000;Damir Dzumhur;Roberto Bautista Agut;84.0;50.0;1st Round;3;6-4 1-6 7-6;2025-03-05
20250305;BNP Paribas Open;Hard;Masters 1000;Tallon Griekspoor;Miomir Kecmanovic;43.0;49.0;1st Round;3;6-7 6-4 6-3;2025-03-05
20250305;BNP Paribas Open;Hard;Masters 1000;Fabian Marozsan;Pedro Martinez;54.0;41.0;1st Round;3;6-3 6-2;2025-03-05
20250305;BNP Paribas Open;Hard;Masters 1000;Roman Safiullin;Reilly Opelka;69.0;114.0;1st Round;3;5-7 4-6;2025-03-05
20250306;BNP Paribas Open;Hard;Masters 1000;Rinky Hijikata;Aleksandr Shevchenko;83.0;98.0;1st Round;3;1-6 3-6;2025-03-06
20250306;BNP Paribas Open;Hard;Masters 1000;Yosuke Watanuki;Alexander Bublik;349.0;82.0;1st Round;3;6-3 3-6 6-3;2025-03-06
20250306;BNP Paribas Open;Hard;Masters 1000;Gael Monfils;Jan-Lennard Struff;42.0;46.0;1st Round;3;4-6 4-6;2025-03-06
20250306;BNP Paribas Open;Hard;Masters 1000;Zizou Bergs;Ethan Quinn;53.0;137.0;1st Round;3;6-7 3-6;2025-03-06
20250306;BNP Paribas Open;Hard;Masters 1000;Corentin Moutet;Jordan Thompson;79.0;38.0;1st Round;3;6-4 4-6 6-3;2025-03-06
20250306;BNP Paribas Open;Hard;Masters 1000;Jakub Mensik;Tomas Martin Etcheverry;57.0;45.0;1st Round;3;6-4 7-6;2025-03-06
20250306;BNP Paribas Open;Hard;Masters 1000;Cameron Norrie;Luca Nardi;77.0;67.0;1st Round;3;0-6 3-6;2025-03-06
20250306;BNP Paribas Open;Hard;Masters 1000;Joao Fonseca;Jacob Fearnley;80.0;81.0;1st Round;3;6-2 1-6 6-3;2025-03-06
20250306;BNP Paribas Open;Hard;Masters 1000;Gabriel Diallo;Zhizhen Zhang;88.0;51.0;1st Round;3;2-6 6-2 7-6;2025-03-06
20250306;BNP Paribas Open;Hard;Masters 1000;Mackenzie McDonald;Alejandro Davidovich Fokina;109.0;39.0;1st Round;3;6-2 3-6 2-6;2025-03-06
20250306;BNP Paribas Open;Hard;Masters 1000;Jenson Brooksby;Benjamin Bonzi;937.0;62.0;1st Round;3;6-1 5-7 5-7;2025-03-06
20250306;BNP Paribas Open;Hard;Masters 1000;Matteo Arnaldi;Aleksandar Kovacevic;35.0;94.0;1st Round;3;6-3 5-7 6-4;2025-03-06
20250306;BNP Paribas Open;Hard;Masters 1000;Marcos Giron;Nikoloz Basilashvili;48.0;152.0;1st Round;3;7-5 7-6;2025-03-06
20250307;BNP Paribas Open;Hard;Masters 1000;Alexei Popyrin;Zizou Bergs;27.0;53.0;2nd Round;3;7-6 7-5;2025-03-07
20250307;BNP Paribas Open;Hard;Masters 1000;Lorenzo Musetti;Roman Safiullin;16.0;69.0;2nd Round;3;7-5 5-7 6-2;2025-03-07
20250307;BNP Paribas Open;Hard;Masters 1000;Cameron Norrie;Jiri Lehecka;77.0;24.0;2nd Round;3;6-3 4-6 5-7;2025-03-07
20250307;BNP Paribas Open;Hard;Masters 1000;Tallon Griekspoor;Alexander Zverev;43.0;2.0;2nd Round;3;4-6 7-6 7-6;2025-03-07
20250307;BNP Paribas Open;Hard;Masters 1000;Marcos Giron;Casper Ruud;48.0;5.0;2nd Round;3;7-6 3-6 6-2;2025-03-07
20250307;BNP Paribas Open;Hard;Masters 1000;David Goffin;Lorenzo Sonego;56.0;37.0;1st Round;3;6-4 7-5;2025-03-07
20250307;BNP Paribas Open;Hard;Masters 1000;Mariano Navone;Learner Tien;63.0;68.0;1st Round;3;7-5 6-4;2025-03-07
20250307;BNP Paribas Open;Hard;Masters 1000;Hugo Gaston;Luciano Darderi;93.0;60.0;1st Round;3;6-3 6-3;2025-03-07
20250307;BNP Paribas Open;Hard;Masters 1000;Quentin Halys;Pablo Carreno Busta;59.0;112.0;1st Round;3;3-6 4-6;2025-03-07
20250307;BNP Paribas Open;Hard;Masters 1000;Nuno Borges;Arthur Rinderknech;36.0;73.0;1st Round;3;1-6 7-5 2-6;2025-03-07
20250308;BNP Paribas Open;Hard;Masters 1000;Francisco Cerundolo;Mackenzie McDonald;26.0;109.0;2nd Round;3;6-4 6-7 1-6;2025-03-08
20250308;BNP Paribas Open;Hard;Masters 1000;Matteo Arnaldi;Andrey Rublev;35.0;8.0;2nd Round;3;4-6 5-7;2025-03-08
20250308;BNP Paribas Open;Hard;Masters 1000;Frances Tiafoe;Damir Dzumhur;17.0;84.0;2nd Round;3;7-6 7-6;2025-03-08
20250308;BNP Paribas Open;Hard;Masters 1000;Denis Shapovalov;Adam Walton;28.0;96.0;2nd Round;3;6-3 6-2;2025-03-08
20250308;BNP Paribas Open;Hard;Masters 1000;Holger Rune;Corentin Moutet;13.0;79.0;2nd Round;3;6-2 6-4;2025-03-08
20250308;BNP Paribas Open;Hard;Masters 1000;Brandon Nakashima;Rinky Hijikata;33.0;83.0;2nd Round;3;5-7 1-6;2025-03-08
20250308;BNP Paribas Open;Hard;Masters 1000;Hubert Hurkacz;Hugo Gaston;22.0;93.0;2nd Round;3;7-5 6-3;2025-03-08
20250308;BNP Paribas Open;Hard;Masters 1000;Jack Draper;Joao Fonseca;14.0;80.0;2nd Round;3;6-4 6-0;2025-03-08
20250308;BNP Paribas Open;Hard;Masters 1000;Botic van de Zandschulp;Novak Djokovic;85.0;7.0;2nd Round;3;2-6 6-3 1-6;2025-03-08
20250308;BNP Paribas Open;Hard;Masters 1000;Daniil Medvedev;Yunchaokete Bu;6.0;71.0;2nd Round;3;2-6 2-6;2025-03-08
20250308;BNP Paribas Open;Hard;Masters 1000;Jenson Brooksby;Felix Auger-Aliassime;937.0;18.0;2nd Round;3;6-4 6-2;2025-03-08
20250308;BNP Paribas Open;Hard;Masters 1000;Carlos Alcaraz;Quentin Halys;3.0;59.0;2nd Round;3;6-4 6-2;2025-03-08
20250308;BNP Paribas Open;Hard;Masters 1000;Arthur Fils;Gabriel Diallo;21.0;88.0;2nd Round;3;6-2 6-2;2025-03-08
20250309;BNP Paribas Open;Hard;Masters 1000;Stefanos Tsitsipas;Matteo Berrettini;9.0;29.0;3rd Round;3;6-3 6-3;2025-03-09
20250309;BNP Paribas Open;Hard;Masters 1000;Marcos Giron;Alexei Popyrin;48.0;27.0;3rd Round;3;7-5 3-6 3-6;2025-03-09
20250309;BNP Paribas Open;Hard;Masters 1000;Tommy Paul;Cameron Norrie;11.0;77.0;3rd Round;3;3-6 5-7;2025-03-09
20250309;BNP Paribas Open;Hard;Masters 1000;Holger Rune;Ugo Humbert;13.0;19.0;3rd Round;3;7-5 4-6 5-7;2025-03-09
20250309;BNP Paribas Open;Hard;Masters 1000;Gael Monfils;Sebastian Korda;42.0;25.0;2nd Round;3;7-6 7-6;2025-03-09
20250309;BNP Paribas Open;Hard;Masters 1000;Karen Khachanov;Jakub Mensik;23.0;57.0;2nd Round;3;3-6 6-0 6-3;2025-03-09
20250309;BNP Paribas Open;Hard;Masters 1000;Alex de Minaur;David Goffin;10.0;56.0;2nd Round;3;2-6 2-6;2025-03-09
20250309;BNP Paribas Open;Hard;Masters 1000;Grigor Dimitrov;Nuno Borges;15.0;36.0;2nd Round;3;3-6 4-6;2025-03-09
20250309;BNP Paribas Open;Hard;Masters 1000;Ben Shelton;Mariano Navone;12.0;63.0;2nd Round;3;6-3 6-2;2025-03-09
20250310;BNP Paribas Open;Hard;Masters 1000;Brandon Nakashima;Matteo Arnaldi;33.0;35.0;3rd Round;3;6-2 6-4;2025-03-10
20250310;BNP Paribas Open;Hard;Masters 1000;Yosuke Watanuki;Frances Tiafoe;349.0;17.0;3rd Round;3;4-6 6-7;2025-03-10
20250310;BNP Paribas Open;Hard;Masters 1000;Taylor Fritz;Alejandro Tabilo;4.0;31.0;3rd Round;3;6-4 3-6 1-6;2025-03-10
20250310;BNP Paribas Open;Hard;Masters 1000;Ben Shelton;Karen Khachanov;12.0;23.0;3rd Round;3;3-6 5-7;2025-03-10
20250310;BNP Paribas Open;Hard;Masters 1000;Francisco Cerundolo;Botic van de Zandschulp;26.0;85.0;3rd Round;3;6-3 6-4;2025-03-10
20250310;BNP Paribas Open;Hard;Masters 1000;Alex de Minaur;Hubert Hurkacz;10.0;22.0;3rd Round;3;6-4 6-0;2025-03-10
20250310;BNP Paribas Open;Hard;Masters 1000;Jack Draper;Jenson Brooksby;14.0;937.0;3rd Round;3;5-7 4-6;2025-03-10
20250310;BNP Paribas Open;Hard;Masters 1000;Arthur Fils;Lorenzo Musetti;21.0;16.0;3rd Round;3;3-6 7-6 6-3;2025-03-10
20250311;BNP Paribas Open;Hard;Masters 1000;Carlos Alcaraz;Denis Shapovalov;3.0;28.0;3rd Round;3;6-2 6-4;2025-03-11
20250311;BNP Paribas Open;Hard;Masters 1000;Grigor Dimitrov;Gael Monfils;15.0;42.0;3rd Round;3;6-7 6-4 6-7;2025-03-11
20250311;BNP Paribas Open;Hard;Masters 1000;Arthur Fils;Marcos Giron;21.0;48.0;4th Round;3;6-2 2-6 6-3;2025-03-11
20250311;BNP Paribas Open;Hard;Masters 1000;Tallon Griekspoor;Yosuke Watanuki;43.0;349.0;4th Round;3;7-6 6-1;2025-03-11
20250311;BNP Paribas Open;Hard;Masters 1000;Holger Rune;Stefanos Tsitsipas;13.0;9.0;4th Round;3;4-6 4-6;2025-03-11
20250312;BNP Paribas Open;Hard;Masters 1000;Ben Shelton;Brandon Nakashima;12.0;33.0;4th Round;3;7-6 6-1;2025-03-12
20250312;BNP Paribas Open;Hard;Masters 1000;Francisco Cerundolo;Alex de Minaur;26.0;10.0;4th Round;3;5-7 3-6;2025-03-12
20250312;BNP Paribas Open;Hard;Masters 1000;Jack Draper;Taylor Fritz;14.0;4.0;4th Round;3;7-5 6-4;2025-03-12
20250312;BNP Paribas Open;Hard;Masters 1000;Daniil Medvedev;Tommy Paul;6.0;11.0;4th Round;3;4-6 0-6;2025-03-12
20250313;BNP Paribas Open;Hard;Masters 1000;Daniil Medvedev;Arthur Fils;6.0;21.0;Quarterfinals;3;4-6 6-2 6-7;2025-03-13
20250313;BNP Paribas Open;Hard;Masters 1000;Holger Rune;Tallon Griekspoor;13.0;43.0;Quarterfinals;3;5-7 6-0 6-3;2025-03-13
20250313;BNP Paribas Open;Hard;Masters 1000;Carlos Alcaraz;Grigor Dimitrov;3.0;15.0;4th Round;3;1-6 1-6;2025-03-13
20250314;BNP Paribas Open;Hard;Masters 1000;Carlos Alcaraz;Francisco Cerundolo;3.0;26.0;Quarterfinals;3;3-6 6-7;2025-03-14
20250314;BNP Paribas Open;Hard;Masters 1000;Jack Draper;Ben Shelton;14.0;12.0;Quarterfinals;3;6-4 7-5;2025-03-14
20250315;BNP Paribas Open;Hard;Masters 1000;Jack Draper;Carlos Alcaraz;14.0;3.0;Semifinals;3;1-6 6-0 4-6;2025-03-15
20250315;BNP Paribas Open;Hard;Masters 1000;Holger Rune;Daniil Medvedev;13.0;6.0;Semifinals;3;7-5 6-4;2025-03-15
20250316;BNP Paribas Open;Hard;Masters 1000;Jack Draper;Holger Rune;14.0;13.0;The Final;3;6-2 6-2;2025-03-16
20250319;Miami Open;Hard;Masters 1000;Tristan Schoolkate;Ethan Quinn;129.0;135.0;1st Round;3;6-0 6-2;2025-03-19
20250319;Miami Open;Hard;Masters 1000;David Goffin;Aleksandar Vukic;55.0;77.0;1st Round;3;6-2 4-6 2-6;2025-03-19
20250319;Miami Open;Hard;Masters 1000;Alexandre Muller;Rei Sakamoto;41.0;330.0;1st Round;3;4-6 4-6;2025-03-19
20250319;Miami Open;Hard;Masters 1000;Jaume Munar;Arthur Rinderknech;56.0;74.0;1st Round;3;6-3 7-6;2025-03-19
20250319;Miami Open;Hard;Masters 1000;Corentin Moutet;Alexander Blockx;76.0;163.0;1st Round;3;7-6 6-4;2025-03-19
20250319;Miami Open;Hard;Masters 1000;Rinky Hijikata;Hamad Medjedovic;86.0;73.0;1st Round;3;5-7 6-3 5-7;2025-03-19
20250319;Miami Open;Hard;Masters 1000;Nick Kyrgios;Mackenzie McDonald;892.0;101.0;1st Round;3;6-3 3-6 4-6;2025-03-19
20250319;Miami Open;Hard;Masters 1000;Gael Monfils;Fabian Marozsan;46.0;59.0;1st Round;3;3-6 6-3 4-6;2025-03-19
20250319;Miami Open;Hard;Masters 1000;Miomir Kecmanovic;Aleksandar Kovacevic;48.0;79.0;1st Round;3;6-4 6-4;2025-03-19
20250319;Miami Open;Hard;Masters 1000;Alexander Bublik;Sebastian Baez;80.0;36.0;1st Round;3;6-3 6-4;2025-03-19
20250319;Miami Open;Hard;Masters 1000;Chun-Hsin Tseng;Mattia Bellucci;115.0;72.0;1st Round;3;6-7 2-6;2025-03-19
20250320;Miami Open;Hard;Masters 1000;Jordan Thompson;Marcos Giron;37.0;45.0;1st Round;3;3-6 6-4 7-5;2025-03-20
20250320;Miami Open;Hard;Masters 1000;Alejandro Davidovich Fokina;Jan-Lennard Struff;39.0;49.0;1st Round;3;6-7 3-6;2025-03-20
20250320;Miami Open;Hard;Masters 1000;Roman Safiullin;Jenson Brooksby;71.0;544.0;1st Round;3;6-3 3-6 6-3;2025-03-20
20250320;Miami Open;Hard;Masters 1000;Yunchaokete Bu;Cameron Norrie;69.0;81.0;1st Round;3;4-6 2-6;2025-03-20
20250320;Miami Open;Hard;Masters 1000;Lorenzo Sonego;Mariano Navone;38.0;62.0;1st Round;3;5-7 5-7;2025-03-20
20250320;Miami Open;Hard;Masters 1000;Eliot Spizzirri;Billy Harris;134.0;107.0;1st Round;3;6-7 6-3 2-6;2025-03-20
20250320;Miami Open;Hard;Masters 1000;Coleman Wong;Daniel Altmaier;182.0;82.0;1st Round;3;4-6 3-6;2025-03-20
20250320;Miami Open;Hard;Masters 1000;Jacob Fearnley;Benjamin Bonzi;83.0;63.0;1st Round;3;7-6 2-6 6-4;2025-03-20
20250320;Miami Open;Hard;Masters 1000;Gabriel Diallo;Tomas Martin Etcheverry;87.0;44.0;1st Round;3;6-3 6-0;2025-03-20
20250320;Miami Open;Hard;Masters 1000;Luciano Darderi;Pedro Martinez;61.0;40.0;1st Round;3;6-4 6-1;2025-03-20
20250320;Miami Open;Hard;Masters 1000;Zizou Bergs;Nuno Borges;51.0;42.0;1st Round;3;6-7 5-7;2025-03-20
20250320;Miami Open;Hard;Masters 1000;Jakub Mensik;Roberto Bautista Agut;54.0;50.0;1st Round;3;4-6 6-3 1-6;2025-03-20
20250320;Miami Open;Hard;Masters 1000;Matteo Arnaldi;Yibing Wu;35.0;421.0;1st Round;3;6-7 6-4 3-6;2025-03-20
20250320;Miami Open;Hard;Masters 1000;Joao Fonseca;Learner Tien;60.0;66.0;1st Round;3;6-7 6-3 6-4;2025-03-20
20250321;Miami Open;Hard;Masters 1000;Jaume Munar;Daniil Medvedev;56.0;8.0;2nd Round;3;6-2 6-3;2025-03-21
20250321;Miami Open;Hard;Masters 1000;Gael Monfils;Jiri Lehecka;46.0;27.0;2nd Round;3;6-1 3-6 7-6;2025-03-21
20250321;Miami Open;Hard;Masters 1000;Alejandro Tabilo;Corentin Moutet;31.0;76.0;2nd Round;3;5-7 6-3 7-5;2025-03-21
20250321;Miami Open;Hard;Masters 1000;Casper Ruud;Miomir Kecmanovic;6.0;48.0;2nd Round;3;3-6 6-4 6-4;2025-03-21
20250321;Miami Open;Hard;Masters 1000;Camilo Ugo Carabelli;Alex Michelsen;65.0;33.0;2nd Round;3;7-6 5-7 3-6;2025-03-21
20250321;Miami Open;Hard;Masters 1000;Stefanos Tsitsipas;Chun-Hsin Tseng;10.0;115.0;2nd Round;3;6-4 5-7 3-6;2025-03-21
20250321;Miami Open;Hard;Masters 1000;Karen Khachanov;Nick Kyrgios;23.0;892.0;2nd Round;3;7-6 6-0;2025-03-21
20250321;Miami Open;Hard;Masters 1000;Novak Djokovic;Rinky Hijikata;5.0;86.0;2nd Round;3;0-6 6-7;2025-03-21
20250321;Miami Open;Hard;Masters 1000;Lorenzo Musetti;Quentin Halys;16.0;57.0;2nd Round;3;6-3 6-7 5-7;2025-03-21
20250321;Miami Open;Hard;Masters 1000;Tommy Paul;Alexander Bublik;13.0;80.0;2nd Round;3;7-5 5-7 4-6;2025-03-21
20250321;Miami Open;Hard;Masters 1000;Felix Auger-Aliassime;Tristan Schoolkate;19.0;129.0;2nd Round;3;6-4 6-4;2025-03-21
20250321;Miami Open;Hard;Masters 1000;Sebastian Korda;Eliot Spizzirri;25.0;134.0;2nd Round;3;6-4 6-2;2025-03-21
20250322;Miami Open;Hard;Masters 1000;Adam Walton;Luciano Darderi;89.0;61.0;2nd Round;3;6-4 6-4;2025-03-22
20250322;Miami Open;Hard;Masters 1000;Taylor Fritz;Lorenzo Sonego;4.0;38.0;2nd Round;3;6-7 3-6;2025-03-22
20250322;Miami Open;Hard;Masters 1000;Coleman Wong;Ben Shelton;182.0;14.0;2nd Round;3;6-7 6-2 6-7;2025-03-22
20250322;Miami Open;Hard;Masters 1000;Roman Safiullin;Alexei Popyrin;71.0;26.0;2nd Round;3;6-7 6-3 7-5;2025-03-22
20250322;Miami Open;Hard;Masters 1000;Reilly Opelka;Holger Rune;114.0;12.0;2nd Round;3;6-4 3-6 6-7;2025-03-22
20250322;Miami Open;Hard;Masters 1000;Zizou Bergs;Andrey Rublev;51.0;9.0;2nd Round;3;5-7 4-6;2025-03-22
20250322;Miami Open;Hard;Masters 1000;Alexander Zverev;Jacob Fearnley;2.0;83.0;2nd Round;3;6-2 6-4;2025-03-22
20250322;Miami Open;Hard;Masters 1000;Joao Fonseca;Ugo Humbert;60.0;20.0;2nd Round;3;6-4 6-3;2025-03-22
20250322;Miami Open;Hard;Masters 1000;Jakub Mensik;Jack Draper;54.0;7.0;2nd Round;3;6-7 6-7;2025-03-22
20250322;Miami Open;Hard;Masters 1000;Frances Tiafoe;Alejandro Davidovich Fokina;17.0;39.0;2nd Round;3;5-7 6-7;2025-03-22
20250322;Miami Open;Hard;Masters 1000;Francisco Cerundolo;Alexandre Muller;24.0;41.0;2nd Round;3;6-1 6-2;2025-03-22
20250322;Miami Open;Hard;Masters 1000;Matteo Berrettini;Hugo Gaston;30.0;88.0;2nd Round;3;4-6 6-3 6-3;2025-03-22
20250322;Miami Open;Hard;Masters 1000;David Goffin;Carlos Alcaraz;55.0;3.0;2nd Round;3;7-5 4-6 3-6;2025-03-22
20250322;Miami Open;Hard;Masters 1000;Tomas Machac;Matteo Arnaldi;21.0;35.0;2nd Round;3;6-2 1-6 6-3;2025-03-22
20250323;Miami Open;Hard;Masters 1000;Novak Djokovic;Camilo Ugo Carabelli;5.0;65.0;3rd Round;3;1-6 6-7;2025-03-23
20250323;Miami Open;Hard;Masters 1000;Brandon Nakashima;David Goffin;32.0;55.0;3rd Round;3;6-3 6-7 6-3;2025-03-23
20250323;Miami Open;Hard;Masters 1000;Lorenzo Musetti;Felix Auger-Aliassime;16.0;19.0;3rd Round;3;4-6 6-2 6-3;2025-03-23
20250323;Miami Open;Hard;Masters 1000;Sebastian Korda;Stefanos Tsitsipas;25.0;10.0;3rd Round;3;6-7 3-6;2025-03-23
20250323;Miami Open;Hard;Masters 1000;Grigor Dimitrov;Karen Khachanov;15.0;23.0;3rd Round;3;7-6 4-6 5-7;2025-03-23
20250323;Miami Open;Hard;Masters 1000;Alex de Minaur;Yunchaokete Bu;11.0;69.0;2nd Round;3;6-4 6-4;2025-03-23
20250323;Miami Open;Hard;Masters 1000;Gael Monfils;Jaume Munar;46.0;56.0;3rd Round;3;7-5 5-7 7-6;2025-03-23
20250324;Miami Open;Hard;Masters 1000;Matteo Berrettini;Zizou Bergs;30.0;51.0;3rd Round;3;4-6 4-6;2025-03-24
20250324;Miami Open;Hard;Masters 1000;Francisco Cerundolo;Tommy Paul;24.0;13.0;3rd Round;3;6-2 7-6;2025-03-24
20250324;Miami Open;Hard;Masters 1000;Alex de Minaur;Joao Fonseca;11.0;60.0;3rd Round;3;5-7 7-5 6-3;2025-03-24
20250324;Miami Open;Hard;Masters 1000;Arthur Fils;Frances Tiafoe;18.0;17.0;3rd Round;3;7-6 5-7 6-2;2025-03-24
20250324;Miami Open;Hard;Masters 1000;Taylor Fritz;Denis Shapovalov;4.0;28.0;3rd Round;3;7-5 6-3;2025-03-24
20250324;Miami Open;Hard;Masters 1000;Tomas Machac;Reilly Opelka;21.0;114.0;3rd Round;3;6-7 3-6;2025-03-24
20250324;Miami Open;Hard;Masters 1000;Jakub Mensik;Roman Safiullin;54.0;71.0;3rd Round;3;4-6 4-6;2025-03-24
20250324;Miami Open;Hard;Masters 1000;Casper Ruud;Alejandro Tabilo;6.0;31.0;3rd Round;3;4-6 6-7;2025-03-24
20250324;Miami Open;Hard;Masters 1000;Alexander Zverev;Jordan Thompson;2.0;37.0;3rd Round;3;5-7 4-6;2025-03-24
20250324;Miami Open;Hard;Masters 1000;Adam Walton;Coleman Wong;89.0;182.0;3rd Round;3;7-6 4-6 6-4;2025-03-24
20250325;Miami Open;Hard;Masters 1000;Francisco Cerundolo;Casper Ruud;24.0;6.0;4th Round;3;4-6 2-6;2025-03-25
20250325;Miami Open;Hard;Masters 1000;Sebastian Korda;Gael Monfils;25.0;46.0;4th Round;3;6-4 2-6 6-4;2025-03-25
20250325;Miami Open;Hard;Masters 1000;Grigor Dimitrov;Brandon Nakashima;15.0;32.0;4th Round;3;4-6 5-7;2025-03-25
20250325;Miami Open;Hard;Masters 1000;Novak Djokovic;Lorenzo Musetti;5.0;16.0;4th Round;3;6-2 6-2;2025-03-25
20250325;Miami Open;Hard;Masters 1000;Matteo Berrettini;Alex de Minaur;30.0;11.0;4th Round;3;3-6 6-7;2025-03-25
20250325;Miami Open;Hard;Masters 1000;Taylor Fritz;Adam Walton;4.0;89.0;4th Round;3;6-3 7-5;2025-03-25
20250326;Miami Open;Hard;Masters 1000;Arthur Fils;Alexander Zverev;18.0;2.0;4th Round;3;6-3 3-6 4-6;2025-03-26
20250326;Miami Open;Hard;Masters 1000;Grigor Dimitrov;Francisco Cerundolo;15.0;24.0;Quarterfinals;3;6-7 6-4 7-6;2025-03-26
20250327;Miami Open;Hard;Masters 1000;Taylor Fritz;Matteo Berrettini;4.0;30.0;Quarterfinals;3;5-7 7-6 5-7;2025-03-27
20250327;Miami Open;Hard;Masters 1000;Novak Djokovic;Sebastian Korda;5.0;25.0;Quarterfinals;3;6-3 7-6;2025-03-27
20250327;Miami Open;Hard;Masters 1000;Jakub Mensik;Arthur Fils;54.0;18.0;Quarterfinals;3;6-7 1-6;2025-03-27
20250328;Miami Open;Hard;Masters 1000;Jakub Mensik;Taylor Fritz;54.0;4.0;Semifinals;3;6-7 6-4 6-7;2025-03-28
20250328;Miami Open;Hard;Masters 1000;Novak Djokovic;Grigor Dimitrov;5.0;15.0;Semifinals;3;6-2 6-3;2025-03-28
20250331;Miami Open;Hard;Masters 1000;Jakub Mensik;Novak Djokovic;54.0;5.0;The Final;3;7-6 7-6;2025-03-31
20250715;Los Cabos Open;Hard;ATP250;Aleksandar Kovacevic;Hady Habib;76.0;172.0;1st Round;3;6-1 3-6 6-3;2025-07-15
20250715;Los Cabos Open;Hard;ATP250;Emilio Nava;Aleksandar Vukic;123.0;90.0;1st Round;3;6-7 3-6;2025-07-15
20250716;Los Cabos Open;Hard;ATP250;James Duckworth;Adrian Mannarino;113.0;93.0;1st Round;3;3-6 4-6;2025-07-16
20250716;Los Cabos Open;Hard;ATP250;Tristan Schoolkate;Yibing Wu;110.0;259.0;1st Round;3;6-4 4-6 1-6;2025-07-16
20250717;Los Cabos Open;Hard;ATP250;Tristan Schoolkate;Daniel Altmaier;110.0;61.0;2nd Round;3;6-3 6-4;2025-07-17
20250717;Los Cabos Open;Hard;ATP250;Adam Walton;Nishesh Basavareddy;97.0;111.0;2nd Round;3;1-6 0-6;2025-07-17
20250717;Los Cabos Open;Hard;ATP250;James Duckworth;Alejandro Davidovich Fokina;113.0;26.0;2nd Round;3;3-6 4-6;2025-07-17
20250717;Los Cabos Open;Hard;ATP250;Emilio Nava;Yunchaokete Bu;123.0;73.0;2nd Round;3;3-6 7-5 7-6;2025-07-17
20250718;Los Cabos Open;Hard;ATP250;Andrey Rublev;Emilio Nava;10.0;123.0;Quarterfinals;3;5-7 6-4 6-3;2025-07-18
20250718;Los Cabos Open;Hard;ATP250;Denis Shapovalov;Tristan Schoolkate;33.0;110.0;Quarterfinals;3;6-3 6-2;2025-07-18
20250718;Los Cabos Open;Hard;ATP250;Adam Walton;James Duckworth;97.0;113.0;Quarterfinals;3;6-3 3-6 4-6;2025-07-18
20250719;Los Cabos Open;Hard;ATP250;Aleksandar Kovacevic;Andrey Rublev;76.0;10.0;Semifinals;3;6-3 4-6 4-6;2025-07-19
20250719;Los Cabos Open;Hard;ATP250;Denis Shapovalov;Adam Walton;33.0;97.0;Semifinals;3;6-2 6-2;2025-07-19
20250720;Los Cabos Open;Hard;ATP250;Denis Shapovalov;Aleksandar Kovacevic;33.0;76.0;The Final;3;6-4 6-2;2025-07-20
20250721;Citi Open;Hard;ATP500;Matteo Arnaldi;Daniel Altmaier;44.0;56.0;1st Round;3;4-6 6-2 7-6;2025-07-21
20250721;Citi Open;Hard;ATP500;Fabian Marozsan;Benjamin Bonzi;54.0;69.0;1st Round;3;5-7 1-6;2025-07-21
20250721;Citi Open;Hard;ATP500;Yoshihito Nishioka;Jenson Brooksby;89.0;102.0;1st Round;3;4-6 7-5 1-6;2025-07-21
20250721;Citi Open;Hard;ATP500;Cameron Norrie;Billy Harris;41.0;148.0;1st Round;3;6-3 7-6;2025-07-21
20250721;Citi Open;Hard;ATP500;Learner Tien;Emilio Nava;67.0;116.0;1st Round;3;6-1 6-4;2025-07-21
20250722;Citi Open;Hard;ATP500;Yunchaokete Bu;David Goffin;75.0;60.0;1st Round;3;4-6 5-7;2025-07-22
20250722;Citi Open;Hard;ATP500;Cameron Norrie;Lorenzo Musetti;41.0;7.0;2nd Round;3;6-3 2-6 3-6;2025-07-22
20250722;Citi Open;Hard;ATP500;Ben Shelton;Mackenzie McDonald;8.0;95.0;2nd Round;3;3-6 4-6;2025-07-22
20250722;Citi Open;Hard;ATP500;Gabriel Diallo;Fabian Marozsan;35.0;54.0;2nd Round;3;6-3 6-4;2025-07-22
20250722;Citi Open;Hard;ATP500;Jaume Munar;Marcos Giron;50.0;57.0;1st Round;3;5-7 3-6;2025-07-22
20250722;Citi Open;Hard;ATP500;Yibing Wu;Gael Monfils;243.0;48.0;1st Round;3;3-6 1-6;2025-07-22
20250722;Citi Open;Hard;ATP500;Aleksandar Kovacevic;Quentin Halys;66.0;71.0;1st Round;3;6-2 3-6 6-3;2025-07-22
20250722;Citi Open;Hard;ATP500;Brandon Nakashima;Ethan Quinn;32.0;86.0;2nd Round;3;6-3 6-4;2025-07-22
20250722;Citi Open;Hard;ATP500;Zachary Svajda;Miomir Kecmanovic;153.0;49.0;1st Round;3;1-6 6-2 6-2;2025-07-22
20250723;Citi Open;Hard;ATP500;Learner Tien;Andrey Rublev;67.0;10.0;2nd Round;3;7-5 6-2;2025-07-23
20250723;Citi Open;Hard;ATP500;Matteo Arnaldi;Lorenzo Sonego;44.0;37.0;2nd Round;3;5-7 5-7;2025-07-23
20250723;Citi Open;Hard;ATP500;Taylor Fritz;Aleksandar Vukic;4.0;105.0;2nd Round;3;3-6 2-6;2025-07-23
20250723;Citi Open;Hard;ATP500;Yibing Wu;Alexei Popyrin;243.0;24.0;2nd Round;3;5-7 7-5 3-6;2025-07-23
20250723;Citi Open;Hard;ATP500;Alex de Minaur;Yunchaokete Bu;13.0;75.0;2nd Round;3;7-6 6-2;2025-07-23
20250723;Citi Open;Hard;ATP500;Daniil Medvedev;Reilly Opelka;14.0;74.0;2nd Round;3;3-6 7-5 6-1;2025-07-23
20250723;Citi Open;Hard;ATP500;Jiri Lehecka;Zachary Svajda;25.0;153.0;2nd Round;3;6-4 6-7 6-3;2025-07-23
20250723;Citi Open;Hard;ATP500;Corentin Moutet;Alexandre Muller;59.0;39.0;2nd Round;3;0-6 1-6;2025-07-23
20250724;Citi Open;Hard;ATP500;Frances Tiafoe;Flavio Cobolli;11.0;18.0;3rd Round;3;6-1 6-4;2025-07-24
20250724;Citi Open;Hard;ATP500;Daniil Medvedev;Yibing Wu;14.0;243.0;3rd Round;3;6-3 6-2;2025-07-24
20250724;Citi Open;Hard;ATP500;Alex de Minaur;Jiri Lehecka;13.0;25.0;3rd Round;3;6-7 7-6 4-6;2025-07-24
20250724;Citi Open;Hard;ATP500;Ben Shelton;Gabriel Diallo;8.0;35.0;3rd Round;3;3-6 2-6;2025-07-24
20250724;Citi Open;Hard;ATP500;Brandon Nakashima;Cameron Norrie;32.0;41.0;3rd Round;3;6-7 3-6;2025-07-24
20250724;Citi Open;Hard;ATP500;Flavio Cobolli;Yoshihito Nishioka;18.0;89.0;2nd Round;3;2-6 6-7;2025-07-24
20250724;Citi Open;Hard;ATP500;Frances Tiafoe;Aleksandar Kovacevic;11.0;66.0;2nd Round;3;5-7 6-3 3-6;2025-07-24
20250724;Citi Open;Hard;ATP500;Alejandro Davidovich Fokina;Jaume Munar;26.0;50.0;2nd Round;3;6-4 6-2;2025-07-24
20250724;Citi Open;Hard;ATP500;Alejandro Davidovich Fokina;Learner Tien;26.0;67.0;3rd Round;3;6-2 6-2;2025-07-24
20250725;Citi Open;Hard;ATP500;Taylor Fritz;Matteo Arnaldi;4.0;44.0;3rd Round;3;3-6 4-6;2025-07-25
20250725;Citi Open;Hard;ATP500;Corentin Moutet;Daniil Medvedev;59.0;14.0;Quarterfinals;3;1-6 6-4 6-4;2025-07-25
20250725;Citi Open;Hard;ATP500;Alex de Minaur;Brandon Nakashima;13.0;32.0;Quarterfinals;3;4-6 4-6;2025-07-25
20250726;Citi Open;Hard;ATP500;Alejandro Davidovich Fokina;Taylor Fritz;26.0;4.0;Quarterfinals;3;6-7 6-3 5-7;2025-07-26
20250726;Citi Open;Hard;ATP500;Ben Shelton;Frances Tiafoe;8.0;11.0;Quarterfinals;3;7-6 6-4;2025-07-26
20250727;Citi Open;Hard;ATP500;Alex de Minaur;Corentin Moutet;13.0;59.0;Semifinals;3;6-4 6-3;2025-07-27
20250727;Citi Open;Hard;ATP500;Alex de Minaur;Alejandro Davidovich Fokina;13.0;26.0;The Final;3;5-7 6-1 7-6;2025-07-27
20250727;Citi Open;Hard;ATP500;Alejandro Davidovich Fokina;Ben Shelton;26.0;8.0;Semifinals;3;2-6 5-7;2025-07-27
20250727;Canadian Open;Hard;Masters 1000;Roman Safiullin;Ugo Blanchet;82.0;231.0;1st Round;3;4-6 6-2 7-6;2025-07-27
20250727;Canadian Open;Hard;Masters 1000;Reilly Opelka;Sebastian Ofner;74.0;141.0;1st Round;3;7-6 7-5;2025-07-27
20250727;Canadian Open;Hard;Masters 1000;Emilio Nava;Zizou Bergs;114.0;52.0;1st Round;3;6-1 7-6;2025-07-27
20250727;Canadian Open;Hard;Masters 1000;Tomas Martin Etcheverry;Pierre-Hugues Herbert;60.0;142.0;1st Round;3;6-4 4-6 7-5;2025-07-27
20250727;Canadian Open;Hard;Masters 1000;Adam Walton;Benjamin Bonzi;88.0;66.0;1st Round;3;6-4 0-6 3-6;2025-07-27
20250728;Canadian Open;Hard;Masters 1000;Aleksandar Vukic;Pedro Martinez;99.0;68.0;1st Round;3;7-5 6-3;2025-07-28
20250728;Canadian Open;Hard;Masters 1000;James Duckworth;Juncheng Shang;106.0;109.0;1st Round;3;3-6 6-7;2025-07-28
20250728;Canadian Open;Hard;Masters 1000;Tristan Schoolkate;Joao Fonseca;103.0;49.0;1st Round;3;7-6 6-4;2025-07-28
20250728;Canadian Open;Hard;Masters 1000;Ethan Quinn;Yoshihito Nishioka;86.0;131.0;1st Round;3;7-6 6-2;2025-07-28
20250728;Canadian Open;Hard;Masters 1000;Mackenzie McDonald;David Goffin;96.0;65.0;1st Round;3;4-6 4-6;2025-07-28
20250728;Canadian Open;Hard;Masters 1000;Miomir Kecmanovic;Quentin Halys;50.0;69.0;1st Round;3;4-6 6-4 7-5;2025-07-28
20250728;Canadian Open;Hard;Masters 1000;Francisco Comesana;Damir Dzumhur;71.0;54.0;1st Round;3;6-3 7-5;2025-07-28
20250728;Canadian Open;Hard;Masters 1000;Yunchaokete Bu;Vit Kopriva;76.0;80.0;1st Round;3;7-6 6-2;2025-07-28
20250728;Canadian Open;Hard;Masters 1000;Dalibor Svrcina;Alexander Blockx;120.0;121.0;1st Round;3;4-6 2-6;2025-07-28
20250728;Canadian Open;Hard;Masters 1000;Yosuke Watanuki;Daniel Altmaier;158.0;58.0;1st Round;3;6-3 1-6 4-6;2025-07-28
20250728;Canadian Open;Hard;Masters 1000;Adrian Mannarino;Marcos Giron;94.0;59.0;1st Round;3;4-6 4-6;2025-07-28
20250729;Canadian Open;Hard;Masters 1000;Alexandre Muller;Miomir Kecmanovic;40.0;50.0;2nd Round;3;2-6 6-3 7-5;2025-07-29
20250729;Canadian Open;Hard;Masters 1000;Casper Ruud;Roman Safiullin;13.0;82.0;2nd Round;3;6-3 6-3;2025-07-29
20250729;Canadian Open;Hard;Masters 1000;Lorenzo Musetti;James Duckworth;10.0;106.0;2nd Round;3;7-5 6-1;2025-07-29
20250729;Canadian Open;Hard;Masters 1000;Francisco Cerundolo;Jaume Munar;24.0;51.0;2nd Round;3;6-7 6-4 4-6;2025-07-29
20250729;Canadian Open;Hard;Masters 1000;Daniil Medvedev;Dalibor Svrcina;14.0;120.0;2nd Round;3;7-6 6-4;2025-07-29
20250729;Canadian Open;Hard;Masters 1000;Corentin Moutet;Jenson Brooksby;46.0;102.0;1st Round;3;6-2 6-1;2025-07-29
20250729;Canadian Open;Hard;Masters 1000;Emilio Nava;Terence Atmane;114.0;132.0;2nd Round;3;2-6 5-7;2025-07-29
20250729;Canadian Open;Hard;Masters 1000;Alexis Galarneau;Arthur Rinderknech;193.0;64.0;1st Round;3;6-7 3-6;2025-07-29
20250729;Canadian Open;Hard;Masters 1000;Tomas Martin Etcheverry;Tallon Griekspoor;60.0;31.0;2nd Round;3;6-4 7-6;2025-07-29
20250729;Canadian Open;Hard;Masters 1000;Pablo Carreno Busta;Liam Draxl;93.0;113.0;1st Round;3;6-2 4-6 4-6;2025-07-29
20250730;Canadian Open;Hard;Masters 1000;Frances Tiafoe;Yosuke Watanuki;12.0;158.0;2nd Round;3;6-1 5-7 6-7;2025-07-30
20250730;Canadian Open;Hard;Masters 1000;Lorenzo Sonego;Yunchaokete Bu;38.0;76.0;2nd Round;3;6-1 6-4;2025-07-30
20250730;Canadian Open;Hard;Masters 1000;Ben Shelton;Adrian Mannarino;7.0;94.0;2nd Round;3;6-2 6-3;2025-07-30
20250730;Canadian Open;Hard;Masters 1000;Learner Tien;Denis Shapovalov;61.0;29.0;2nd Round;3;6-7 5-7;2025-07-30
20250730;Canadian Open;Hard;Masters 1000;Matteo Arnaldi;Tristan Schoolkate;41.0;103.0;2nd Round;3;3-6 6-3 3-6;2025-07-30
20250730;Canadian Open;Hard;Masters 1000;Brandon Nakashima;Ethan Quinn;32.0;86.0;2nd Round;3;6-7 4-6;2025-07-30
20250730;Canadian Open;Hard;Masters 1000;Alexander Zverev;Adam Walton;3.0;88.0;2nd Round;3;7-6 6-4;2025-07-30
20250730;Canadian Open;Hard;Masters 1000;Aleksandar Vukic;Cameron Norrie;99.0;39.0;2nd Round;3;3-6 7-6 3-6;2025-07-30
20250730;Canadian Open;Hard;Masters 1000;Alejandro Davidovich Fokina;Corentin Moutet;19.0;46.0;2nd Round;3;4-6 3-6;2025-07-30
20250730;Canadian Open;Hard;Masters 1000;Jiri Lehecka;Mackenzie McDonald;27.0;96.0;2nd Round;3;7-6 6-4;2025-07-30
20250730;Canadian Open;Hard;Masters 1000;Andrey Rublev;Hugo Gaston;11.0;126.0;2nd Round;3;2-6 3-6;2025-07-30
20250730;Canadian Open;Hard;Masters 1000;Flavio Cobolli;Alexis Galarneau;17.0;193.0;2nd Round;3;4-6 7-5 4-6;2025-07-30
20250730;Canadian Open;Hard;Masters 1000;Reilly Opelka;Tomas Machac;74.0;22.0;2nd Round;3;7-6 6-7 6-3;2025-07-30
20250731;Canadian Open;Hard;Masters 1000;Casper Ruud;Nuno Borges;13.0;42.0;3rd Round;3;7-5 6-4;2025-07-31
20250731;Canadian Open;Hard;Masters 1000;Learner Tien;Reilly Opelka;61.0;74.0;3rd Round;3;6-7 3-6;2025-07-31
20250731;Canadian Open;Hard;Masters 1000;Alex Michelsen;Lorenzo Musetti;34.0;10.0;3rd Round;3;3-6 7-6 6-4;2025-07-31
20250731;Canadian Open;Hard;Masters 1000;Karen Khachanov;Emilio Nava;16.0;114.0;3rd Round;3;7-6 4-6 1-6;2025-07-31
20250731;Canadian Open;Hard;Masters 1000;Fabian Marozsan;Felix Auger-Aliassime;56.0;28.0;2nd Round;3;6-4 6-4;2025-07-31
20250731;Canadian Open;Hard;Masters 1000;Arthur Fils;Pablo Carreno Busta;21.0;93.0;2nd Round;3;6-3 6-4;2025-07-31
20250731;Canadian Open;Hard;Masters 1000;Alex de Minaur;Francisco Comesana;8.0;71.0;2nd Round;3;6-4 6-2;2025-07-31
20250731;Canadian Open;Hard;Masters 1000;Francisco Cerundolo;Tomas Martin Etcheverry;24.0;60.0;3rd Round;3;3-6 4-6;2025-07-31
20250801;Canadian Open;Hard;Masters 1000;Alexander Zverev;Matteo Arnaldi;3.0;41.0;3rd Round;3;6-7 6-3 6-2;2025-08-01
20250801;Canadian Open;Hard;Masters 1000;Jiri Lehecka;Arthur Fils;27.0;21.0;3rd Round;3;6-3 3-6 4-6;2025-08-01
20250801;Canadian Open;Hard;Masters 1000;Flavio Cobolli;Fabian Marozsan;17.0;56.0;3rd Round;3;2-6 6-4 3-6;2025-08-01
20250801;Canadian Open;Hard;Masters 1000;Alejandro Davidovich Fokina;Jakub Mensik;19.0;18.0;3rd Round;3;2-6 4-6;2025-08-01
20250801;Canadian Open;Hard;Masters 1000;Holger Rune;Alexandre Muller;9.0;40.0;3rd Round;3;2-6 4-6;2025-08-01
20250801;Canadian Open;Hard;Masters 1000;Alexei Popyrin;Daniil Medvedev;26.0;14.0;3rd Round;3;5-7 6-4 6-4;2025-08-01
20250801;Canadian Open;Hard;Masters 1000;Andrey Rublev;Lorenzo Sonego;11.0;38.0;3rd Round;3;5-7 6-4 6-3;2025-08-01
20250801;Canadian Open;Hard;Masters 1000;Frances Tiafoe;Aleksandar Vukic;12.0;99.0;3rd Round;3;6-3 4-6 6-3;2025-08-01
20250802;Canadian Open;Hard;Masters 1000;Alex Michelsen;Learner Tien;34.0;61.0;4th Round;3;6-3 6-3;2025-08-02
20250802;Canadian Open;Hard;Masters 1000;Karen Khachanov;Casper Ruud;16.0;13.0;4th Round;3;4-6 5-7;2025-08-02
20250802;Canadian Open;Hard;Masters 1000;Taylor Fritz;Gabriel Diallo;4.0;36.0;3rd Round;3;6-4 6-2;2025-08-02
20250802;Canadian Open;Hard;Masters 1000;Ben Shelton;Brandon Nakashima;7.0;32.0;3rd Round;3;7-6 2-6 6-7;2025-08-02
20250803;Canadian Open;Hard;Masters 1000;Alexei Popyrin;Holger Rune;26.0;9.0;4th Round;3;4-6 6-2 6-3;2025-08-03
20250803;Canadian Open;Hard;Masters 1000;Alex de Minaur;Frances Tiafoe;8.0;12.0;4th Round;3;2-6 6-4 4-6;2025-08-03
20250804;Canadian Open;Hard;Masters 1000;Taylor Fritz;Jiri Lehecka;4.0;27.0;4th Round;3;6-7 7-6 6-7;2025-08-04
20250804;Canadian Open;Hard;Masters 1000;Ben Shelton;Flavio Cobolli;7.0;17.0;4th Round;3;6-4 4-6 7-6;2025-08-04
20250805;Canadian Open;Hard;Masters 1000;Karen Khachanov;Alex Michelsen;16.0;34.0;Quarterfinals;3;4-6 6-7;2025-08-05
20250805;Canadian Open;Hard;Masters 1000;Alexander Zverev;Alexei Popyrin;3.0;26.0;Quarterfinals;3;6-7 6-4 6-3;2025-08-05
20250806;Canadian Open;Hard;Masters 1000;Ben Shelton;Alex de Minaur;7.0;8.0;Quarterfinals;3;3-6 4-6;2025-08-06
20250806;Canadian Open;Hard;Masters 1000;Taylor Fritz;Andrey Rublev;4.0;11.0;Quarterfinals;3;6-3 7-6;2025-08-06
20250807;Western & Southern Financial Group Masters;Hard;Masters 1000;Adrian Mannarino;Jordan Thompson;89.0;50.0;1st Round;3;6-2 6-2;2025-08-07
20250807;Western & Southern Financial Group Masters;Hard;Masters 1000;Pedro Martinez;Nicolas Jarry;66.0;100.0;1st Round;3;6-1 4-6 3-6;2025-08-07
20250807;Western & Southern Financial Group Masters;Hard;Masters 1000;Joao Fonseca;Yunchaokete Bu;52.0;75.0;1st Round;3;4-6 6-2 7-5;2025-08-07
20250807;Western & Southern Financial Group Masters;Hard;Masters 1000;Zizou Bergs;Jacob Fearnley;54.0;57.0;1st Round;3;1-6 4-6;2025-08-07
20250807;Western & Southern Financial Group Masters;Hard;Masters 1000;Roman Safiullin;Alejandro Tabilo;80.0;103.0;1st Round;3;3-6 3-6;2025-08-07
20250807;Western & Southern Financial Group Masters;Hard;Masters 1000;Benjamin Bonzi;Matteo Arnaldi;63.0;37.0;1st Round;3;6-7 6-3 6-4;2025-08-07
20250807;Western & Southern Financial Group Masters;Hard;Masters 1000;Arthur Rinderknech;Nuno Borges;70.0;38.0;1st Round;3;3-6 3-6;2025-08-07
20250807;Canadian Open;Hard;Masters 1000;Ben Shelton;Taylor Fritz;7.0;4.0;Semifinals;3;4-6 3-6;2025-08-07
20250807;Western & Southern Financial Group Masters;Hard;Masters 1000;Tomas Martin Etcheverry;Juncheng Shang;58.0;110.0;1st Round;3;7-6 6-7 4-6;2025-08-07
20250807;Canadian Open;Hard;Masters 1000;Karen Khachanov;Alexander Zverev;16.0;3.0;Semifinals;3;6-3 4-6 7-6;2025-08-07
20250807;Western & Southern Financial Group Masters;Hard;Masters 1000;Terence Atmane;Yoshihito Nishioka;136.0;130.0;1st Round;3;6-2 6-2;2025-08-07
20250808;Western & Southern Financial Group Masters;Hard;Masters 1000;Hamad Medjedovic;Aleksandar Kovacevic;72.0;67.0;1st Round;3;6-2 6-3;2025-08-08
20250808;Western & Southern Financial Group Masters;Hard;Masters 1000;Adam Walton;Mariano Navone;85.0;78.0;1st Round;3;6-4 6-7 1-6;2025-08-08
20250808;Western & Southern Financial Group Masters;Hard;Masters 1000;Jenson Brooksby;Alexandre Muller;101.0;41.0;1st Round;3;6-7 7-5 1-6;2025-08-08
20250808;Western & Southern Financial Group Masters;Hard;Masters 1000;Corentin Moutet;Mackenzie McDonald;44.0;95.0;1st Round;3;5-7 3-6;2025-08-08
20250808;Western & Southern Financial Group Masters;Hard;Masters 1000;Ethan Quinn;Miomir Kecmanovic;82.0;49.0;1st Round;3;6-7 4-6;2025-08-08
20250808;Western & Southern Financial Group Masters;Hard;Masters 1000;Martin Landaluce;Patrick Kypson;142.0;212.0;1st Round;3;3-6 6-3 6-2;2025-08-08
20250808;Western & Southern Financial Group Masters;Hard;Masters 1000;Alexander Blockx;Marcos Giron;119.0;61.0;1st Round;3;2-6 6-3 3-6;2025-08-08
20250808;Western & Southern Financial Group Masters;Hard;Masters 1000;Francisco Comesana;Jaume Munar;71.0;48.0;1st Round;3;6-4 6-4;2025-08-08
20250808;Western & Southern Financial Group Masters;Hard;Masters 1000;Roberto Bautista Agut;Daniel Altmaier;53.0;60.0;1st Round;3;6-7 6-7;2025-08-08
20250808;Canadian Open;Hard;Masters 1000;Ben Shelton;Karen Khachanov;7.0;16.0;The Final;3;6-7 6-4 7-6;2025-08-08
20250808;Western & Southern Financial Group Masters;Hard;Masters 1000;Sebastian Baez;David Goffin;43.0;64.0;1st Round;3;1-6 3-6;2025-08-08
20250809;Western & Southern Financial Group Masters;Hard;Masters 1000;Ugo Humbert;Coleman Wong;25.0;177.0;2nd Round;3;3-6 4-6;2025-08-09
20250809;Western & Southern Financial Group Masters;Hard;Masters 1000;Lorenzo Sonego;Zizou Bergs;36.0;54.0;2nd Round;3;6-3 7-6;2025-08-09
20250809;Western & Southern Financial Group Masters;Hard;Masters 1000;Holger Rune;Roman Safiullin;9.0;80.0;2nd Round;3;5-7 6-7;2025-08-09
20250809;Western & Southern Financial Group Masters;Hard;Masters 1000;Arthur Rinderknech;Casper Ruud;70.0;13.0;2nd Round;3;6-7 6-4 6-2;2025-08-09
20250809;Western & Southern Financial Group Masters;Hard;Masters 1000;Tommy Paul;Pedro Martinez;16.0;66.0;2nd Round;3;6-2 6-2;2025-08-09
20250809;Western & Southern Financial Group Masters;Hard;Masters 1000;Benjamin Bonzi;Lorenzo Musetti;63.0;10.0;2nd Round;3;7-5 4-6 6-7;2025-08-09
20250809;Western & Southern Financial Group Masters;Hard;Masters 1000;Alex Michelsen;Corentin Moutet;33.0;44.0;2nd Round;3;3-6 6-3 6-4;2025-08-09
20250809;Western & Southern Financial Group Masters;Hard;Masters 1000;Stefanos Tsitsipas;Fabian Marozsan;29.0;51.0;2nd Round;3;6-7 2-6;2025-08-09
20250809;Western & Southern Financial Group Masters;Hard;Masters 1000;Adrian Mannarino;Tomas Machac;89.0;24.0;2nd Round;3;6-3 6-3;2025-08-09
20250809;Western & Southern Financial Group Masters;Hard;Masters 1000;Terence Atmane;Flavio Cobolli;136.0;22.0;2nd Round;3;4-6 6-3 6-7;2025-08-09
20250809;Western & Southern Financial Group Masters;Hard;Masters 1000;Gabriel Diallo;Sebastian Baez;35.0;43.0;2nd Round;3;5-7 4-6;2025-08-09
20250809;Western & Southern Financial Group Masters;Hard;Masters 1000;Learner Tien;Leandro Riedi;55.0;522.0;1st Round;3;3-6 4-6;2025-08-09
20250809;Western & Southern Financial Group Masters;Hard;Masters 1000;Valentin Royer;Sebastian Ofner;104.0;141.0;1st Round;3;7-5 3-6 3-6;2025-08-09
20250809;Western & Southern Financial Group Masters;Hard;Masters 1000;Damir Dzumhur;Mattia Bellucci;56.0;74.0;1st Round;3;7-6 7-6;2025-08-09
20250809;Western & Southern Financial Group Masters;Hard;Masters 1000;Nishesh Basavareddy;Aleksandar Vukic;109.0;94.0;1st Round;3;7-6 7-5;2025-08-09
20250809;Western & Southern Financial Group Masters;Hard;Masters 1000;Felix Auger-Aliassime;Tomas Martin Etcheverry;28.0;58.0;2nd Round;3;2-6 6-7;2025-08-09
20250810;Western & Southern Financial Group Masters;Hard;Masters 1000;Adam Walton;Daniil Medvedev;85.0;15.0;2nd Round;3;6-7 6-4 6-1;2025-08-10
20250810;Western & Southern Financial Group Masters;Hard;Masters 1000;Luca Nardi;Denis Shapovalov;98.0;30.0;2nd Round;3;7-6 3-6 4-6;2025-08-10
20250810;Western & Southern Financial Group Masters;Hard;Masters 1000;Andrey Rublev;Learner Tien;11.0;55.0;2nd Round;3;7-6 6-3;2025-08-10
20250810;Western & Southern Financial Group Masters;Hard;Masters 1000;Karen Khachanov;Valentin Royer;12.0;104.0;2nd Round;3;4-6 6-7;2025-08-10
20250810;Western & Southern Financial Group Masters;Hard;Masters 1000;Reilly Opelka;Alex de Minaur;73.0;8.0;2nd Round;3;7-6 6-4;2025-08-10
20250810;Western & Southern Financial Group Masters;Hard;Masters 1000;Roberto Bautista Agut;Cameron Norrie;53.0;39.0;2nd Round;3;4-6 3-6;2025-08-10
20250810;Western & Southern Financial Group Masters;Hard;Masters 1000;Hamad Medjedovic;Tallon Griekspoor;72.0;32.0;2nd Round;3;6-4 7-6;2025-08-10
20250810;Western & Southern Financial Group Masters;Hard;Masters 1000;Jakub Mensik;Ethan Quinn;17.0;82.0;2nd Round;3;6-4 6-2;2025-08-10
20250810;Western & Southern Financial Group Masters;Hard;Masters 1000;Alexei Popyrin;Martin Landaluce;19.0;142.0;2nd Round;3;6-7 3-6;2025-08-10
20250810;Western & Southern Financial Group Masters;Hard;Masters 1000;Jenson Brooksby;Arthur Cazaux;101.0;76.0;2nd Round;3;5-7 1-6;2025-08-10
20250810;Western & Southern Financial Group Masters;Hard;Masters 1000;Carlos Alcaraz;Damir Dzumhur;2.0;56.0;2nd Round;3;6-1 2-6 6-3;2025-08-10
20250810;Western & Southern Financial Group Masters;Hard;Masters 1000;Taylor Fritz;Emilio Nava;4.0;105.0;2nd Round;3;4-6 4-6;2025-08-10
20250811;Western & Southern Financial Group Masters;Hard;Masters 1000;Holger Rune;Alex Michelsen;9.0;33.0;3rd Round;3;7-6 6-3;2025-08-11
20250811;Western & Southern Financial Group Masters;Hard;Masters 1000;Taylor Fritz;Lorenzo Sonego;4.0;36.0;3rd Round;3;6-7 5-7;2025-08-11
20250811;Western & Southern Financial Group Masters;Hard;Masters 1000;Frances Tiafoe;Ugo Humbert;14.0;25.0;3rd Round;3;4-6 4-6;2025-08-11
20250811;Western & Southern Financial Group Masters;Hard;Masters 1000;Alexander Zverev;Nishesh Basavareddy;3.0;109.0;2nd Round;3;3-6 3-6;2025-08-11
20250811;Western & Southern Financial Group Masters;Hard;Masters 1000;Brandon Nakashima;Alexander Blockx;31.0;119.0;2nd Round;3;4-6 6-3 7-6;2025-08-11
20250811;Western & Southern Financial Group Masters;Hard;Masters 1000;Benjamin Bonzi;Stefanos Tsitsipas;63.0;29.0;3rd Round;3;6-7 6-3 6-4;2025-08-11
20250812;Western & Southern Financial Group Masters;Hard;Masters 1000;Terence Atmane;Joao Fonseca;136.0;52.0;3rd Round;3;6-3 6-4;2025-08-12
20250812;Western & Southern Financial Group Masters;Hard;Masters 1000;Jannik Sinner;Gabriel Diallo;1.0;35.0;3rd Round;3;2-6 6-7;2025-08-12
20250812;Western & Southern Financial Group Masters;Hard;Masters 1000;Karen Khachanov;Jenson Brooksby;12.0;101.0;3rd Round;3;6-3 6-3;2025-08-12
20250812;Western & Southern Financial Group Masters;Hard;Masters 1000;Adrian Mannarino;Tommy Paul;89.0;16.0;3rd Round;3;5-7 6-3 6-4;2025-08-12
20250812;Western & Southern Financial Group Masters;Hard;Masters 1000;Carlos Alcaraz;Hamad Medjedovic;2.0;72.0;3rd Round;3;4-6 4-6;2025-08-12
20250812;Western & Southern Financial Group Masters;Hard;Masters 1000;Francisco Comesana;Reilly Opelka;71.0;73.0;3rd Round;3;7-6 4-6 5-7;2025-08-12
20250812;Western & Southern Financial Group Masters;Hard;Masters 1000;Andrey Rublev;Alexei Popyrin;11.0;19.0;3rd Round;3;6-7 7-6 7-5;2025-08-12
20250812;Western & Southern Financial Group Masters;Hard;Masters 1000;Jiri Lehecka;Adam Walton;26.0;85.0;3rd Round;3;6-7 6-7;2025-08-12
20250813;Western & Southern Financial Group Masters;Hard;Masters 1000;Jannik Sinner;Adrian Mannarino;1.0;89.0;4th Round;3;6-4 7-6;2025-08-13
20250813;Western & Southern Financial Group Masters;Hard;Masters 1000;Ben Shelton;Roberto Bautista Agut;6.0;53.0;3rd Round;3;6-7 3-6;2025-08-13
20250813;Western & Southern Financial Group Masters;Hard;Masters 1000;Alexander Zverev;Brandon Nakashima;3.0;31.0;3rd Round;3;6-4 6-4;2025-08-13
20250813;Western & Southern Financial Group Masters;Hard;Masters 1000;Terence Atmane;Taylor Fritz;136.0;4.0;4th Round;3;3-6 7-5 6-3;2025-08-13
20250813;Western & Southern Financial Group Masters;Hard;Masters 1000;Felix Auger-Aliassime;Benjamin Bonzi;28.0;63.0;4th Round;3;4-6 3-6;2025-08-13
20250814;Western & Southern Financial Group Masters;Hard;Masters 1000;Jannik Sinner;Felix Auger-Aliassime;1.0;28.0;Quarterfinals;3;6-0 6-2;2025-08-14
20250814;Western & Southern Financial Group Masters;Hard;Masters 1000;Andrey Rublev;Francisco Comesana;11.0;71.0;4th Round;3;6-2 6-3;2025-08-14
20250814;Western & Southern Financial Group Masters;Hard;Masters 1000;Carlos Alcaraz;Luca Nardi;2.0;98.0;4th Round;3;1-6 4-6;2025-08-14
20250814;Western & Southern Financial Group Masters;Hard;Masters 1000;Ben Shelton;Jiri Lehecka;6.0;26.0;4th Round;3;4-6 4-6;2025-08-14
20250815;Western & Southern Financial Group Masters;Hard;Masters 1000;Carlos Alcaraz;Andrey Rublev;2.0;11.0;Quarterfinals;3;6-3 4-6 7-5;2025-08-15
20250815;Western & Southern Financial Group Masters;Hard;Masters 1000;Terence Atmane;Holger Rune;136.0;9.0;Quarterfinals;3;2-6 3-6;2025-08-15
20250816;Western & Southern Financial Group Masters;Hard;Masters 1000;Alexander Zverev;Ben Shelton;3.0;6.0;Quarterfinals;3;2-6 2-6;2025-08-16
20250816;Western & Southern Financial Group Masters;Hard;Masters 1000;Jannik Sinner;Terence Atmane;1.0;136.0;Semifinals;3;7-6 6-2;2025-08-16
20250816;Western & Southern Financial Group Masters;Hard;Masters 1000;Carlos Alcaraz;Alexander Zverev;2.0;3.0;Semifinals;3;4-6 3-6;2025-08-16
20250817;Winston-Salem Open at Wake Forest University;Hard;ATP250;Pablo Carreno Busta;Yoshihito Nishioka;113.0;149.0;1st Round;3;6-0 6-3;2025-08-17
20250817;Winston-Salem Open at Wake Forest University;Hard;ATP250;Kamil Majchrzak;Nicolas Jarry;78.0;103.0;1st Round;3;6-7 4-6;2025-08-17
20250817;Winston-Salem Open at Wake Forest University;Hard;ATP250;Vit Kopriva;Sebastian Ofner;87.0;141.0;1st Round;3;3-6 6-4 6-3;2025-08-17
20250817;Winston-Salem Open at Wake Forest University;Hard;ATP250;Pedro Martinez;David Goffin;64.0;68.0;1st Round;3;6-3 6-3;2025-08-17
20250817;Winston-Salem Open at Wake Forest University;Hard;ATP250;Hamad Medjedovic;Arthur Rinderknech;65.0;77.0;1st Round;3;6-3 7-6;2025-08-17
20250817;Winston-Salem Open at Wake Forest University;Hard;ATP250;Yunchaokete Bu;Chun-Hsin Tseng;76.0;119.0;1st Round;3;7-6 3-6 6-7;2025-08-17
20250817;Winston-Salem Open at Wake Forest University;Hard;ATP250;Botic van de Zandschulp;Adam Walton;92.0;82.0;1st Round;3;6-2 5-7 3-6;2025-08-17
20250818;Winston-Salem Open at Wake Forest University;Hard;ATP250;Aleksandar Kovacevic;Filip Misolic;71.0;95.0;1st Round;3;7-6 7-6;2025-08-18
20250818;Winston-Salem Open at Wake Forest University;Hard;ATP250;Marton Fucsovics;Hugo Gaston;94.0;125.0;1st Round;3;3-6 3-6;2025-08-18
20250818;Winston-Salem Open at Wake Forest University;Hard;ATP250;Sebastian Korda;Vit Kopriva;86.0;87.0;2nd Round;3;6-3 6-4;2025-08-18
20250818;Winston-Salem Open at Wake Forest University;Hard;ATP250;Nishesh Basavareddy;Raphael Collignon;106.0;105.0;1st Round;3;6-2 7-6;2025-08-18
20250818;Winston-Salem Open at Wake Forest University;Hard;ATP250;Mattia Bellucci;Francisco Comesana;63.0;54.0;1st Round;3;6-4 6-3;2025-08-18
20250819;Winston-Salem Open at Wake Forest University;Hard;ATP250;Alexandre Muller;Darwin Blanch;38.0;409.0;2nd Round;3;6-7 6-3 7-5;2025-08-19
20250819;Winston-Salem Open at Wake Forest University;Hard;ATP250;Miomir Kecmanovic;Aleksandar Kovacevic;45.0;71.0;2nd Round;3;6-4 7-6;2025-08-19
20250819;Winston-Salem Open at Wake Forest University;Hard;ATP250;Mariano Navone;Marcos Giron;74.0;55.0;2nd Round;3;2-6 2-6;2025-08-19
20250819;Winston-Salem Open at Wake Forest University;Hard;ATP250;Hamad Medjedovic;Jacob Fearnley;65.0;59.0;2nd Round;3;4-6 6-7;2025-08-19
20250819;Winston-Salem Open at Wake Forest University;Hard;ATP250;Marton Fucsovics;Tallon Griekspoor;94.0;31.0;2nd Round;3;3-6 6-4 3-6;2025-08-19
20250819;Winston-Salem Open at Wake Forest University;Hard;ATP250;Kamil Majchrzak;Nuno Borges;78.0;42.0;2nd Round;3;1-6 3-6;2025-08-19
20250819;Winston-Salem Open at Wake Forest University;Hard;ATP250;Jaume Munar;Mattia Bellucci;46.0;63.0;2nd Round;3;3-6 1-6;2025-08-19
20250819;Winston-Salem Open at Wake Forest University;Hard;ATP250;Sebastian Baez;Pablo Carreno Busta;40.0;113.0;2nd Round;3;7-5 6-2;2025-08-19
20250819;Winston-Salem Open at Wake Forest University;Hard;ATP250;Botic van de Zandschulp;Matteo Arnaldi;92.0;62.0;2nd Round;3;3-6 3-6;2025-08-19
20250819;Winston-Salem Open at Wake Forest University;Hard;ATP250;Luciano Darderi;Mackenzie McDonald;34.0;102.0;2nd Round;3;7-6 6-7 6-4;2025-08-19
20250820;Winston-Salem Open at Wake Forest University;Hard;ATP250;Jaume Munar;Lorenzo Sonego;46.0;35.0;3rd Round;3;6-4 4-6 1-6;2025-08-20
20250820;Winston-Salem Open at Wake Forest University;Hard;ATP250;Yunchaokete Bu;Stefanos Tsitsipas;76.0;28.0;2nd Round;3;6-3 6-2;2025-08-20
20250820;Winston-Salem Open at Wake Forest University;Hard;ATP250;Yunchaokete Bu;Mariano Navone;76.0;74.0;3rd Round;3;6-4 6-4;2025-08-20
20250820;Winston-Salem Open at Wake Forest University;Hard;ATP250;Miomir Kecmanovic;Luciano Darderi;45.0;34.0;3rd Round;3;3-6 1-6;2025-08-20
20250820;Winston-Salem Open at Wake Forest University;Hard;ATP250;Marton Fucsovics;Roberto Bautista Agut;94.0;47.0;3rd Round;3;6-4 6-3;2025-08-20
20250820;Winston-Salem Open at Wake Forest University;Hard;ATP250;Sebastian Korda;Kamil Majchrzak;86.0;78.0;3rd Round;3;6-7 6-3 6-4;2025-08-20
20250820;Winston-Salem Open at Wake Forest University;Hard;ATP250;Hamad Medjedovic;Gabriel Diallo;65.0;33.0;3rd Round;3;6-4 6-2;2025-08-20
20250821;Winston-Salem Open at Wake Forest University;Hard;ATP250;Marton Fucsovics;Jaume Munar;94.0;46.0;Quarterfinals;3;5-7 3-6;2025-08-21
20250821;Winston-Salem Open at Wake Forest University;Hard;ATP250;Botic van de Zandschulp;Sebastian Baez;92.0;40.0;3rd Round;3;6-0 1-6 4-6;2025-08-21
20250821;Winston-Salem Open at Wake Forest University;Hard;ATP250;Sebastian Korda;Miomir Kecmanovic;86.0;45.0;Quarterfinals;3;6-1 6-4;2025-08-21
20250822;Winston-Salem Open at Wake Forest University;Hard;ATP250;Botic van de Zandschulp;Yunchaokete Bu;92.0;76.0;Quarterfinals;3;3-6 7-5 3-6;2025-08-22
20250823;Winston-Salem Open at Wake Forest University;Hard;ATP250;Marton Fucsovics;Botic van de Zandschulp;94.0;92.0;The Final;3;3-6 6-7;2025-08-23
20250824;US Open;Hard;Grand Slam;Tomas Machac;Luca Nardi;22.0;86.0;1st Round;5;6-3 6-1 6-1;2025-08-24
20250824;US Open;Hard;Grand Slam;Ben Shelton;Ignacio Buse;6.0;135.0;1st Round;5;3-6 2-6 4-6;2025-08-24
20250824;US Open;Hard;Grand Slam;Alejandro Davidovich Fokina;Aleksandr Shevchenko;18.0;91.0;1st Round;5;6-1 6-1 6-2;2025-08-24
20250824;US Open;Hard;Grand Slam;Tomas Martin Etcheverry;Camilo Ugo Carabelli;59.0;43.0;1st Round;5;6-3 6-2 6-0;2025-08-24
20250824;US Open;Hard;Grand Slam;Taylor Fritz;Emilio Nava;4.0;968.0;1st Round;5;7-5 6-2 6-3;2025-08-24
20250824;US Open;Hard;Grand Slam;Marcos Giron;Mariano Navone;55.0;78.0;1st Round;5;6-0 7-5 4-6 5-7 6-4;2025-08-24
20250824;US Open;Hard;Grand Slam;Adrian Mannarino;Tallon Griekspoor;77.0;30.0;1st Round;5;5-7 4-6 0-6;2025-08-24
20250824;US Open;Hard;Grand Slam;Luciano Darderi;Rinky Hijikata;34.0;103.0;1st Round;5;2-6 1-6 2-6;2025-08-24
20250824;US Open;Hard;Grand Slam;Ugo Blanchet;Fabian Marozsan;184.0;53.0;1st Round;5;4-6 6-3 6-7 2-6;2025-08-24
20250824;US Open;Hard;Grand Slam;Jakub Mensik;Nicolas Jarry;16.0;102.0;1st Round;5;7-6 6-3 6-4;2025-08-24
20250824;US Open;Hard;Grand Slam;Jordan Thompson;Corentin Moutet;58.0;40.0;1st Round;5;2-6 4-6 6-1 3-6;2025-08-24
20250825;US Open;Hard;Grand Slam;Benjamin Bonzi;Daniil Medvedev;51.0;13.0;1st Round;5;3-6 5-7 7-6 6-0 4-6;2025-08-25
20250825;US Open;Hard;Grand Slam;Francisco Comesana;Alex Michelsen;54.0;32.0;1st Round;5;6-1 3-6 4-6 4-6;2025-08-25
20250825;US Open;Hard;Grand Slam;Jenson Brooksby;Aleksandar Vukic;92.0;95.0;1st Round;5;6-3 6-7 6-4 3-6 6-4;2025-08-25
20250825;US Open;Hard;Grand Slam;Mattia Bellucci;Juncheng Shang;65.0;111.0;1st Round;5;6-7 6-1 3-6;2025-08-25
20250825;US Open;Hard;Grand Slam;Frances Tiafoe;Yoshihito Nishioka;17.0;149.0;1st Round;5;6-3 7-6 6-3;2025-08-25
20250825;US Open;Hard;Grand Slam;Jan-Lennard Struff;Mackenzie McDonald;144.0;100.0;1st Round;5;6-3 6-7 3-6 3-6;2025-08-25
20250825;US Open;Hard;Grand Slam;Andrey Rublev;Dino Prizmic;15.0;124.0;1st Round;5;6-4 6-4 6-4;2025-08-25
20250825;US Open;Hard;Grand Slam;Cameron Norrie;Sebastian Korda;35.0;75.0;1st Round;5;5-7 4-6;2025-08-25
20250825;US Open;Hard;Grand Slam;Zizou Bergs;Chun-Hsin Tseng;48.0;118.0;1st Round;5;6-3 6-4 6-3;2025-08-25
20250825;US Open;Hard;Grand Slam;Joao Fonseca;Miomir Kecmanovic;45.0;42.0;1st Round;5;7-6 7-6 6-3;2025-08-25
20250825;US Open;Hard;Grand Slam;Jaume Munar;Jaime Faria;44.0;117.0;1st Round;5;0-6 3-6 7-5 2-6;2025-08-25
20250825;US Open;Hard;Grand Slam;Novak Djokovic;Learner Tien;7.0;50.0;1st Round;5;6-1 7-6 6-2;2025-08-25
20250825;US Open;Hard;Grand Slam;Brandon Nakashima;Jesper de Jong;31.0;83.0;1st Round;5;2-6 7-6 6-2 2-6 6-7;2025-08-25
20250825;US Open;Hard;Grand Slam;Martin Damm;Darwin Blanch;431.0;364.0;1st Round;5;3-6 4-6 4-6;2025-08-25
20250825;US Open;Hard;Grand Slam;Holger Rune;Botic van de Zandschulp;11.0;73.0;1st Round;5;3-6 6-7 6-7;2025-08-25
20250825;US Open;Hard;Grand Slam;Karen Khachanov;Nishesh Basavareddy;9.0;104.0;1st Round;5;7-6 3-6 5-7 1-6;2025-08-25
20250825;US Open;Hard;Grand Slam;Adam Walton;Ugo Humbert;85.0;23.0;1st Round;5;4-6 6-7 7-5 1-6;2025-08-25
20250825;US Open;Hard;Grand Slam;Coleman Wong;Aleksandar Kovacevic;173.0;71.0;1st Round;5;6-4 7-5 7-6;2025-08-25
20250826;US Open;Hard;Grand Slam;Carlos Alcaraz;Reilly Opelka;2.0;67.0;1st Round;5;4-6 5-7 4-6;2025-08-26
20250826;US Open;Hard;Grand Slam;Casper Ruud;Sebastian Ofner;12.0;140.0;1st Round;5;1-6 2-6 6-7;2025-08-26
20250826;US Open;Hard;Grand Slam;Roman Safiullin;Gael Monfils;94.0;49.0;1st Round;5;6-4 2-6 6-1 3-6 6-4;2025-08-26
20250826;US Open;Hard;Grand Slam;Stefanos Tsitsipas;Alexandre Muller;28.0;38.0;1st Round;5;6-4 0-6 1-6 6-7;2025-08-26
20250826;US Open;Hard;Grand Slam;Denis Shapovalov;Marton Fucsovics;29.0;63.0;1st Round;5;6-4 6-4 6-0;2025-08-26
20250826;US Open;Hard;Grand Slam;Jannik Sinner;Vit Kopriva;1.0;89.0;1st Round;5;6-1 6-1 6-2;2025-08-26
20250826;US Open;Hard;Grand Slam;Tristan Schoolkate;Lorenzo Sonego;96.0;46.0;1st Round;5;6-3 7-6 1-6 1-6 7-6;2025-08-26
20250826;US Open;Hard;Grand Slam;Shintaro Mochizuki;Hugo Gaston;112.0;125.0;1st Round;5;6-4 6-3 6-4;2025-08-26
20250826;US Open;Hard;Grand Slam;Daniel Altmaier;Hamad Medjedovic;56.0;57.0;1st Round;5;5-7 7-6 6-7 7-6 4-6;2025-08-26
20250826;US Open;Hard;Grand Slam;Leandro Riedi;Pedro Martinez;435.0;66.0;1st Round;5;4-6 2-6 3-6;2025-08-26
20250826;US Open;Hard;Grand Slam;Felix Auger-Aliassime;Billy Harris;27.0;151.0;1st Round;5;4-6 6-7 4-6;2025-08-26
20250826;US Open;Hard;Grand Slam;David Goffin;Quentin Halys;80.0;70.0;1st Round;5;7-6 4-6 3-6 5-7;2025-08-26
20250826;US Open;Hard;Grand Slam;Gabriel Diallo;Damir Dzumhur;33.0;61.0;1st Round;5;7-6 4-6 7-5 7-5;2025-08-26
20250826;US Open;Hard;Grand Slam;Alexander Bublik;Marin Cilic;24.0;62.0;1st Round;5;6-4 6-1 6-4;2025-08-26
20250826;US Open;Hard;Grand Slam;Valentin Royer;Yunchaokete Bu;98.0;74.0;1st Round;5;1-6 4-6 6-7;2025-08-26
20250826;US Open;Hard;Grand Slam;Francisco Cerundolo;Matteo Arnaldi;19.0;64.0;1st Round;5;6-3 6-2 5-7 4-6 3-6;2025-08-26
20250827;US Open;Hard;Grand Slam;Frances Tiafoe;Martin Damm;17.0;431.0;2nd Round;5;6-4 7-5 6-7 7-5;2025-08-27
20250827;US Open;Hard;Grand Slam;Luciano Darderi;Eliot Spizzirri;34.0;127.0;2nd Round;5;0-6 6-7 6-2 4-6;2025-08-27
20250827;US Open;Hard;Grand Slam;Ugo Blanchet;Jakub Mensik;184.0;16.0;2nd Round;5;7-6 6-7 6-3 4-6 6-7;2025-08-27
20250827;US Open;Hard;Grand Slam;Adrian Mannarino;Jordan Thompson;77.0;58.0;2nd Round;5;6-4 6-7 6-3 6-3;2025-08-27
20250827;US Open;Hard;Grand Slam;Jiri Lehecka;Tomas Martin Etcheverry;21.0;59.0;2nd Round;5;3-6 6-0 6-2 6-4;2025-08-27
20250827;US Open;Hard;Grand Slam;Benjamin Bonzi;Marcos Giron;51.0;55.0;2nd Round;5;6-2 6-4 5-7 3-6 4-6;2025-08-27
20250827;US Open;Hard;Grand Slam;Arthur Rinderknech;Alejandro Davidovich Fokina;82.0;18.0;2nd Round;5;6-4 3-6 2-6 6-2 6-3;2025-08-27
20250827;US Open;Hard;Grand Slam;Novak Djokovic;Zachary Svajda;7.0;145.0;2nd Round;5;6-7 6-3 6-3 6-1;2025-08-27
20250827;US Open;Hard;Grand Slam;Cameron Norrie;Francisco Comesana;35.0;54.0;2nd Round;5;6-7 3-6 7-6 6-7;2025-08-27
20250827;US Open;Hard;Grand Slam;Raphael Collignon;Casper Ruud;107.0;12.0;2nd Round;5;6-4 3-6 3-6 6-4 7-5;2025-08-27
20250827;US Open;Hard;Grand Slam;Alexander Zverev;Alejandro Tabilo;3.0;122.0;1st Round;5;2-6 6-7 4-6;2025-08-27
20250827;US Open;Hard;Grand Slam;Tommy Paul;Elmer Moller;14.0;109.0;1st Round;5;6-3 6-3 6-1;2025-08-27
20250827;US Open;Hard;Grand Slam;Jacob Fearnley;Roberto Bautista Agut;60.0;47.0;1st Round;5;5-7 2-6 7-5 4-6;2025-08-27
20250827;US Open;Hard;Grand Slam;Tomas Machac;Joao Fonseca;22.0;45.0;2nd Round;5;6-7 2-6 3-6;2025-08-27
20250828;US Open;Hard;Grand Slam;Coleman Wong;Adam Walton;173.0;85.0;2nd Round;5;7-6 6-2 4-6 6-4;2025-08-28
20250828;US Open;Hard;Grand Slam;Denis Shapovalov;Valentin Royer;29.0;98.0;2nd Round;5;7-6 3-6 7-6 6-3;2025-08-28
20250828;US Open;Hard;Grand Slam;Alexander Bublik;Tristan Schoolkate;24.0;96.0;2nd Round;5;3-6 3-6 3-6;2025-08-28
20250828;US Open;Hard;Grand Slam;Jan-Lennard Struff;Holger Rune;144.0;11.0;2nd Round;5;6-7 6-2 3-6 6-4 5-7;2025-08-28
20250828;US Open;Hard;Grand Slam;Jannik Sinner;Alexei Popyrin;1.0;36.0;2nd Round;5;3-6 2-6 2-6;2025-08-28
20250828;US Open;Hard;Grand Slam;Jaume Munar;Gabriel Diallo;44.0;33.0;2nd Round;5;7-5 6-3 7-5;2025-08-28
20250828;US Open;Hard;Grand Slam;Lorenzo Musetti;David Goffin;10.0;80.0;2nd Round;5;4-6 0-6 2-6;2025-08-28
20250828;US Open;Hard;Grand Slam;Flavio Cobolli;Jenson Brooksby;26.0;92.0;2nd Round;5;5-7 6-3 6-4 2-6 7-6;2025-08-28
20250828;US Open;Hard;Grand Slam;Leandro Riedi;Francisco Cerundolo;435.0;19.0;2nd Round;5;6-3 6-4 4-6 4-6 2-6;2025-08-28
20250828;US Open;Hard;Grand Slam;Ben Shelton;Pablo Carreno Busta;6.0;137.0;2nd Round;5;4-6 2-6 4-6;2025-08-28
20250828;US Open;Hard;Grand Slam;Carlos Alcaraz;Mattia Bellucci;2.0;65.0;2nd Round;5;6-1 6-0 6-3;2025-08-28
20250828;US Open;Hard;Grand Slam;Kamil Majchrzak;Karen Khachanov;76.0;9.0;2nd Round;5;6-2 7-6 4-6 5-7 6-7;2025-08-28
20250829;US Open;Hard;Grand Slam;Carlos Alcaraz;Luciano Darderi;2.0;34.0;3rd Round;5;2-6 4-6 0-6;2025-08-29
20250829;US Open;Hard;Grand Slam;Jan-Lennard Struff;Frances Tiafoe;144.0;17.0;3rd Round;5;6-4 6-3 7-6;2025-08-29
20250829;US Open;Hard;Grand Slam;Arthur Rinderknech;Benjamin Bonzi;82.0;51.0;3rd Round;5;4-6 6-3 6-3 6-2;2025-08-29
20250829;US Open;Hard;Grand Slam;Alexander Zverev;Jacob Fearnley;3.0;60.0;2nd Round;5;6-4 6-4 6-4;2025-08-29
20250829;US Open;Hard;Grand Slam;Jiri Lehecka;Raphael Collignon;21.0;107.0;3rd Round;5;4-6 4-6 4-6;2025-08-29
20250829;US Open;Hard;Grand Slam;Tommy Paul;Nuno Borges;14.0;41.0;2nd Round;5;7-6 6-3 5-7 5-7 7-5;2025-08-29
20250829;US Open;Hard;Grand Slam;Alex de Minaur;Shintaro Mochizuki;8.0;112.0;2nd Round;5;2-6 4-6 2-6;2025-08-29
20250829;US Open;Hard;Grand Slam;Felix Auger-Aliassime;Roman Safiullin;27.0;94.0;2nd Round;5;6-1 7-6 7-6;2025-08-29
20250829;US Open;Hard;Grand Slam;Daniel Altmaier;Stefanos Tsitsipas;56.0;28.0;2nd Round;5;6-7 6-1 6-4 3-6 5-7;2025-08-29
20250830;US Open;Hard;Grand Slam;Jannik Sinner;Denis Shapovalov;1.0;29.0;3rd Round;5;7-5 4-6 3-6 3-6;2025-08-30
20250830;US Open;Hard;Grand Slam;Tomas Machac;Ugo Blanchet;22.0;184.0;3rd Round;5;7-5 6-3 6-1;2025-08-30
20250830;US Open;Hard;Grand Slam;Jaume Munar;Zizou Bergs;44.0;48.0;3rd Round;5;6-1 6-4 6-4;2025-08-30
20250830;US Open;Hard;Grand Slam;Novak Djokovic;Cameron Norrie;7.0;35.0;3rd Round;5;4-6 7-6 2-6 3-6;2025-08-30
20250830;US Open;Hard;Grand Slam;Andrey Rublev;Coleman Wong;15.0;173.0;3rd Round;5;2-6 6-4 6-3 4-6 6-3;2025-08-30
20250831;US Open;Hard;Grand Slam;Alexander Bublik;Tommy Paul;24.0;14.0;3rd Round;5;7-6 6-7 6-3 6-7 6-1;2025-08-31
20250831;US Open;Hard;Grand Slam;Felix Auger-Aliassime;Alexander Zverev;27.0;3.0;3rd Round;5;6-4 6-7 4-6 4-6;2025-08-31
20250831;US Open;Hard;Grand Slam;Carlos Alcaraz;Arthur Rinderknech;2.0;82.0;4th Round;5;7-6 6-3 6-4;2025-08-31
20250831;US Open;Hard;Grand Slam;Taylor Fritz;Tomas Machac;4.0;22.0;4th Round;5;4-6 3-6 3-6;2025-08-31
20250831;US Open;Hard;Grand Slam;Jiri Lehecka;Adrian Mannarino;21.0;77.0;4th Round;5;6-7 4-6 6-2 2-6;2025-08-31
20250901;US Open;Hard;Grand Slam;Novak Djokovic;Jan-Lennard Struff;7.0;144.0;4th Round;5;6-3 6-3 6-2;2025-09-01
20250901;US Open;Hard;Grand Slam;Lorenzo Musetti;Jaume Munar;10.0;44.0;4th Round;5;3-6 0-6 1-6;2025-09-01
20250901;US Open;Hard;Grand Slam;Felix Auger-Aliassime;Andrey Rublev;27.0;15.0;4th Round;5;7-5 6-3 6-4;2025-09-01
20250901;US Open;Hard;Grand Slam;Alex de Minaur;Leandro Riedi;8.0;435.0;4th Round;5;3-6 2-6 1-6;2025-09-01
20250902;US Open;Hard;Grand Slam;Carlos Alcaraz;Jiri Lehecka;2.0;21.0;Quarterfinals;5;4-6 2-6 4-6;2025-09-02
20250902;US Open;Hard;Grand Slam;Jannik Sinner;Alexander Bublik;1.0;24.0;4th Round;5;6-1 6-1 6-1;2025-09-02
20250903;US Open;Hard;Grand Slam;Felix Auger-Aliassime;Alex de Minaur;27.0;8.0;Quarterfinals;5;6-4 6-7 5-7 6-7;2025-09-03
20250903;US Open;Hard;Grand Slam;Novak Djokovic;Taylor Fritz;7.0;4.0;Quarterfinals;5;6-3 7-5 3-6 6-4;2025-09-03
20250904;US Open;Hard;Grand Slam;Jannik Sinner;Lorenzo Musetti;1.0;10.0;Quarterfinals;5;6-1 6-4 6-2;2025-09-04
20250905;US Open;Hard;Grand Slam;Carlos Alcaraz;Novak Djokovic;2.0;7.0;Semifinals;5;4-6 6-7 2-6;2025-09-05
20250906;US Open;Hard;Grand Slam;Jannik Sinner;Felix Auger-Aliassime;1.0;27.0;Semifinals;5;6-1 3-6 6-3 6-4;2025-09-06
20250907;US Open;Hard;Grand Slam;Carlos Alcaraz;Jannik Sinner;2.0;1.0;The Final;5;2-6 6-3 1-6 4-6;2025-09-07
20250917;Chengdu Open;Hard;ATP250;Juncheng Shang;Zizou Bergs;138.0;46.0;1st Round;3;1-6 7-5 4-6;2025-09-17
20250917;Chengdu Open;Hard;ATP250;Marcos Giron;Ethan Quinn;50.0;81.0;1st Round;3;7-5 6-4;2025-09-17
20250917;Hangzhou Open;Hard;ATP250;Yibing Wu;Adrian Mannarino;196.0;53.0;1st Round;3;6-4 6-7 5-7;2025-09-17
20250917;Hangzhou Open;Hard;ATP250;Learner Tien;Mariano Navone;54.0;82.0;1st Round;3;5-7 6-3 6-4;2025-09-17
20250918;Hangzhou Open;Hard;ATP250;Nishesh Basavareddy;Marin Cilic;109.0;59.0;1st Round;3;4-6 6-4 6-3;2025-09-18
20250918;Hangzhou Open;Hard;ATP250;Dalibor Svrcina;Matteo Berrettini;99.0;57.0;1st Round;3;3-6 3-6;2025-09-18
20250918;Chengdu Open;Hard;ATP250;Mackenzie McDonald;Botic van de Zandschulp;98.0;83.0;1st Round;3;4-6 6-3 3-6;2025-09-18
20250918;Hangzhou Open;Hard;ATP250;Tomas Martin Etcheverry;Damir Dzumhur;63.0;68.0;1st Round;3;6-2 6-4;2025-09-18
20250918;Chengdu Open;Hard;ATP250;Dino Prizmic;Terence Atmane;121.0;70.0;1st Round;3;6-4 6-3;2025-09-18
20250918;Chengdu Open;Hard;ATP250;Lorenzo Sonego;Juan Manuel Cerundolo;44.0;72.0;1st Round;3;6-4 3-6 1-6;2025-09-18
20250918;Chengdu Open;Hard;ATP250;Nikoloz Basilashvili;Billy Harris;114.0;131.0;1st Round;3;7-6 6-3;2025-09-18
20250918;Chengdu Open;Hard;ATP250;Alejandro Tabilo;Jordan Thompson;112.0;78.0;1st Round;3;6-4 6-3;2025-09-18
20250918;Hangzhou Open;Hard;ATP250;Zhizhen Zhang;Yunchaokete Bu;192.0;74.0;1st Round;3;6-7 6-4 7-6;2025-09-18
20250919;Hangzhou Open;Hard;ATP250;Sebastian Korda;Adam Walton;79.0;76.0;1st Round;3;7-5 6-3;2025-09-19
20250919;Hangzhou Open;Hard;ATP250;Rinky Hijikata;Camilo Ugo Carabelli;111.0;43.0;1st Round;3;6-7 4-6;2025-09-19
20250919;Hangzhou Open;Hard;ATP250;Aleksandar Vukic;David Goffin;93.0;87.0;1st Round;3;4-6 6-1 1-6;2025-09-19
20250919;Hangzhou Open;Hard;ATP250;Valentin Royer;Aleksandar Kovacevic;88.0;69.0;1st Round;3;4-6 7-6 6-3;2025-09-19
20250919;Chengdu Open;Hard;ATP250;Alejandro Tabilo;Luciano Darderi;112.0;30.0;2nd Round;3;6-4 6-3;2025-09-19
20250919;Chengdu Open;Hard;ATP250;Marcos Giron;Lorenzo Sonego;50.0;44.0;2nd Round;3;4-6 4-6;2025-09-19
20250919;Hangzhou Open;Hard;ATP250;Arthur Cazaux;Matteo Arnaldi;84.0;73.0;1st Round;3;4-6 6-3 5-7;2025-09-19
20250919;Chengdu Open;Hard;ATP250;Brandon Nakashima;Juncheng Shang;33.0;138.0;2nd Round;3;7-5 6-3;2025-09-19
20250920;Chengdu Open;Hard;ATP250;Nikoloz Basilashvili;Mackenzie McDonald;114.0;98.0;2nd Round;3;2-6 6-7;2025-09-20
20250920;Chengdu Open;Hard;ATP250;Lorenzo Musetti;Dino Prizmic;9.0;121.0;2nd Round;3;5-7 6-3 2-6;2025-09-20
20250920;Hangzhou Open;Hard;ATP250;Alexander Bublik;Aleksandar Vukic;19.0;93.0;2nd Round;3;6-7 6-4 6-4;2025-09-20
20250920;Hangzhou Open;Hard;ATP250;Tomas Martin Etcheverry;Rinky Hijikata;63.0;111.0;2nd Round;3;6-1 6-4;2025-09-20
20250920;Hangzhou Open;Hard;ATP250;Yibing Wu;Sebastian Korda;196.0;79.0;2nd Round;3;6-4 1-6 4-6;2025-09-20
20250920;Hangzhou Open;Hard;ATP250;Daniil Medvedev;Nishesh Basavareddy;18.0;109.0;2nd Round;3;6-2 6-3;2025-09-20
20250920;Hangzhou Open;Hard;ATP250;Corentin Moutet;Arthur Cazaux;39.0;84.0;2nd Round;3;6-7 6-3 7-6;2025-09-20
20250920;Hangzhou Open;Hard;ATP250;Valentin Royer;Andrey Rublev;88.0;14.0;2nd Round;3;4-6 6-7;2025-09-20
20250920;Hangzhou Open;Hard;ATP250;Dalibor Svrcina;Zhizhen Zhang;99.0;192.0;2nd Round;3;4-6 3-6;2025-09-20
20250921;Hangzhou Open;Hard;ATP250;Yibing Wu;Daniil Medvedev;196.0;18.0;Quarterfinals;3;7-5 6-7 4-6;2025-09-21
20250921;Hangzhou Open;Hard;ATP250;Alexander Bublik;Dalibor Svrcina;19.0;99.0;Quarterfinals;3;6-1 6-1;2025-09-21
20250921;Hangzhou Open;Hard;ATP250;Valentin Royer;Learner Tien;88.0;54.0;Quarterfinals;3;7-6 4-6 6-2;2025-09-21
20250921;Chengdu Open;Hard;ATP250;Lorenzo Musetti;Nikoloz Basilashvili;9.0;114.0;Quarterfinals;3;3-6 3-6;2025-09-21
20250921;Chengdu Open;Hard;ATP250;Brandon Nakashima;Marcos Giron;33.0;50.0;Quarterfinals;3;6-3 2-6 7-6;2025-09-21
20250922;Chengdu Open;Hard;ATP250;Lorenzo Musetti;Aleksandr Shevchenko;9.0;96.0;Semifinals;3;6-3 6-1;2025-09-22
20250922;Chengdu Open;Hard;ATP250;Alejandro Tabilo;Brandon Nakashima;112.0;33.0;Semifinals;3;4-6 6-7;2025-09-22
20250922;Hangzhou Open;Hard;ATP250;Alexander Bublik;Yibing Wu;19.0;196.0;Semifinals;3;6-3 6-3;2025-09-22
20250922;Hangzhou Open;Hard;ATP250;Valentin Royer;Corentin Moutet;88.0;39.0;Semifinals;3;3-6 2-6;2025-09-22
20250923;Chengdu Open;Hard;ATP250;Alejandro Tabilo;Lorenzo Musetti;112.0;9.0;The Final;3;3-6 6-2 6-7;2025-09-23
20250923;Hangzhou Open;Hard;ATP250;Alexander Bublik;Valentin Royer;19.0;88.0;The Final;3;6-7 6-7;2025-09-23
20250924;Japan Open Tennis Championships;Hard;ATP500;Nuno Borges;Yosuke Watanuki;51.0;147.0;1st Round;3;6-2 4-6 1-6;2025-09-24
20250924;Japan Open Tennis Championships;Hard;ATP500;Marton Fucsovics;Frances Tiafoe;58.0;29.0;1st Round;3;6-3 1-6 5-7;2025-09-24
20250924;Japan Open Tennis Championships;Hard;ATP500;Matteo Berrettini;Jaume Munar;56.0;40.0;1st Round;3;6-4 6-2;2025-09-24
20250924;Japan Open Tennis Championships;Hard;ATP500;Daniel Altmaier;Denis Shapovalov;50.0;26.0;1st Round;3;7-5 6-3;2025-09-24
20250925;Japan Open Tennis Championships;Hard;ATP500;Sebastian Korda;Marcos Giron;74.0;48.0;1st Round;3;4-6 6-3 7-6;2025-09-25
20250925;Japan Open Tennis Championships;Hard;ATP500;Zizou Bergs;Alejandro Tabilo;45.0;72.0;1st Round;3;6-1 6-7 6-7;2025-09-25
20250925;Japan Open Tennis Championships;Hard;ATP500;Casper Ruud;Shintaro Mochizuki;12.0;106.0;1st Round;3;4-6 6-1 6-1;2025-09-25
20250925;Japan Open Tennis Championships;Hard;ATP500;Holger Rune;Hamad Medjedovic;11.0;63.0;1st Round;3;7-6 6-1;2025-09-25
20250925;Japan Open Tennis Championships;Hard;ATP500;Luciano Darderi;Yoshihito Nishioka;30.0;157.0;1st Round;3;6-7 3-6;2025-09-25
20250925;Japan Open Tennis Championships;Hard;ATP500;Brandon Nakashima;Jordan Thompson;33.0;78.0;1st Round;3;6-7 7-6 6-2;2025-09-25
20250925;Japan Open Tennis Championships;Hard;ATP500;Sho Shimabukuro;Tomas Machac;273.0;22.0;1st Round;3;3-6 6-7;2025-09-25
20250925;Japan Open Tennis Championships;Hard;ATP500;Taylor Fritz;Gabriel Diallo;5.0;35.0;1st Round;3;4-6 6-3 7-6;2025-09-25
20250925;Japan Open Tennis Championships;Hard;ATP500;Ethan Quinn;Alex Michelsen;81.0;32.0;1st Round;3;5-7 2-6;2025-09-25
20250925;Japan Open Tennis Championships;Hard;ATP500;Jenson Brooksby;Ugo Humbert;86.0;24.0;1st Round;3;7-6 6-3;2025-09-25
20250925;Japan Open Tennis Championships;Hard;ATP500;Carlos Alcaraz;Sebastian Baez;1.0;41.0;1st Round;3;4-6 2-6;2025-09-25
20250925;China Open;Hard;ATP500;Alejandro Davidovich Fokina;Camilo Ugo Carabelli;20.0;43.0;1st Round;3;1-6 3-6;2025-09-25
20250925;China Open;Hard;ATP500;Jannik Sinner;Marin Cilic;2.0;97.0;1st Round;3;6-2 6-2;2025-09-25
20250925;China Open;Hard;ATP500;Alexandre Muller;Karen Khachanov;38.0;10.0;1st Round;3;4-6 7-6 6-4;2025-09-25
20250925;China Open;Hard;ATP500;Fabian Marozsan;Benjamin Bonzi;57.0;47.0;1st Round;3;6-7 3-6;2025-09-25
20250925;China Open;Hard;ATP500;Terence Atmane;Zhizhen Zhang;68.0;370.0;1st Round;3;6-4 6-2;2025-09-25
20250925;Japan Open Tennis Championships;Hard;ATP500;Aleksandar Vukic;Damir Dzumhur;95.0;66.0;1st Round;3;4-6 6-3 3-6;2025-09-25
20250926;Japan Open Tennis Championships;Hard;ATP500;Aleksandar Vukic;Daniel Altmaier;95.0;50.0;2nd Round;3;6-4 6-2;2025-09-26
20250926;Japan Open Tennis Championships;Hard;ATP500;Taylor Fritz;Nuno Borges;5.0;51.0;2nd Round;3;7-5 7-6;2025-09-26
20250926;Japan Open Tennis Championships;Hard;ATP500;Casper Ruud;Matteo Berrettini;12.0;56.0;2nd Round;3;6-7 2-6;2025-09-26
20250926;China Open;Hard;ATP500;Learner Tien;Francisco Cerundolo;52.0;21.0;1st Round;3;4-6 6-3 6-4;2025-09-26
20250926;China Open;Hard;ATP500;Alexander Zverev;Lorenzo Sonego;3.0;44.0;1st Round;3;4-6 3-6;2025-09-26
20250926;China Open;Hard;ATP500;Arthur Cazaux;Juncheng Shang;80.0;238.0;1st Round;3;6-0 6-7 5-7;2025-09-26
20250926;Japan Open Tennis Championships;Hard;ATP500;Sebastian Korda;Sho Shimabukuro;74.0;273.0;2nd Round;3;1-6 4-6;2025-09-26
20250926;China Open;Hard;ATP500;Adrian Mannarino;Alexander Bublik;60.0;16.0;1st Round;3;6-3 6-2;2025-09-26
20250926;China Open;Hard;ATP500;Jakub Mensik;Miomir Kecmanovic;19.0;46.0;1st Round;3;5-7 4-6;2025-09-26
20250926;China Open;Hard;ATP500;Corentin Moutet;Tallon Griekspoor;37.0;31.0;1st Round;3;4-6 5-7;2025-09-26
20250926;China Open;Hard;ATP500;Arthur Rinderknech;David Goffin;54.0;87.0;1st Round;3;4-6 6-3 4-6;2025-09-26
20250926;China Open;Hard;ATP500;Alex de Minaur;Yunchaokete Bu;8.0;89.0;1st Round;3;6-4 6-0;2025-09-26
20250926;China Open;Hard;ATP500;Flavio Cobolli;Andrey Rublev;25.0;14.0;1st Round;3;7-6 6-3;2025-09-26
20250926;China Open;Hard;ATP500;Daniil Medvedev;Cameron Norrie;18.0;34.0;1st Round;3;3-6 4-6;2025-09-26
20250927;Japan Open Tennis Championships;Hard;ATP500;Holger Rune;Ethan Quinn;11.0;81.0;2nd Round;3;6-4 6-2;2025-09-27
20250927;Japan Open Tennis Championships;Hard;ATP500;Jenson Brooksby;Luciano Darderi;86.0;30.0;2nd Round;3;7-6 6-1;2025-09-27
20250927;Japan Open Tennis Championships;Hard;ATP500;Carlos Alcaraz;Zizou Bergs;1.0;45.0;2nd Round;3;4-6 3-6;2025-09-27
20250927;Japan Open Tennis Championships;Hard;ATP500;Brandon Nakashima;Marton Fucsovics;33.0;58.0;2nd Round;3;5-7 3-6;2025-09-27
20250927;China Open;Hard;ATP500;Alex de Minaur;Arthur Rinderknech;8.0;54.0;2nd Round;3;3-6 6-3 6-7;2025-09-27
20250927;China Open;Hard;ATP500;Fabian Marozsan;Alexandre Muller;57.0;38.0;2nd Round;3;6-3 7-6;2025-09-27
20250927;China Open;Hard;ATP500;Jakub Mensik;Arthur Cazaux;19.0;80.0;2nd Round;3;3-6 6-2 4-6;2025-09-27
20250927;China Open;Hard;ATP500;Jannik Sinner;Terence Atmane;2.0;68.0;2nd Round;3;6-4 5-7 6-0;2025-09-27
20250928;China Open;Hard;ATP500;Lorenzo Musetti;Adrian Mannarino;9.0;60.0;2nd Round;3;3-6 3-6;2025-09-28
20250928;China Open;Hard;ATP500;Daniil Medvedev;Alejandro Davidovich Fokina;18.0;20.0;2nd Round;3;6-3 6-3;2025-09-28
20250928;China Open;Hard;ATP500;Alexander Zverev;Corentin Moutet;3.0;37.0;2nd Round;3;5-7 6-3 3-6;2025-09-28
20250928;China Open;Hard;ATP500;Learner Tien;Flavio Cobolli;52.0;25.0;2nd Round;3;6-3 6-2;2025-09-28
20250928;Japan Open Tennis Championships;Hard;ATP500;Taylor Fritz;Sebastian Korda;5.0;74.0;Quarterfinals;3;6-3 6-7 6-3;2025-09-28
20250928;Japan Open Tennis Championships;Hard;ATP500;Carlos Alcaraz;Brandon Nakashima;1.0;33.0;Quarterfinals;3;2-6 4-6;2025-09-28
20250928;Japan Open Tennis Championships;Hard;ATP500;Jenson Brooksby;Holger Rune;86.0;11.0;Quarterfinals;3;3-6 3-6;2025-09-28
20250928;Japan Open Tennis Championships;Hard;ATP500;Casper Ruud;Aleksandar Vukic;12.0;95.0;Quarterfinals;3;6-3 6-2;2025-09-28
20250929;Japan Open Tennis Championships;Hard;ATP500;Taylor Fritz;Jenson Brooksby;5.0;86.0;Semifinals;3;6-4 6-3;2025-09-29
20250929;China Open;Hard;ATP500;Jannik Sinner;Fabian Marozsan;2.0;57.0;Quarterfinals;3;6-1 7-5;2025-09-29
20250929;China Open;Hard;ATP500;Daniil Medvedev;Alexander Zverev;18.0;3.0;Quarterfinals;3;3-6 3-6;2025-09-29
20250929;Japan Open Tennis Championships;Hard;ATP500;Carlos Alcaraz;Casper Ruud;1.0;12.0;Semifinals;3;6-3 3-6 4-6;2025-09-29
20250930;Japan Open Tennis Championships;Hard;ATP500;Carlos Alcaraz;Taylor Fritz;1.0;5.0;The Final;3;6-4 6-4;2025-09-30
20250930;China Open;Hard;ATP500;Jannik Sinner;Alex de Minaur;2.0;8.0;Semifinals;3;6-3 4-6 6-2;2025-09-30
20251001;Shanghai Masters;Hard;Masters 1000;Mattia Bellucci;Adam Walton;69.0;77.0;1st Round;3;6-7 1-6;2025-10-01
20251001;Shanghai Masters;Hard;Masters 1000;Valentin Vacherot;Laslo Djere;204.0;82.0;1st Round;3;6-3 6-4;2025-10-01
20251001;Shanghai Masters;Hard;Masters 1000;Yannick Hanfmann;Lorenzo Sonego;150.0;46.0;1st Round;3;6-2 3-6 1-6;2025-10-01
20251001;Shanghai Masters;Hard;Masters 1000;Yoshihito Nishioka;Aleksandr Shevchenko;173.0;89.0;1st Round;3;1-6 2-6;2025-10-01
20251001;Shanghai Masters;Hard;Masters 1000;Luca Nardi;Sebastian Ofner;88.0;138.0;1st Round;3;3-6 6-3 6-2;2025-10-01
20251001;Shanghai Masters;Hard;Masters 1000;Zizou Bergs;Sebastian Korda;44.0;63.0;1st Round;3;4-6 5-7;2025-10-01
20251001;Shanghai Masters;Hard;Masters 1000;Fabian Marozsan;Stan Wawrinka;52.0;131.0;1st Round;3;6-1 4-6 6-4;2025-10-01
20251001;Shanghai Masters;Hard;Masters 1000;Jaume Munar;Marton Fucsovics;41.0;53.0;1st Round;3;6-4 5-7 1-6;2025-10-01
20251001;Shanghai Masters;Hard;Masters 1000;Marin Cilic;Nikoloz Basilashvili;94.0;100.0;1st Round;3;6-3 7-6;2025-10-01
20251001;Shanghai Masters;Hard;Masters 1000;Adrian Mannarino;Matteo Berrettini;60.0;59.0;1st Round;3;5-7 6-7;2025-10-01
20251001;Shanghai Masters;Hard;Masters 1000;Sebastian Baez;Zhizhen Zhang;42.0;368.0;1st Round;3;2-6 6-3 6-4;2025-10-01
20251001;Shanghai Masters;Hard;Masters 1000;Daniel Altmaier;Tristan Schoolkate;49.0;96.0;1st Round;3;6-3 6-4;2025-10-01
20251001;China Open;Hard;ATP500;Jannik Sinner;Learner Tien;2.0;52.0;The Final;3;2-6 2-6;2025-10-01
20251001;Shanghai Masters;Hard;Masters 1000;David Goffin;Alexandre Muller;83.0;39.0;1st Round;3;6-7 6-1 6-1;2025-10-01
20251002;Shanghai Masters;Hard;Masters 1000;Benjamin Bonzi;Reilly Opelka;48.0;64.0;1st Round;3;6-7 4-6;2025-10-02
20251002;Shanghai Masters;Hard;Masters 1000;Nuno Borges;Botic van de Zandschulp;51.0;84.0;1st Round;3;6-7 6-7;2025-10-02
20251002;Shanghai Masters;Hard;Masters 1000;Alejandro Tabilo;Marcos Giron;74.0;50.0;1st Round;3;6-4 6-3;2025-10-02
20251002;Shanghai Masters;Hard;Masters 1000;Matteo Arnaldi;Rei Sakamoto;71.0;188.0;1st Round;3;6-7 4-6;2025-10-02
20251002;Shanghai Masters;Hard;Masters 1000;Juncheng Shang;Aleksandar Kovacevic;237.0;68.0;1st Round;3;6-4 3-6 6-3;2025-10-02
20251002;Shanghai Masters;Hard;Masters 1000;Valentin Royer;Mariano Navone;76.0;86.0;1st Round;3;6-3 4-6 4-6;2025-10-02
20251002;Shanghai Masters;Hard;Masters 1000;Kamil Majchrzak;Ethan Quinn;66.0;72.0;1st Round;3;6-3 6-4;2025-10-02
20251002;Shanghai Masters;Hard;Masters 1000;Francisco Comesana;Ugo Blanchet;62.0;151.0;1st Round;3;6-4 6-2;2025-10-02
20251002;Shanghai Masters;Hard;Masters 1000;Arthur Cazaux;Pedro Martinez;70.0;73.0;1st Round;3;6-3 3-6 7-5;2025-10-02
20251002;Shanghai Masters;Hard;Masters 1000;Yunchaokete Bu;Juan Manuel Cerundolo;121.0;87.0;1st Round;3;6-3 6-7 6-3;2025-10-02
20251002;Shanghai Masters;Hard;Masters 1000;Quentin Halys;Mackenzie McDonald;75.0;99.0;1st Round;3;3-6 2-6;2025-10-02
20251003;Shanghai Masters;Hard;Masters 1000;Ugo Humbert;Jordan Thompson;26.0;85.0;2nd Round;3;3-6 6-7;2025-10-03
20251003;Shanghai Masters;Hard;Masters 1000;Holger Rune;Sebastian Baez;11.0;42.0;2nd Round;3;7-5 6-4;2025-10-03
20251003;Shanghai Masters;Hard;Masters 1000;Jaume Munar;Flavio Cobolli;41.0;22.0;2nd Round;3;7-5 6-1;2025-10-03
20251003;Shanghai Masters;Hard;Masters 1000;Francisco Cerundolo;Adrian Mannarino;21.0;60.0;2nd Round;3;6-7 6-7;2025-10-03
20251003;Shanghai Masters;Hard;Masters 1000;Tomas Machac;Mattia Bellucci;23.0;69.0;2nd Round;3;6-3 6-4;2025-10-03
20251003;Shanghai Masters;Hard;Masters 1000;Yannick Hanfmann;Frances Tiafoe;150.0;28.0;2nd Round;3;6-7 6-2 6-1;2025-10-03
20251003;Shanghai Masters;Hard;Masters 1000;Taylor Fritz;Fabian Marozsan;4.0;52.0;2nd Round;3;2-6 7-6 7-6;2025-10-03
20251003;Shanghai Masters;Hard;Masters 1000;Novak Djokovic;Marin Cilic;5.0;94.0;2nd Round;3;7-6 6-4;2025-10-03
20251003;Shanghai Masters;Hard;Masters 1000;Valentin Vacherot;Alexander Bublik;204.0;17.0;2nd Round;3;6-3 3-6 4-6;2025-10-03
20251003;Shanghai Masters;Hard;Masters 1000;Tallon Griekspoor;Jenson Brooksby;31.0;57.0;2nd Round;3;1-6 6-1 1-6;2025-10-03
20251003;Shanghai Masters;Hard;Masters 1000;Gabriel Diallo;Benjamin Bonzi;35.0;48.0;2nd Round;3;4-6 4-6;2025-10-03
20251003;Shanghai Masters;Hard;Masters 1000;Learner Tien;Miomir Kecmanovic;36.0;47.0;1st Round;3;6-4 3-6 4-6;2025-10-03
20251003;Shanghai Masters;Hard;Masters 1000;David Goffin;Ben Shelton;83.0;6.0;2nd Round;3;6-2 6-4;2025-10-03
20251004;Shanghai Masters;Hard;Masters 1000;Alexander Zverev;Valentin Royer;3.0;76.0;2nd Round;3;4-6 4-6;2025-10-04
20251004;Shanghai Masters;Hard;Masters 1000;Yoshihito Nishioka;Andrey Rublev;173.0;14.0;2nd Round;3;6-2 1-6 4-6;2025-10-04
20251004;Shanghai Masters;Hard;Masters 1000;Juncheng Shang;Karen Khachanov;237.0;10.0;2nd Round;3;7-6 6-3;2025-10-04
20251004;Shanghai Masters;Hard;Masters 1000;Luciano Darderi;Yunchaokete Bu;29.0;121.0;2nd Round;3;4-6 4-6;2025-10-04
20251004;Shanghai Masters;Hard;Masters 1000;Daniil Medvedev;Dalibor Svrcina;18.0;91.0;2nd Round;3;1-6 1-6;2025-10-04
20251004;Shanghai Masters;Hard;Masters 1000;Nuno Borges;Aleksandar Vukic;51.0;79.0;2nd Round;3;6-7 4-6;2025-10-04
20251004;Shanghai Masters;Hard;Masters 1000;Arthur Rinderknech;Alex Michelsen;54.0;34.0;2nd Round;3;6-3 6-4;2025-10-04
20251004;Shanghai Masters;Hard;Masters 1000;Jannik Sinner;Daniel Altmaier;2.0;49.0;2nd Round;3;6-3 6-3;2025-10-04
20251004;Shanghai Masters;Hard;Masters 1000;Cameron Norrie;Arthur Cazaux;33.0;70.0;2nd Round;3;6-3 0-6 7-6;2025-10-04
20251004;Shanghai Masters;Hard;Masters 1000;Felix Auger-Aliassime;Alejandro Tabilo;13.0;74.0;2nd Round;3;6-3 6-3;2025-10-04
20251004;Shanghai Masters;Hard;Masters 1000;Lorenzo Musetti;Francisco Comesana;9.0;62.0;2nd Round;3;6-4 6-0;2025-10-04
20251004;Shanghai Masters;Hard;Masters 1000;Learner Tien;Corentin Moutet;36.0;38.0;2nd Round;3;6-4 4-6 4-6;2025-10-04
20251004;Shanghai Masters;Hard;Masters 1000;Jiri Lehecka;Quentin Halys;19.0;75.0;2nd Round;3;4-6 5-7;2025-10-04
20251004;Shanghai Masters;Hard;Masters 1000;Alex de Minaur;Camilo Ugo Carabelli;7.0;45.0;2nd Round;3;6-4 6-2;2025-10-04
20251004;Shanghai Masters;Hard;Masters 1000;Jesper de Jong;Jakub Mensik;81.0;16.0;2nd Round;3;4-6 7-6 6-4;2025-10-04
20251004;Shanghai Masters;Hard;Masters 1000;Alejandro Davidovich Fokina;Matteo Arnaldi;20.0;71.0;2nd Round;3;6-4 6-4;2025-10-04
20251004;Shanghai Masters;Hard;Masters 1000;Kamil Majchrzak;Brandon Nakashima;66.0;32.0;2nd Round;3;4-6 0-6;2025-10-04
20251005;Shanghai Masters;Hard;Masters 1000;Zizou Bergs;Francisco Cerundolo;44.0;21.0;3rd Round;3;7-6 6-3;2025-10-05
20251005;Shanghai Masters;Hard;Masters 1000;Novak Djokovic;Yannick Hanfmann;5.0;150.0;3rd Round;3;6-4 5-7 3-6;2025-10-05
20251005;Shanghai Masters;Hard;Masters 1000;Holger Rune;Ugo Humbert;11.0;26.0;3rd Round;3;4-6 4-6;2025-10-05
20251005;Shanghai Masters;Hard;Masters 1000;Jaume Munar;Yoshihito Nishioka;41.0;173.0;3rd Round;3;6-4 5-7 6-1;2025-10-05
20251006;Shanghai Masters;Hard;Masters 1000;Arthur Rinderknech;Alexander Zverev;54.0;3.0;3rd Round;3;6-4 3-6 2-6;2025-10-06
20251006;Shanghai Masters;Hard;Masters 1000;Learner Tien;Cameron Norrie;36.0;33.0;3rd Round;3;7-6 6-3;2025-10-06
20251006;Shanghai Masters;Hard;Masters 1000;Jiri Lehecka;Denis Shapovalov;19.0;24.0;3rd Round;3;4-6 4-6;2025-10-06
20251006;Shanghai Masters;Hard;Masters 1000;Lorenzo Musetti;Luciano Darderi;9.0;29.0;3rd Round;3;7-5 7-6;2025-10-06
20251006;Shanghai Masters;Hard;Masters 1000;Alex de Minaur;Kamil Majchrzak;7.0;66.0;3rd Round;3;6-1 7-5;2025-10-06
20251006;Shanghai Masters;Hard;Masters 1000;Daniil Medvedev;Alejandro Davidovich Fokina;18.0;20.0;3rd Round;3;3-6 6-7;2025-10-06
20251006;Shanghai Masters;Hard;Masters 1000;Nuno Borges;Juncheng Shang;51.0;237.0;3rd Round;3;7-6 4-6 6-3;2025-10-06
20251006;Shanghai Masters;Hard;Masters 1000;Felix Auger-Aliassime;Jesper de Jong;13.0;81.0;3rd Round;3;4-6 5-7;2025-10-06
20251007;Shanghai Masters;Hard;Masters 1000;Zizou Bergs;Gabriel Diallo;44.0;35.0;4th Round;3;3-6 7-5 7-6;2025-10-07
20251007;Shanghai Masters;Hard;Masters 1000;Novak Djokovic;Jaume Munar;5.0;41.0;4th Round;3;6-3 5-7 6-2;2025-10-07
20251007;Shanghai Masters;Hard;Masters 1000;Valentin Vacherot;Tallon Griekspoor;204.0;31.0;4th Round;3;6-4 6-7 4-6;2025-10-07
20251008;Shanghai Masters;Hard;Masters 1000;Felix Auger-Aliassime;Lorenzo Musetti;13.0;9.0;4th Round;3;6-4 6-2;2025-10-08
20251008;Shanghai Masters;Hard;Masters 1000;Alex de Minaur;Nuno Borges;7.0;51.0;4th Round;3;5-7 2-6;2025-10-08
20251008;Shanghai Masters;Hard;Masters 1000;Arthur Rinderknech;Jiri Lehecka;54.0;19.0;4th Round;3;6-3 7-6;2025-10-08
20251008;Shanghai Masters;Hard;Masters 1000;Daniil Medvedev;Learner Tien;18.0;36.0;4th Round;3;6-7 7-6 4-6;2025-10-08
20251009;Shanghai Masters;Hard;Masters 1000;Novak Djokovic;Zizou Bergs;5.0;44.0;Quarterfinals;3;3-6 5-7;2025-10-09
20251009;Shanghai Masters;Hard;Masters 1000;Valentin Vacherot;Holger Rune;204.0;11.0;Quarterfinals;3;2-6 7-6 6-4;2025-10-09
20251010;Shanghai Masters;Hard;Masters 1000;Daniil Medvedev;Alex de Minaur;18.0;7.0;Quarterfinals;3;4-6 4-6;2025-10-10
20251010;Shanghai Masters;Hard;Masters 1000;Arthur Rinderknech;Felix Auger-Aliassime;54.0;13.0;Quarterfinals;3;6-3 6-4;2025-10-10
20251011;Shanghai Masters;Hard;Masters 1000;Arthur Rinderknech;Daniil Medvedev;54.0;18.0;Semifinals;3;6-4 2-6 4-6;2025-10-11
20251011;Shanghai Masters;Hard;Masters 1000;Valentin Vacherot;Novak Djokovic;204.0;5.0;Semifinals;3;6-3 6-4;2025-10-11
20251012;Shanghai Masters;Hard;Masters 1000;Valentin Vacherot;Arthur Rinderknech;204.0;54.0;The Final;3;4-6 6-3 6-3;2025-10-12
20251013;Almaty Open;Hard;ATP250;James Duckworth;Ugo Blanchet;138.0;150.0;1st Round;3;3-6 4-6;2025-10-13
20251013;Almaty Open;Hard;ATP250;Fabian Marozsan;Luca Nardi;52.0;83.0;1st Round;3;6-7 3-6;2025-10-13
20251013;European Open;Hard;ATP250;Marcos Giron;Mattia Bellucci;54.0;71.0;1st Round;3;6-3 6-4;2025-10-13
20251013;European Open;Hard;ATP250;Benjamin Bonzi;Reilly Opelka;53.0;62.0;1st Round;3;4-6 4-6;2025-10-13
20251013;Nordic Open;Hard;ATP250;Jacob Fearnley;Tallon Griekspoor;81.0;27.0;1st Round;3;6-3 6-7 7-6;2025-10-13
20251013;Nordic Open;Hard;ATP250;Miomir Kecmanovic;Alexandre Muller;49.0;43.0;1st Round;3;4-6 1-6;2025-10-13
20251013;Nordic Open;Hard;ATP250;Sebastian Korda;Alexei Popyrin;60.0;48.0;1st Round;3;7-6 1-6 3-6;2025-10-13
20251014;Nordic Open;Hard;ATP250;Kamil Majchrzak;Filip Misolic;75.0;95.0;1st Round;3;6-2 6-2;2025-10-14
20251014;European Open;Hard;ATP250;Botic van de Zandschulp;Joao Fonseca;86.0;45.0;1st Round;3;7-5 7-6;2025-10-14
20251014;European Open;Hard;ATP250;Eliot Spizzirri;Pedro Martinez;111.0;89.0;1st Round;3;4-6 1-6;2025-10-14
20251014;European Open;Hard;ATP250;Francisco Comesana;David Goffin;68.0;105.0;1st Round;3;7-6 6-4;2025-10-14
20251014;European Open;Hard;ATP250;Raphael Collignon;Zizou Bergs;90.0;39.0;1st Round;3;4-6 6-7;2025-10-14
20251014;European Open;Hard;ATP250;Valentin Royer;Sebastian Baez;70.0;44.0;1st Round;3;2-6 3-6;2025-10-14
20251014;Almaty Open;Hard;ATP250;Adam Walton;Tristan Schoolkate;76.0;96.0;1st Round;3;6-7 7-6 2-6;2025-10-14
20251014;Almaty Open;Hard;ATP250;Brandon Nakashima;Hamad Medjedovic;34.0;64.0;1st Round;3;7-6 6-2;2025-10-14
20251014;Almaty Open;Hard;ATP250;Aleksandr Shevchenko;Laslo Djere;91.0;79.0;1st Round;3;6-7 6-7;2025-10-14
20251015;Nordic Open;Hard;ATP250;Sebastian Korda;Kamil Majchrzak;60.0;75.0;2nd Round;3;6-4 4-6 7-5;2025-10-15
20251015;Nordic Open;Hard;ATP250;Casper Ruud;Marin Cilic;12.0;92.0;2nd Round;3;6-7 4-6;2025-10-15
20251015;Nordic Open;Hard;ATP250;Lorenzo Sonego;Arthur Fery;47.0;221.0;1st Round;3;6-4 6-2;2025-10-15
20251015;Nordic Open;Hard;ATP250;Marton Fucsovics;Jesper de Jong;55.0;82.0;1st Round;3;1-6 2-6;2025-10-15
20251015;European Open;Hard;ATP250;Alejandro Davidovich Fokina;Marcos Giron;20.0;54.0;2nd Round;3;7-6 1-6 4-6;2025-10-15
20251015;European Open;Hard;ATP250;Raphael Collignon;Francisco Comesana;90.0;68.0;2nd Round;3;7-5 3-6 7-6;2025-10-15
20251015;European Open;Hard;ATP250;Benjamin Bonzi;Valentin Royer;53.0;70.0;2nd Round;3;7-6 4-6 6-1;2025-10-15
20251015;Almaty Open;Hard;ATP250;Shintaro Mochizuki;Arthur Cazaux;102.0;58.0;1st Round;3;6-4 6-4;2025-10-15
20251015;European Open;Hard;ATP250;Yannick Hanfmann;Matteo Arnaldi;139.0;74.0;1st Round;3;7-6 4-6 4-6;2025-10-15
20251015;Almaty Open;Hard;ATP250;Corentin Moutet;Aleksandr Shevchenko;41.0;91.0;2nd Round;3;5-7 3-6;2025-10-15
20251015;Almaty Open;Hard;ATP250;Fabian Marozsan;Brandon Nakashima;52.0;34.0;2nd Round;3;7-6 6-1;2025-10-15
20251015;Almaty Open;Hard;ATP250;James Duckworth;Gabriel Diallo;138.0;35.0;2nd Round;3;6-7 7-6 4-6;2025-10-15
20251015;Almaty Open;Hard;ATP250;Flavio Cobolli;Rinky Hijikata;22.0;114.0;2nd Round;3;6-4 7-5;2025-10-15
20251015;Almaty Open;Hard;ATP250;Jan-Lennard Struff;Mackenzie McDonald;98.0;99.0;1st Round;3;6-2 3-6 4-6;2025-10-15
20251015;European Open;Hard;ATP250;Nikoloz Basilashvili;Quentin Halys;101.0;77.0;1st Round;3;4-6 4-6;2025-10-15
20251016;Nordic Open;Hard;ATP250;Ugo Humbert;Matteo Berrettini;25.0;61.0;2nd Round;3;6-7 3-6;2025-10-16
20251016;Nordic Open;Hard;ATP250;Holger Rune;Marton Fucsovics;11.0;55.0;2nd Round;3;6-4 6-4;2025-10-16
20251016;Nordic Open;Hard;ATP250;Elias Ymer;Jacob Fearnley;243.0;81.0;2nd Round;3;2-6 2-6;2025-10-16
20251016;Nordic Open;Hard;ATP250;Tomas Martin Etcheverry;Miomir Kecmanovic;63.0;49.0;2nd Round;3;6-4 4-6 6-3;2025-10-16
20251016;European Open;Hard;ATP250;Eliot Spizzirri;Botic van de Zandschulp;111.0;86.0;2nd Round;3;7-5 6-0;2025-10-16
20251016;Nordic Open;Hard;ATP250;Lorenzo Sonego;Aleksandar Kovacevic;47.0;69.0;2nd Round;3;6-7 1-6;2025-10-16
20251016;European Open;Hard;ATP250;Felix Auger-Aliassime;Damir Dzumhur;13.0;67.0;2nd Round;3;7-6 4-6 7-6;2025-10-16
20251016;Almaty Open;Hard;ATP250;Daniil Medvedev;Adam Walton;14.0;76.0;2nd Round;3;5-7 6-7;2025-10-16
20251016;Almaty Open;Hard;ATP250;Alex Michelsen;Aleksandar Vukic;36.0;84.0;2nd Round;3;3-6 2-6;2025-10-16
20251016;Almaty Open;Hard;ATP250;Jan-Lennard Struff;Karen Khachanov;98.0;10.0;2nd Round;3;4-6 7-6 6-3;2025-10-16
20251016;European Open;Hard;ATP250;Lorenzo Musetti;Yannick Hanfmann;8.0;139.0;2nd Round;3;6-7 5-7;2025-10-16
20251016;Almaty Open;Hard;ATP250;Shintaro Mochizuki;Luciano Darderi;102.0;26.0;2nd Round;3;6-3 6-3;2025-10-16
20251017;Nordic Open;Hard;ATP250;Denis Shapovalov;Elias Ymer;23.0;243.0;Quarterfinals;3;4-6 7-6 1-6;2025-10-17
20251017;Nordic Open;Hard;ATP250;Casper Ruud;Sebastian Korda;12.0;60.0;Quarterfinals;3;6-7 6-4 6-4;2025-10-17
20251017;Nordic Open;Hard;ATP250;Ugo Humbert;Lorenzo Sonego;25.0;47.0;Quarterfinals;3;6-7 6-0 6-3;2025-10-17
20251017;Nordic Open;Hard;ATP250;Holger Rune;Tomas Martin Etcheverry;11.0;63.0;Quarterfinals;3;7-6 3-6 4-6;2025-10-17
20251017;European Open;Hard;ATP250;Raphael Collignon;Alejandro Davidovich Fokina;90.0;20.0;Quarterfinals;3;6-7 1-6;2025-10-17
20251017;European Open;Hard;ATP250;Felix Auger-Aliassime;Eliot Spizzirri;13.0;111.0;Quarterfinals;3;6-2 7-6;2025-10-17
20251017;Almaty Open;Hard;ATP250;Corentin Moutet;Jan-Lennard Struff;41.0;98.0;Quarterfinals;3;6-4 7-5;2025-10-17
20251017;Almaty Open;Hard;ATP250;Alex Michelsen;Shintaro Mochizuki;36.0;102.0;Quarterfinals;3;3-6 6-3 2-6;2025-10-17
20251017;Almaty Open;Hard;ATP250;Daniil Medvedev;Fabian Marozsan;14.0;52.0;Quarterfinals;3;7-5 6-2;2025-10-17
20251017;Almaty Open;Hard;ATP250;James Duckworth;Flavio Cobolli;138.0;22.0;Quarterfinals;3;3-6 2-6;2025-10-17
20251018;Almaty Open;Hard;ATP250;Daniil Medvedev;James Duckworth;14.0;138.0;Semifinals;3;7-6 3-6 2-6;2025-10-18
20251018;Almaty Open;Hard;ATP250;Corentin Moutet;Alex Michelsen;41.0;36.0;Semifinals;3;7-5 6-4;2025-10-18
20251018;European Open;Hard;ATP250;Felix Auger-Aliassime;Raphael Collignon;13.0;90.0;Semifinals;3;6-7 4-6;2025-10-18
20251018;Nordic Open;Hard;ATP250;Casper Ruud;Denis Shapovalov;12.0;23.0;Semifinals;3;6-3 6-4;2025-10-18
20251019;European Open;Hard;ATP250;Felix Auger-Aliassime;Jiri Lehecka;13.0;17.0;The Final;3;7-6 6-7 6-2;2025-10-19
20251019;Nordic Open;Hard;ATP250;Casper Ruud;Ugo Humbert;12.0;25.0;The Final;3;2-6 3-6;2025-10-19
20251019;Almaty Open;Hard;ATP250;Daniil Medvedev;Corentin Moutet;14.0;41.0;The Final;3;5-7 6-4 3-6;2025-10-19
20251020;Swiss Indoors;Hard;ATP500;Jenson Brooksby;Alexandre Muller;55.0;44.0;1st Round;3;6-4 6-3;2025-10-20
20251020;Swiss Indoors;Hard;ATP500;Alejandro Davidovich Fokina;Lorenzo Sonego;18.0;45.0;1st Round;3;6-7 4-6;2025-10-20
20251020;Vienna Open;Hard;ATP500;Matteo Arnaldi;Aleksandar Kovacevic;72.0;65.0;1st Round;3;7-5 6-4;2025-10-20
20251020;Vienna Open;Hard;ATP500;Tallon Griekspoor;Karen Khachanov;28.0;13.0;1st Round;3;6-3 5-7 6-4;2025-10-20
20251020;Vienna Open;Hard;ATP500;Brandon Nakashima;Luciano Darderi;32.0;26.0;1st Round;3;6-2 7-5;2025-10-20
20251020;Vienna Open;Hard;ATP500;Alexander Bublik;Alejandro Tabilo;16.0;75.0;1st Round;3;4-6 4-6;2025-10-20
20251021;Swiss Indoors;Hard;ATP500;Denis Shapovalov;Marcos Giron;23.0;57.0;1st Round;3;6-7 6-0 7-6;2025-10-21
20251021;Vienna Open;Hard;ATP500;Alexander Zverev;Jacob Fearnley;3.0;81.0;1st Round;3;6-4 1-6 7-6;2025-10-21
20251021;Vienna Open;Hard;ATP500;Filip Misolic;Camilo Ugo Carabelli;95.0;50.0;1st Round;3;5-7 6-7;2025-10-21
20251021;Vienna Open;Hard;ATP500;Cameron Norrie;Andrey Rublev;35.0;15.0;1st Round;3;6-2 6-7 6-2;2025-10-21
20251021;Vienna Open;Hard;ATP500;Lorenzo Musetti;Hamad Medjedovic;8.0;67.0;1st Round;3;4-6 3-6;2025-10-21
20251021;Vienna Open;Hard;ATP500;Francisco Cerundolo;Alex Michelsen;21.0;34.0;1st Round;3;6-3 6-1;2025-10-21
20251021;Swiss Indoors;Hard;ATP500;Reilly Opelka;Sebastian Baez;62.0;43.0;1st Round;3;6-3 6-4;2025-10-21
20251021;Swiss Indoors;Hard;ATP500;Valentin Royer;Raphael Collignon;69.0;73.0;1st Round;3;6-4 7-6;2025-10-21
20251021;Swiss Indoors;Hard;ATP500;Ben Shelton;Kamil Majchrzak;6.0;70.0;1st Round;3;7-6 3-6 6-7;2025-10-21
20251021;Swiss Indoors;Hard;ATP500;Marin Cilic;David Goffin;89.0;104.0;1st Round;3;6-7 5-7;2025-10-21
20251021;Swiss Indoors;Hard;ATP500;Stan Wawrinka;Miomir Kecmanovic;158.0;52.0;1st Round;3;6-1 7-6;2025-10-21
20251022;Vienna Open;Hard;ATP500;Flavio Cobolli;Tomas Machac;22.0;31.0;1st Round;3;6-7 2-6;2025-10-22
20251022;Vienna Open;Hard;ATP500;Daniil Medvedev;Nuno Borges;14.0;47.0;1st Round;3;6-4 6-7 6-2;2025-10-22
20251022;Vienna Open;Hard;ATP500;Corentin Moutet;Damir Dzumhur;36.0;63.0;1st Round;3;3-6 0-6;2025-10-22
20251022;Vienna Open;Hard;ATP500;Alex de Minaur;Filip Misolic;7.0;95.0;2nd Round;3;4-6 4-6;2025-10-22
20251022;Vienna Open;Hard;ATP500;Tallon Griekspoor;Brandon Nakashima;28.0;32.0;2nd Round;3;7-6 7-6;2025-10-22
20251022;Vienna Open;Hard;ATP500;Matteo Berrettini;Alexei Popyrin;59.0;48.0;1st Round;3;7-6 6-3;2025-10-22
20251022;Swiss Indoors;Hard;ATP500;Botic van de Zandschulp;Jiri Lehecka;82.0;17.0;1st Round;3;2-6 2-6;2025-10-22
20251022;Swiss Indoors;Hard;ATP500;Alejandro Davidovich Fokina;Jenson Brooksby;18.0;55.0;2nd Round;3;6-7 6-4 7-5;2025-10-22
20251022;Swiss Indoors;Hard;ATP500;Taylor Fritz;Valentin Vacherot;4.0;39.0;1st Round;3;6-4 6-7 5-7;2025-10-22
20251022;Vienna Open;Hard;ATP500;Jannik Sinner;Daniel Altmaier;2.0;51.0;1st Round;3;0-6 2-6;2025-10-22
20251022;Swiss Indoors;Hard;ATP500;Ugo Humbert;Sebastian Korda;24.0;56.0;1st Round;3;6-3 6-4;2025-10-22
20251022;Swiss Indoors;Hard;ATP500;Casper Ruud;Quentin Halys;11.0;78.0;1st Round;3;1-6 6-7;2025-10-22
20251022;Swiss Indoors;Hard;ATP500;Felix Auger-Aliassime;Gabriel Diallo;12.0;41.0;1st Round;3;6-2 7-5;2025-10-22
20251023;Vienna Open;Hard;ATP500;Jannik Sinner;Flavio Cobolli;2.0;22.0;2nd Round;3;6-2 7-6;2025-10-23
20251023;Vienna Open;Hard;ATP500;Lorenzo Musetti;Tomas Martin Etcheverry;8.0;60.0;2nd Round;3;3-6 4-6;2025-10-23
20251023;Vienna Open;Hard;ATP500;Alexander Bublik;Francisco Cerundolo;16.0;21.0;2nd Round;3;6-4 6-2;2025-10-23
20251023;Vienna Open;Hard;ATP500;Matteo Berrettini;Cameron Norrie;59.0;35.0;2nd Round;3;7-6 6-7 6-4;2025-10-23
20251023;Vienna Open;Hard;ATP500;Alexander Zverev;Matteo Arnaldi;3.0;72.0;2nd Round;3;4-6 4-6;2025-10-23
20251023;Vienna Open;Hard;ATP500;Corentin Moutet;Daniil Medvedev;36.0;14.0;2nd Round;3;6-7 4-6;2025-10-23
20251023;Swiss Indoors;Hard;ATP500;Jaume Munar;Ben Shelton;42.0;6.0;2nd Round;3;3-6 4-6;2025-10-23
20251023;Swiss Indoors;Hard;ATP500;Denis Shapovalov;Valentin Royer;23.0;69.0;2nd Round;3;7-6 6-2;2025-10-23
20251023;Swiss Indoors;Hard;ATP500;Reilly Opelka;Botic van de Zandschulp;62.0;82.0;2nd Round;3;7-6 6-7 6-3;2025-10-23
20251023;Swiss Indoors;Hard;ATP500;Ugo Humbert;Taylor Fritz;24.0;4.0;2nd Round;3;6-3 6-4;2025-10-23
20251023;Swiss Indoors;Hard;ATP500;Felix Auger-Aliassime;Marin Cilic;12.0;89.0;2nd Round;3;6-7 6-7;2025-10-23
20251023;Swiss Indoors;Hard;ATP500;Casper Ruud;Stan Wawrinka;11.0;158.0;2nd Round;3;4-6 6-7;2025-10-23
20251024;Swiss Indoors;Hard;ATP500;Ugo Humbert;Reilly Opelka;24.0;62.0;Quarterfinals;3;6-7 4-6;2025-10-24
20251024;Vienna Open;Hard;ATP500;Jannik Sinner;Alexander Bublik;2.0;16.0;Quarterfinals;3;4-6 4-6;2025-10-24
20251024;Vienna Open;Hard;ATP500;Alex de Minaur;Matteo Berrettini;7.0;59.0;Quarterfinals;3;6-1 7-6;2025-10-24
20251024;Vienna Open;Hard;ATP500;Lorenzo Musetti;Corentin Moutet;8.0;36.0;Quarterfinals;3;6-3 6-4;2025-10-24
20251025;Vienna Open;Hard;ATP500;Alexander Zverev;Lorenzo Musetti;3.0;8.0;Semifinals;3;6-4 7-5;2025-10-25
20251025;Swiss Indoors;Hard;ATP500;Joao Fonseca;Jaume Munar;46.0;42.0;Semifinals;3;7-6 7-5;2025-10-25
20251025;Vienna Open;Hard;ATP500;Jannik Sinner;Alex de Minaur;2.0;7.0;Semifinals;3;3-6 4-6;2025-10-25
20251026;Swiss Indoors;Hard;ATP500;Joao Fonseca;Alejandro Davidovich Fokina;46.0;18.0;The Final;3;3-6 4-6;2025-10-26
20251026;Vienna Open;Hard;ATP500;Jannik Sinner;Alexander Zverev;2.0;3.0;The Final;3;6-3 3-6 5-7;2025-10-26
20251027;BNP Paribas Masters;Hard;Masters 1000;Arthur Rinderknech;Fabian Marozsan;29.0;48.0;1st Round;3;6-7 6-7;2025-10-27
20251027;BNP Paribas Masters;Hard;Masters 1000;Learner Tien;Nuno Borges;39.0;46.0;1st Round;3;6-2 7-6;2025-10-27
20251027;BNP Paribas Masters;Hard;Masters 1000;Lorenzo Sonego;Sebastian Korda;45.0;54.0;1st Round;3;6-2 6-3;2025-10-27
20251027;BNP Paribas Masters;Hard;Masters 1000;Karen Khachanov;Ethan Quinn;14.0;71.0;1st Round;3;1-6 1-6;2025-10-27
20251027;BNP Paribas Masters;Hard;Masters 1000;Aleksandar Vukic;Terence Atmane;103.0;69.0;1st Round;3;6-4 2-6 6-4;2025-10-27
20251027;BNP Paribas Masters;Hard;Masters 1000;Zizou Bergs;Alex Michelsen;41.0;35.0;1st Round;3;3-6 6-2 2-6;2025-10-27
20251027;BNP Paribas Masters;Hard;Masters 1000;Miomir Kecmanovic;Aleksandar Kovacevic;53.0;64.0;1st Round;3;4-6 6-1 6-7;2025-10-27
20251027;BNP Paribas Masters;Hard;Masters 1000;Alexandre Muller;Brandon Nakashima;44.0;33.0;1st Round;3;2-6 5-7;2025-10-27
20251027;BNP Paribas Masters;Hard;Masters 1000;Andrey Rublev;Jacob Fearnley;17.0;78.0;1st Round;3;1-6 4-6;2025-10-27
20251027;BNP Paribas Masters;Hard;Masters 1000;Grigor Dimitrov;Giovanni Mpetshi Perricard;38.0;56.0;1st Round;3;7-6 6-1;2025-10-27
20251027;BNP Paribas Masters;Hard;Masters 1000;Flavio Cobolli;Tomas Machac;23.0;34.0;1st Round;3;6-1 6-4;2025-10-27
20251027;BNP Paribas Masters;Hard;Masters 1000;Francisco Cerundolo;Damir Dzumhur;21.0;63.0;1st Round;3;6-3 6-3;2025-10-27
20251027;BNP Paribas Masters;Hard;Masters 1000;Arthur Cazaux;Luciano Darderi;62.0;27.0;1st Round;3;7-6 7-6;2025-10-27
20251027;BNP Paribas Masters;Hard;Masters 1000;Alexander Bublik;Alexei Popyrin;16.0;47.0;1st Round;3;6-4 6-3;2025-10-27
20251027;BNP Paribas Masters;Hard;Masters 1000;Cameron Norrie;Sebastian Baez;31.0;43.0;1st Round;3;3-6 4-6;2025-10-27
20251027;BNP Paribas Masters;Hard;Masters 1000;Daniel Altmaier;Marcos Giron;50.0;65.0;1st Round;3;2-6 6-7;2025-10-27
20251028;BNP Paribas Masters;Hard;Masters 1000;Taylor Fritz;Aleksandar Vukic;4.0;103.0;2nd Round;3;6-7 2-6;2025-10-28
20251028;BNP Paribas Masters;Hard;Masters 1000;Ben Shelton;Flavio Cobolli;7.0;23.0;2nd Round;3;7-6 6-3;2025-10-28
20251028;BNP Paribas Masters;Hard;Masters 1000;Andrey Rublev;Learner Tien;17.0;39.0;2nd Round;3;6-4 6-4;2025-10-28
20251028;BNP Paribas Masters;Hard;Masters 1000;Cameron Norrie;Carlos Alcaraz;31.0;1.0;2nd Round;3;6-4 3-6 4-6;2025-10-28
20251028;BNP Paribas Masters;Hard;Masters 1000;Valentin Vacherot;Jiri Lehecka;40.0;18.0;1st Round;3;6-1 6-3;2025-10-28
20251028;BNP Paribas Masters;Hard;Masters 1000;Corentin Moutet;Reilly Opelka;32.0;52.0;1st Round;3;3-6 7-5 6-1;2025-10-28
20251028;BNP Paribas Masters;Hard;Masters 1000;Alejandro Davidovich Fokina;Valentin Royer;15.0;59.0;1st Round;3;6-4 1-6 4-6;2025-10-28
20251028;BNP Paribas Masters;Hard;Masters 1000;Daniil Medvedev;Jaume Munar;13.0;36.0;1st Round;3;6-1 6-3;2025-10-28
20251028;BNP Paribas Masters;Hard;Masters 1000;Gabriel Diallo;Tallon Griekspoor;42.0;25.0;1st Round;3;6-3 6-4;2025-10-28
20251028;BNP Paribas Masters;Hard;Masters 1000;Felix Auger-Aliassime;Francisco Comesana;10.0;68.0;1st Round;3;7-6 3-6 3-6;2025-10-28
20251028;BNP Paribas Masters;Hard;Masters 1000;Joao Fonseca;Denis Shapovalov;28.0;24.0;1st Round;3;7-5 4-6 3-6;2025-10-28
20251029;BNP Paribas Masters;Hard;Masters 1000;Lorenzo Sonego;Lorenzo Musetti;45.0;8.0;2nd Round;3;6-3 3-6 1-6;2025-10-29
20251029;BNP Paribas Masters;Hard;Masters 1000;Jannik Sinner;Zizou Bergs;2.0;41.0;2nd Round;3;6-4 6-2;2025-10-29
20251029;BNP Paribas Masters;Hard;Masters 1000;Alexander Zverev;Camilo Ugo Carabelli;3.0;49.0;2nd Round;3;6-7 6-1 7-5;2025-10-29
20251029;BNP Paribas Masters;Hard;Masters 1000;Valentin Vacherot;Arthur Rinderknech;40.0;29.0;2nd Round;3;7-6 3-6 4-6;2025-10-29
20251029;BNP Paribas Masters;Hard;Masters 1000;Felix Auger-Aliassime;Alexandre Muller;10.0;44.0;2nd Round;3;7-5 6-7 6-7;2025-10-29
20251029;BNP Paribas Masters;Hard;Masters 1000;Alexander Bublik;Corentin Moutet;16.0;32.0;2nd Round;3;6-3 7-5;2025-10-29
20251029;BNP Paribas Masters;Hard;Masters 1000;Alex de Minaur;Gabriel Diallo;6.0;42.0;2nd Round;3;6-7 6-4 3-6;2025-10-29
20251029;BNP Paribas Masters;Hard;Masters 1000;Francisco Cerundolo;Miomir Kecmanovic;21.0;53.0;2nd Round;3;7-5 1-6 7-6;2025-10-29
20251029;BNP Paribas Masters;Hard;Masters 1000;Alejandro Davidovich Fokina;Arthur Cazaux;15.0;62.0;2nd Round;3;6-7 4-6;2025-10-29
20251029;BNP Paribas Masters;Hard;Masters 1000;Daniel Altmaier;Casper Ruud;50.0;9.0;2nd Round;3;6-3 7-5;2025-10-29
20251029;BNP Paribas Masters;Hard;Masters 1000;Karen Khachanov;Joao Fonseca;14.0;28.0;2nd Round;3;6-1 3-6 6-3;2025-10-29
20251030;BNP Paribas Masters;Hard;Masters 1000;Alexander Zverev;Alejandro Davidovich Fokina;3.0;15.0;3rd Round;3;6-2 6-4;2025-10-30
20251030;BNP Paribas Masters;Hard;Masters 1000;Ben Shelton;Andrey Rublev;7.0;17.0;3rd Round;3;6-7 3-6;2025-10-30
20251030;BNP Paribas Masters;Hard;Masters 1000;Valentin Vacherot;Cameron Norrie;40.0;31.0;3rd Round;3;6-7 4-6;2025-10-30
20251030;BNP Paribas Masters;Hard;Masters 1000;Daniil Medvedev;Lorenzo Sonego;13.0;45.0;3rd Round;3;3-6 7-6 6-4;2025-10-30
20251030;BNP Paribas Masters;Hard;Masters 1000;Alex de Minaur;Karen Khachanov;6.0;14.0;3rd Round;3;2-6 2-6;2025-10-30
20251030;BNP Paribas Masters;Hard;Masters 1000;Alexander Bublik;Taylor Fritz;16.0;4.0;3rd Round;3;7-6 6-2;2025-10-30
20251030;BNP Paribas Masters;Hard;Masters 1000;Felix Auger-Aliassime;Daniel Altmaier;10.0;50.0;3rd Round;3;3-6 6-3 6-2;2025-10-30
20251030;BNP Paribas Masters;Hard;Masters 1000;Jannik Sinner;Francisco Cerundolo;2.0;21.0;3rd Round;3;5-7 1-6;2025-10-30
20251031;BNP Paribas Masters;Hard;Masters 1000;Felix Auger-Aliassime;Valentin Vacherot;10.0;40.0;Quarterfinals;3;2-6 2-6;2025-10-31
20251031;BNP Paribas Masters;Hard;Masters 1000;Alexander Bublik;Alex de Minaur;16.0;6.0;Quarterfinals;3;6-7 6-4 7-5;2025-10-31
20251031;BNP Paribas Masters;Hard;Masters 1000;Jannik Sinner;Ben Shelton;2.0;7.0;Quarterfinals;3;3-6 3-6;2025-10-31
20251031;BNP Paribas Masters;Hard;Masters 1000;Alexander Zverev;Daniil Medvedev;3.0;13.0;Quarterfinals;3;2-6 6-3 7-6;2025-10-31
20251101;BNP Paribas Masters;Hard;Masters 1000;Jannik Sinner;Alexander Zverev;2.0;3.0;Semifinals;3;6-0 6-1;2025-11-01
20251101;BNP Paribas Masters;Hard;Masters 1000;Felix Auger-Aliassime;Alexander Bublik;10.0;16.0;Semifinals;3;6-7 4-6;2025-11-01
20251102;BNP Paribas Masters;Hard;Masters 1000;Jannik Sinner;Felix Auger-Aliassime;2.0;10.0;The Final;3;4-6 6-7;2025-11-02
20251102;Hellenic Championship;Hard;ATP250;Sebastian Korda;Alexei Popyrin;52.0;53.0;1st Round;3;4-6 6-3 6-4;2025-11-02
20251102;Hellenic Championship;Hard;ATP250;Alejandro Tabilo;Adam Walton;89.0;83.0;1st Round;3;7-6 6-7 7-5;2025-11-02
20251102;Open de Moselle;Hard;ATP250;Hugo Gaston;Terence Atmane;98.0;66.0;1st Round;3;6-4 6-1;2025-11-02
20251102;Open de Moselle;Hard;ATP250;Arthur Cazaux;Adrian Mannarino;69.0;71.0;1st Round;3;3-6 6-7;2025-11-02
20251103;Open de Moselle;Hard;ATP250;Lorenzo Sonego;Jan Choinski;42.0;126.0;1st Round;3;4-6 6-4 6-4;2025-11-03
20251103;Open de Moselle;Hard;ATP250;Cameron Norrie;Valentin Royer;27.0;56.0;1st Round;3;3-6 7-6 3-6;2025-11-03
20251103;Open de Moselle;Hard;ATP250;Learner Tien;Ugo Blanchet;38.0;143.0;1st Round;3;3-6 3-6;2025-11-03
20251103;Open de Moselle;Hard;ATP250;Matteo Berrettini;Quentin Halys;63.0;84.0;1st Round;3;6-2 6-4;2025-11-03
20251103;Hellenic Championship;Hard;ATP250;Stan Wawrinka;Botic van de Zandschulp;159.0;80.0;1st Round;3;2-6 7-6 7-5;2025-11-03
20251103;Hellenic Championship;Hard;ATP250;Eliot Spizzirri;Laslo Djere;96.0;82.0;1st Round;3;1-6 7-6 6-2;2025-11-03
20251103;Hellenic Championship;Hard;ATP250;Miomir Kecmanovic;Kamil Majchrzak;54.0;68.0;1st Round;3;6-7 6-7;2025-11-03
20251103;Hellenic Championship;Hard;ATP250;Vit Kopriva;Reilly Opelka;92.0;50.0;1st Round;3;6-4 6-3;2025-11-03
20251103;Hellenic Championship;Hard;ATP250;Damir Dzumhur;Jacob Fearnley;58.0;73.0;1st Round;3;4-6 2-6;2025-11-03
20251103;Hellenic Championship;Hard;ATP250;Alexandre Muller;Jan-Lennard Struff;43.0;101.0;1st Round;3;3-6 6-2 6-7;2025-11-03
20251104;Open de Moselle;Hard;ATP250;Aleksandar Vukic;Corentin Moutet;87.0;31.0;1st Round;3;3-6 7-6 7-6;2025-11-04
20251104;Open de Moselle;Hard;ATP250;Cameron Norrie;Arthur Cazaux;27.0;69.0;2nd Round;3;6-7 7-6 6-2;2025-11-04
20251104;Open de Moselle;Hard;ATP250;Lorenzo Sonego;Flavio Cobolli;42.0;22.0;2nd Round;3;6-2 3-6 5-7;2025-11-04
20251104;Open de Moselle;Hard;ATP250;Daniel Altmaier;Arthur Rinderknech;46.0;28.0;1st Round;3;6-4 6-4;2025-11-04
20251104;Hellenic Championship;Hard;ATP250;Tomas Martin Etcheverry;Mackenzie McDonald;60.0;110.0;1st Round;3;7-6 6-7 3-6;2025-11-04
20251104;Hellenic Championship;Hard;ATP250;Sebastian Korda;Damir Dzumhur;52.0;58.0;2nd Round;3;4-6 6-3 6-3;2025-11-04
20251104;Hellenic Championship;Hard;ATP250;Nuno Borges;Eliot Spizzirri;47.0;96.0;2nd Round;3;5-7 6-3 6-4;2025-11-04
20251104;Hellenic Championship;Hard;ATP250;Marcos Giron;Pedro Martinez;72.0;95.0;1st Round;3;4-6 1-6;2025-11-04
20251104;Hellenic Championship;Hard;ATP250;Novak Djokovic;Alejandro Tabilo;5.0;89.0;2nd Round;3;6-7 1-6;2025-11-04
20251105;Hellenic Championship;Hard;ATP250;Miomir Kecmanovic;Luciano Darderi;54.0;26.0;2nd Round;3;6-4 2-6 3-6;2025-11-05
20251105;Hellenic Championship;Hard;ATP250;Alexandre Muller;Tomas Martin Etcheverry;43.0;60.0;2nd Round;3;7-6 6-7 6-7;2025-11-05
20251105;Hellenic Championship;Hard;ATP250;Yannick Hanfmann;Vit Kopriva;117.0;92.0;2nd Round;3;6-2 5-7 7-5;2025-11-05
20251105;Hellenic Championship;Hard;ATP250;Lorenzo Musetti;Stan Wawrinka;9.0;159.0;2nd Round;3;4-6 7-6 6-4;2025-11-05
20251105;Hellenic Championship;Hard;ATP250;Marcos Giron;Brandon Nakashima;72.0;33.0;2nd Round;3;6-7 1-6;2025-11-05
20251105;Open de Moselle;Hard;ATP250;Learner Tien;Moez Echargui;38.0;140.0;2nd Round;3;6-7 3-6;2025-11-05
20251105;Open de Moselle;Hard;ATP250;Matteo Berrettini;Aleksandar Vukic;63.0;87.0;2nd Round;3;6-7 3-6;2025-11-05
20251106;Open de Moselle;Hard;ATP250;Lorenzo Sonego;Daniel Altmaier;42.0;46.0;Quarterfinals;3;4-6 6-7;2025-11-06
20251106;Open de Moselle;Hard;ATP250;Cameron Norrie;Kyrian Jacquet;27.0;156.0;Quarterfinals;3;4-6 7-6 6-4;2025-11-06
20251106;Hellenic Championship;Hard;ATP250;Lorenzo Musetti;Alexandre Muller;9.0;43.0;Quarterfinals;3;2-6 4-6;2025-11-06
20251106;Open de Moselle;Hard;ATP250;Learner Tien;Matteo Berrettini;38.0;63.0;Quarterfinals;3;5-7 6-2 6-3;2025-11-06
20251106;Hellenic Championship;Hard;ATP250;Yannick Hanfmann;Marcos Giron;117.0;72.0;Quarterfinals;3;6-7 4-6;2025-11-06
20251106;Hellenic Championship;Hard;ATP250;Sebastian Korda;Miomir Kecmanovic;52.0;54.0;Quarterfinals;3;6-3 6-2;2025-11-06
20251106;Hellenic Championship;Hard;ATP250;Novak Djokovic;Nuno Borges;5.0;47.0;Quarterfinals;3;7-6 6-4;2025-11-06
20251107;Hellenic Championship;Hard;ATP250;Novak Djokovic;Yannick Hanfmann;5.0;117.0;Semifinals;3;6-3 6-4;2025-11-07
20251107;Hellenic Championship;Hard;ATP250;Lorenzo Musetti;Sebastian Korda;9.0;52.0;Semifinals;3;0-6 7-5 5-7;2025-11-07
20251107;Open de Moselle;Hard;ATP250;Cameron Norrie;Lorenzo Sonego;27.0;42.0;Semifinals;3;4-6 6-2 6-4;2025-11-07
20251108;Hellenic Championship;Hard;ATP250;Novak Djokovic;Lorenzo Musetti;5.0;9.0;The Final;3;4-6 6-3 7-5;2025-11-08
20251108;Open de Moselle;Hard;ATP250;Learner Tien;Cameron Norrie;38.0;27.0;The Final;3;6-3 3-6 7-6;2025-11-08
20251109;Masters Cup;Hard;Masters Cup;Carlos Alcaraz;Alex de Minaur;1.0;7.0;Round Robin;3;6-7 2-6;2025-11-09
20251109;Masters Cup;Hard;Masters Cup;Alexander Zverev;Ben Shelton;3.0;5.0;Round Robin;3;6-3 7-6;2025-11-09
20251110;Masters Cup;Hard;Masters Cup;Jannik Sinner;Felix Auger-Aliassime;2.0;8.0;Round Robin;3;7-5 6-1;2025-11-10
20251110;Masters Cup;Hard;Masters Cup;Taylor Fritz;Lorenzo Musetti;6.0;9.0;Round Robin;3;3-6 4-6;2025-11-10
20251111;Masters Cup;Hard;Masters Cup;Carlos Alcaraz;Taylor Fritz;1.0;6.0;Round Robin;3;7-6 5-7 3-6;2025-11-11
20251111;Masters Cup;Hard;Masters Cup;Lorenzo Musetti;Alex de Minaur;9.0;7.0;Round Robin;3;7-5 3-6 7-5;2025-11-11
20251112;Masters Cup;Hard;Masters Cup;Felix Auger-Aliassime;Ben Shelton;8.0;5.0;Round Robin;3;6-4 6-7 5-7;2025-11-12
20251112;Masters Cup;Hard;Masters Cup;Jannik Sinner;Alexander Zverev;2.0;3.0;Round Robin;3;6-4 6-3;2025-11-12
20251113;Masters Cup;Hard;Masters Cup;Carlos Alcaraz;Lorenzo Musetti;1.0;9.0;Round Robin;3;6-4 6-1;2025-11-13
20251113;Masters Cup;Hard;Masters Cup;Alex de Minaur;Taylor Fritz;7.0;6.0;Round Robin;3;6-7 3-6;2025-11-13
20251114;Masters Cup;Hard;Masters Cup;Felix Auger-Aliassime;Alexander Zverev;8.0;3.0;Round Robin;3;6-4 7-6;2025-11-14
20251114;Masters Cup;Hard;Masters Cup;Jannik Sinner;Ben Shelton;2.0;5.0;Round Robin;3;3-6 6-7;2025-11-14
20251115;Masters Cup;Hard;Masters Cup;Jannik Sinner;Alex de Minaur;2.0;7.0;Semifinals;3;5-7 2-6;2025-11-15
20251115;Masters Cup;Hard;Masters Cup;Carlos Alcaraz;Felix Auger-Aliassime;1.0;8.0;Semifinals;3;6-2 6-4;2025-11-15
20251116;Masters Cup;Hard;Masters Cup;Jannik Sinner;Carlos Alcaraz;2.0;1.0;The Final;3;6-7 5-7;2025-11-16
20260104;Brisbane International;Hard;ATP250;Frances Tiafoe;Aleksandar Vukic;30.0;87.0;1st Round;3;6-2 6-2;2026-01-04
20260104;Brisbane International;Hard;ATP250;Learner Tien;Camilo Ugo Carabelli;26.0;48.0;1st Round;3;6-7 3-6;2026-01-04
20260105;Hong Kong Tennis Open;Hard;ATP250;Yibing Wu;Fabian Marozsan;179.0;53.0;1st Round;3;6-4 6-2;2026-01-05
20260105;Hong Kong Tennis Open;Hard;ATP250;Marin Cilic;Adrian Mannarino;70.0;68.0;1st Round;3;3-6 2-6;2026-01-05
20260105;Hong Kong Tennis Open;Hard;ATP250;Nuno Borges;Damir Dzumhur;45.0;65.0;1st Round;3;6-4 6-3;2026-01-05
20260105;Brisbane International;Hard;ATP250;Daniil Medvedev;Marton Fucsovics;13.0;54.0;1st Round;3;6-2 6-3;2026-01-05
20260105;Brisbane International;Hard;ATP250;Reilly Opelka;Dane Sweeny;60.0;183.0;1st Round;3;3-6 5-7;2026-01-05
20260105;Brisbane International;Hard;ATP250;Sebastian Korda;Valentin Vacherot;46.0;31.0;1st Round;3;7-6 6-3;2026-01-05
20260105;Brisbane International;Hard;ATP250;Quentin Halys;Alexei Popyrin;91.0;50.0;1st Round;3;5-7 6-3 6-4;2026-01-05
20260105;Brisbane International;Hard;ATP250;Alex Michelsen;James Duckworth;37.0;86.0;1st Round;3;7-6 6-7 3-6;2026-01-05
20260105;Brisbane International;Hard;ATP250;Kamil Majchrzak;Daniel Altmaier;59.0;44.0;1st Round;3;6-7 0-6;2026-01-05
20260105;Brisbane International;Hard;ATP250;Jiri Lehecka;Tomas Machac;19.0;35.0;1st Round;3;6-4 6-7 6-2;2026-01-05
20260106;Hong Kong Tennis Open;Hard;ATP250;Alexandre Muller;Miomir Kecmanovic;52.0;51.0;1st Round;3;5-7 4-6;2026-01-06
20260106;Hong Kong Tennis Open;Hard;ATP250;Coleman Wong;Mariano Navone;150.0;72.0;1st Round;3;6-3 7-5;2026-01-06
20260106;Hong Kong Tennis Open;Hard;ATP250;Botic van de Zandschulp;Jan-Lennard Struff;75.0;82.0;1st Round;3;3-6 6-1 1-6;2026-01-06
20260106;Hong Kong Tennis Open;Hard;ATP250;Lorenzo Sonego;Rei Sakamoto;39.0;200.0;1st Round;3;6-2 7-6;2026-01-06
20260106;Hong Kong Tennis Open;Hard;ATP250;Tomas Martin Etcheverry;Valentin Royer;57.0;56.0;1st Round;3;4-6 5-7;2026-01-06
20260106;Hong Kong Tennis Open;Hard;ATP250;Michael Mmoh;Alejandro Tabilo;285.0;81.0;1st Round;3;7-5 6-4;2026-01-06
20260106;Hong Kong Tennis Open;Hard;ATP250;Marcos Giron;Laslo Djere;64.0;95.0;1st Round;3;6-2 6-0;2026-01-06
20260106;Hong Kong Tennis Open;Hard;ATP250;Gabriel Diallo;Jesper de Jong;40.0;71.0;1st Round;3;4-6 6-7;2026-01-06
20260106;Hong Kong Tennis Open;Hard;ATP250;Juncheng Shang;Francisco Comesana;406.0;66.0;1st Round;3;4-6 4-6;2026-01-06
20260106;Brisbane International;Hard;ATP250;Raphael Collignon;Denis Shapovalov;84.0;23.0;1st Round;3;4-6 2-6;2026-01-06
20260106;Brisbane International;Hard;ATP250;Brandon Nakashima;Alejandro Davidovich Fokina;33.0;14.0;1st Round;3;7-6 6-4;2026-01-06
20260106;Brisbane International;Hard;ATP250;Aleksandar Kovacevic;Nick Kyrgios;58.0;670.0;1st Round;3;6-3 6-4;2026-01-06
20260106;Brisbane International;Hard;ATP250;Cameron Norrie;Ugo Humbert;28.0;36.0;1st Round;3;6-1 6-7 5-7;2026-01-06
20260106;Brisbane International;Hard;ATP250;Rinky Hijikata;Adam Walton;111.0;77.0;1st Round;3;6-3 6-2;2026-01-06
20260106;Brisbane International;Hard;ATP250;Grigor Dimitrov;Pablo Carreno Busta;47.0;92.0;1st Round;3;3-6 2-6;2026-01-06
20260107;Hong Kong Tennis Open;Hard;ATP250;Andrey Rublev;Yibing Wu;16.0;179.0;2nd Round;3;6-3 2-6 1-6;2026-01-07
20260107;Hong Kong Tennis Open;Hard;ATP250;Coleman Wong;Gabriel Diallo;150.0;40.0;2nd Round;3;1-6 7-5 7-5;2026-01-07
20260107;Hong Kong Tennis Open;Hard;ATP250;Lorenzo Musetti;Tomas Martin Etcheverry;7.0;57.0;2nd Round;3;6-7 6-2 6-4;2026-01-07
20260107;Brisbane International;Hard;ATP250;Alex Michelsen;Learner Tien;37.0;26.0;2nd Round;3;6-4 6-2;2026-01-07
20260107;Brisbane International;Hard;ATP250;Daniil Medvedev;Frances Tiafoe;13.0;30.0;2nd Round;3;3-6 2-6;2026-01-07
20260107;Brisbane International;Hard;ATP250;Kamil Majchrzak;Reilly Opelka;59.0;60.0;2nd Round;3;6-7 7-6 7-6;2026-01-07
20260107;Hong Kong Tennis Open;Hard;ATP250;Nuno Borges;Marin Cilic;45.0;70.0;2nd Round;3;5-7 3-6;2026-01-07
20260108;Hong Kong Tennis Open;Hard;ATP250;Marcos Giron;Alexandre Muller;64.0;52.0;2nd Round;3;4-6 6-7;2026-01-08
20260108;Hong Kong Tennis Open;Hard;ATP250;Alexander Bublik;Botic van de Zandschulp;11.0;75.0;2nd Round;3;3-6 3-6;2026-01-08
20260108;Hong Kong Tennis Open;Hard;ATP250;Michael Mmoh;Karen Khachanov;285.0;17.0;2nd Round;3;7-6 7-6;2026-01-08
20260108;Hong Kong Tennis Open;Hard;ATP250;Juncheng Shang;Lorenzo Sonego;406.0;39.0;2nd Round;3;6-3 6-4;2026-01-08
20260108;Brisbane International;Hard;ATP250;Brandon Nakashima;Quentin Halys;33.0;91.0;2nd Round;3;6-2 6-4;2026-01-08
20260108;Brisbane International;Hard;ATP250;Raphael Collignon;Grigor Dimitrov;84.0;47.0;2nd Round;3;7-6 6-3;2026-01-08
20260108;Brisbane International;Hard;ATP250;Aleksandar Kovacevic;Cameron Norrie;58.0;28.0;2nd Round;3;6-7 6-4 4-6;2026-01-08
20260109;Brisbane International;Hard;ATP250;Alex Michelsen;Sebastian Korda;37.0;46.0;Quarterfinals;3;3-6 6-7;2026-01-09
20260109;Brisbane International;Hard;ATP250;Daniil Medvedev;Kamil Majchrzak;13.0;59.0;Quarterfinals;3;6-7 6-3 6-2;2026-01-09
20260109;Brisbane International;Hard;ATP250;Brandon Nakashima;Raphael Collignon;33.0;84.0;Quarterfinals;3;6-3 6-3;2026-01-09
20260109;Hong Kong Tennis Open;Hard;ATP250;Andrey Rublev;Nuno Borges;16.0;45.0;Quarterfinals;3;3-6 4-6;2026-01-09
20260109;Hong Kong Tennis Open;Hard;ATP250;Alexander Bublik;Juncheng Shang;11.0;406.0;Quarterfinals;3;6-1 7-6;2026-01-09
20260109;Hong Kong Tennis Open;Hard;ATP250;Lorenzo Musetti;Coleman Wong;7.0;150.0;Quarterfinals;3;6-4 6-4;2026-01-09
20260110;Hong Kong Tennis Open;Hard;ATP250;Lorenzo Musetti;Andrey Rublev;7.0;16.0;Semifinals;3;7-6 5-7 4-6;2026-01-10
20260110;Hong Kong Tennis Open;Hard;ATP250;Alexander Bublik;Marcos Giron;11.0;64.0;Semifinals;3;3-6 6-4 6-2;2026-01-10
20260110;Brisbane International;Hard;ATP250;Daniil Medvedev;Alex Michelsen;13.0;37.0;Semifinals;3;6-4 6-2;2026-01-10
20260110;Brisbane International;Hard;ATP250;Brandon Nakashima;Aleksandar Kovacevic;33.0;58.0;Semifinals;3;6-7 4-6;2026-01-10
20260111;ASB Classic;Hard;ATP250;Eliot Spizzirri;Adrian Mannarino;89.0;69.0;1st Round;3;6-4 6-3;2026-01-11
20260111;Brisbane International;Hard;ATP250;Daniil Medvedev;Brandon Nakashima;13.0;33.0;The Final;3;2-6 6-7;2026-01-11
20260111;Hong Kong Tennis Open;Hard;ATP250;Alexander Bublik;Lorenzo Musetti;11.0;7.0;The Final;3;6-7 3-6;2026-01-11
20260112;Adelaide International;Hard;ATP250;Ugo Humbert;Terence Atmane;36.0;64.0;1st Round;3;3-6 6-7;2026-01-12
20260112;Adelaide International;Hard;ATP250;Valentin Vacherot;Miomir Kecmanovic;32.0;59.0;1st Round;3;7-6 6-4;2026-01-12
20260112;Adelaide International;Hard;ATP250;Reilly Opelka;Alexei Popyrin;62.0;49.0;1st Round;3;6-3 7-6;2026-01-12
20260112;Adelaide International;Hard;ATP250;Thanasi Kokkinakis;Sebastian Korda;670.0;51.0;1st Round;3;3-6 6-3 7-6;2026-01-12
20260112;Adelaide International;Hard;ATP250;Jaume Munar;Daniel Altmaier;38.0;44.0;1st Round;3;3-6 0-6;2026-01-12
20260112;ASB Classic;Hard;ATP250;Alejandro Tabilo;Camilo Ugo Carabelli;81.0;47.0;1st Round;3;4-6 2-6;2026-01-12
20260112;ASB Classic;Hard;ATP250;Alex Michelsen;Mariano Navone;37.0;74.0;1st Round;3;2-6 6-2 7-5;2026-01-12
20260112;ASB Classic;Hard;ATP250;Cameron Norrie;Hugo Gaston;28.0;94.0;1st Round;3;3-6 4-6;2026-01-12
20260112;ASB Classic;Hard;ATP250;Francisco Comesana;Valentin Royer;68.0;57.0;1st Round;3;6-4 6-4;2026-01-12
20260112;ASB Classic;Hard;ATP250;Sebastian Baez;Emilio Nava;39.0;88.0;1st Round;3;4-6 7-5 6-3;2026-01-12
20260112;ASB Classic;Hard;ATP250;Jenson Brooksby;James Watt;48.0;643.0;1st Round;3;4-6 3-6;2026-01-12
20260113;Adelaide International;Hard;ATP250;Aleksandr Shevchenko;Damir Dzumhur;104.0;66.0;1st Round;3;4-6 6-4 7-5;2026-01-13
20260113;Adelaide International;Hard;ATP250;Aleksandar Vukic;Stefanos Tsitsipas;87.0;33.0;1st Round;3;6-7 6-7;2026-01-13
20260113;Adelaide International;Hard;ATP250;Rinky Hijikata;Tristan Schoolkate;115.0;97.0;1st Round;3;6-4 6-4;2026-01-13
20260113;Adelaide International;Hard;ATP250;Marton Fucsovics;Ethan Quinn;55.0;78.0;1st Round;3;6-4 6-4;2026-01-13
20260113;Adelaide International;Hard;ATP250;Quentin Halys;Jacob Fearnley;85.0;77.0;1st Round;3;3-6 4-6;2026-01-13
20260113;Adelaide International;Hard;ATP250;Tomas Machac;James Duckworth;35.0;86.0;1st Round;3;3-6 3-6;2026-01-13
20260113;Adelaide International;Hard;ATP250;Andrea Vavassori;Gabriel Diallo;336.0;41.0;1st Round;3;3-6 6-7;2026-01-13
20260113;ASB Classic;Hard;ATP250;Marcos Giron;Alex Michelsen;60.0;37.0;2nd Round;3;6-4 6-4;2026-01-13
20260113;ASB Classic;Hard;ATP250;Ben Shelton;Francisco Comesana;8.0;68.0;2nd Round;3;5-7 4-6;2026-01-13
20260113;ASB Classic;Hard;ATP250;Fabian Marozsan;Gael Monfils;52.0;110.0;1st Round;3;5-7 6-3 6-4;2026-01-13
20260113;ASB Classic;Hard;ATP250;Hamad Medjedovic;Aleksandar Kovacevic;96.0;54.0;1st Round;3;4-6 6-3 6-7;2026-01-13
20260113;ASB Classic;Hard;ATP250;Marcos Giron;Alexandre Muller;60.0;50.0;1st Round;3;6-2 6-2;2026-01-13
20260113;ASB Classic;Hard;ATP250;Nuno Borges;Tomas Martin Etcheverry;46.0;61.0;1st Round;3;5-7 6-3 6-7;2026-01-13
20260114;Adelaide International;Hard;ATP250;Aleksandar Vukic;Andrea Vavassori;87.0;336.0;2nd Round;3;2-6 6-7;2026-01-14
20260114;Adelaide International;Hard;ATP250;Aleksandr Shevchenko;Marton Fucsovics;104.0;55.0;2nd Round;3;6-3 7-6;2026-01-14
20260114;Adelaide International;Hard;ATP250;Tommy Paul;Reilly Opelka;21.0;62.0;2nd Round;3;4-6 4-6;2026-01-14
20260114;Adelaide International;Hard;ATP250;Jaume Munar;Francisco Cerundolo;38.0;20.0;2nd Round;3;3-6 7-5 6-4;2026-01-14
20260114;Adelaide International;Hard;ATP250;Tomas Machac;Quentin Halys;35.0;85.0;2nd Round;3;6-4 6-2;2026-01-14
20260114;Adelaide International;Hard;ATP250;Ugo Humbert;Tallon Griekspoor;36.0;25.0;2nd Round;3;4-6 1-6;2026-01-14
20260114;ASB Classic;Hard;ATP250;Sebastian Baez;Jenson Brooksby;39.0;48.0;2nd Round;3;7-5 6-0;2026-01-14
20260114;ASB Classic;Hard;ATP250;Marcos Giron;Luciano Darderi;60.0;24.0;Quarterfinals;3;1-6 7-5 6-4;2026-01-14
20260114;ASB Classic;Hard;ATP250;Luciano Darderi;Alejandro Tabilo;24.0;81.0;2nd Round;3;6-1 5-7 3-6;2026-01-14
20260114;ASB Classic;Hard;ATP250;Eliot Spizzirri;Nuno Borges;89.0;46.0;2nd Round;3;7-6 6-4;2026-01-14
20260114;ASB Classic;Hard;ATP250;Jakub Mensik;Hamad Medjedovic;18.0;96.0;2nd Round;3;1-6 6-3 3-6;2026-01-14
20260114;ASB Classic;Hard;ATP250;Fabian Marozsan;Casper Ruud;52.0;13.0;2nd Round;3;6-4 6-4;2026-01-14
20260114;Adelaide International;Hard;ATP250;Alejandro Davidovich Fokina;Rinky Hijikata;15.0;115.0;2nd Round;3;6-3 6-2;2026-01-14
20260115;Adelaide International;Hard;ATP250;Tommy Paul;Aleksandar Vukic;21.0;87.0;Quarterfinals;3;6-3 6-2;2026-01-15
20260115;Adelaide International;Hard;ATP250;Tomas Machac;Jaume Munar;35.0;38.0;Quarterfinals;3;4-6 4-6;2026-01-15
20260115;Adelaide International;Hard;ATP250;Ugo Humbert;Aleksandr Shevchenko;36.0;104.0;Quarterfinals;3;0-6 3-6;2026-01-15
20260115;ASB Classic;Hard;ATP250;Sebastian Baez;Ben Shelton;39.0;8.0;Quarterfinals;3;5-7 3-6;2026-01-15
20260115;ASB Classic;Hard;ATP250;Fabian Marozsan;Eliot Spizzirri;52.0;89.0;Quarterfinals;3;6-4 2-6 6-2;2026-01-15
20260115;Adelaide International;Hard;ATP250;Alejandro Davidovich Fokina;Valentin Vacherot;15.0;32.0;Quarterfinals;3;7-6 6-2;2026-01-15
20260116;ASB Classic;Hard;ATP250;Jakub Mensik;Fabian Marozsan;18.0;52.0;Semifinals;3;7-6 4-6 6-1;2026-01-16
20260116;Adelaide International;Hard;ATP250;Ugo Humbert;Alejandro Davidovich Fokina;36.0;15.0;Semifinals;3;6-3 5-7 7-6;2026-01-16
20260116;ASB Classic;Hard;ATP250;Sebastian Baez;Marcos Giron;39.0;60.0;Semifinals;3;1-6 4-6;2026-01-16
20260116;Adelaide International;Hard;ATP250;Tomas Machac;Tommy Paul;35.0;21.0;Semifinals;3;6-2 3-6 3-6;2026-01-16
20260117;Adelaide International;Hard;ATP250;Tomas Machac;Ugo Humbert;35.0;36.0;The Final;3;4-6 7-6 2-6;2026-01-17
20260117;ASB Classic;Hard;ATP250;Jakub Mensik;Sebastian Baez;18.0;39.0;The Final;3;6-3 7-6;2026-01-17
20260118;Australian Open;Hard;Grand Slam;Marton Fucsovics;Camilo Ugo Carabelli;54.0;49.0;1st Round;5;6-7 1-6 2-6;2026-01-18
20260118;Australian Open;Hard;Grand Slam;Alexander Zverev;Gabriel Diallo;3.0;41.0;1st Round;5;6-7 6-1 6-4 6-2;2026-01-18
20260118;Australian Open;Hard;Grand Slam;Francisco Cerundolo;Zhizhen Zhang;21.0;368.0;1st Round;5;3-6 6-7 3-6;2026-01-18
20260118;Australian Open;Hard;Grand Slam;Frances Tiafoe;Jason Kubler;34.0;194.0;1st Round;5;7-6 6-3 6-2;2026-01-18
20260118;Australian Open;Hard;Grand Slam;Yannick Hanfmann;Zachary Svajda;102.0;143.0;1st Round;5;5-7 6-4 4-6 6-7;2026-01-18
20260118;Australian Open;Hard;Grand Slam;Corentin Moutet;Tristan Schoolkate;37.0;98.0;1st Round;5;4-6 6-7 3-6;2026-01-18
20260118;Australian Open;Hard;Grand Slam;Michael Zheng;Sebastian Korda;174.0;53.0;1st Round;5;4-6 4-6 6-3 7-6 3-6;2026-01-18
20260118;Australian Open;Hard;Grand Slam;Cameron Norrie;Benjamin Bonzi;27.0;106.0;1st Round;5;6-0 6-7 4-6 6-3 6-4;2026-01-18
20260118;Australian Open;Hard;Grand Slam;Emilio Nava;Kyrian Jacquet;89.0;128.0;1st Round;5;2-6 5-7 7-6 6-4 6-7;2026-01-18
20260118;Australian Open;Hard;Grand Slam;Arthur Fery;Flavio Cobolli;186.0;22.0;1st Round;5;7-6 6-4 6-1;2026-01-18
20260118;Australian Open;Hard;Grand Slam;Jaime Faria;Alexander Blockx;151.0;96.0;1st Round;5;6-3 3-6 6-3 6-4;2026-01-18
20260118;Australian Open;Hard;Grand Slam;Damir Dzumhur;Liam Draxl;66.0;145.0;1st Round;5;7-5 6-0 6-4;2026-01-18
20260118;Australian Open;Hard;Grand Slam;Francisco Comesana;Patrick Kypson;68.0;116.0;1st Round;5;6-2 6-3 3-6 6-3;2026-01-18
20260118;Australian Open;Hard;Grand Slam;Alexander Bublik;Jenson Brooksby;10.0;48.0;1st Round;5;4-6 4-6 4-6;2026-01-18
20260118;Australian Open;Hard;Grand Slam;Carlos Alcaraz;Adam Walton;1.0;81.0;1st Round;5;6-3 7-6 6-2;2026-01-18
20260118;Australian Open;Hard;Grand Slam;Tomas Martin Etcheverry;Miomir Kecmanovic;62.0;60.0;1st Round;5;2-6 6-3 6-4 3-6 4-6;2026-01-18
20260119;Australian Open;Hard;Grand Slam;Fabian Marozsan;Arthur Rinderknech;47.0;28.0;1st Round;5;3-6 4-6 7-6 4-6;2026-01-19
20260119;Australian Open;Hard;Grand Slam;Hamad Medjedovic;Mariano Navone;90.0;74.0;1st Round;5;2-6 7-6 4-6 2-6;2026-01-19
20260119;Australian Open;Hard;Grand Slam;Tommy Paul;Aleksandar Kovacevic;20.0;56.0;1st Round;5;6-4 6-3 6-3;2026-01-19
20260119;Australian Open;Hard;Grand Slam;Alexandre Muller;Alexei Popyrin;52.0;50.0;1st Round;5;6-2 3-6 6-3 6-7 6-7;2026-01-19
20260119;Australian Open;Hard;Grand Slam;Casper Ruud;Mattia Bellucci;13.0;76.0;1st Round;5;6-1 6-2 6-4;2026-01-19
20260119;Australian Open;Hard;Grand Slam;Learner Tien;Marcos Giron;29.0;51.0;1st Round;5;7-6 4-6 3-6 7-6 6-2;2026-01-19
20260119;Australian Open;Hard;Grand Slam;Jordan Thompson;Juan Manuel Cerundolo;111.0;87.0;1st Round;5;6-7 7-5 6-1 6-1;2026-01-19
20260119;Australian Open;Hard;Grand Slam;Valentin Vacherot;Martin Damm;31.0;177.0;1st Round;5;6-4 6-4 6-4;2026-01-19
20260119;Australian Open;Hard;Grand Slam;Botic van de Zandschulp;Brandon Nakashima;75.0;30.0;1st Round;5;6-3 4-6 7-6 7-6;2026-01-19
20260119;Australian Open;Hard;Grand Slam;Jaume Munar;Dalibor Svrcina;39.0;95.0;1st Round;5;3-6 6-2 6-7 7-5 6-3;2026-01-19
20260119;Australian Open;Hard;Grand Slam;Aleksandr Shevchenko;Elias Ymer;97.0;175.0;1st Round;5;3-6 7-5 6-4 6-1;2026-01-19
20260119;Australian Open;Hard;Grand Slam;Alejandro Davidovich Fokina;Filip Misolic;14.0;84.0;1st Round;5;2-6 3-6 3-6;2026-01-19
20260119;Australian Open;Hard;Grand Slam;Quentin Halys;Alejandro Tabilo;83.0;79.0;1st Round;5;2-6 2-6 6-7;2026-01-19
20260119;Australian Open;Hard;Grand Slam;Alex de Minaur;Mackenzie McDonald;6.0;113.0;1st Round;5;2-6 2-6 3-6;2026-01-19
20260119;Australian Open;Hard;Grand Slam;Daniil Medvedev;Jesper de Jong;12.0;73.0;1st Round;5;7-5 6-2 7-6;2026-01-19
20260119;Australian Open;Hard;Grand Slam;Marin Cilic;Daniel Altmaier;70.0;44.0;1st Round;5;0-6 0-6 6-7;2026-01-19
20260119;Australian Open;Hard;Grand Slam;Andrey Rublev;Matteo Arnaldi;15.0;65.0;1st Round;5;4-6 2-6 3-6;2026-01-19
20260119;Australian Open;Hard;Grand Slam;Juncheng Shang;Roberto Bautista Agut;318.0;91.0;1st Round;5;4-6 7-6 4-6 0-6;2026-01-19
20260119;Australian Open;Hard;Grand Slam;Denis Shapovalov;Yunchaokete Bu;23.0;120.0;1st Round;5;3-6 6-7 1-6;2026-01-19
20260119;Australian Open;Hard;Grand Slam;Francesco Maestrelli;Terence Atmane;141.0;64.0;1st Round;5;4-6 6-3 7-6 1-6 1-6;2026-01-19
20260119;Australian Open;Hard;Grand Slam;Rinky Hijikata;Adrian Mannarino;114.0;69.0;1st Round;5;6-3 6-3 6-1;2026-01-19
20260119;Australian Open;Hard;Grand Slam;Arthur Gea;Jiri Lehecka;198.0;19.0;1st Round;5;5-7 6-7 5-7;2026-01-19
20260119;Australian Open;Hard;Grand Slam;Kamil Majchrzak;Jacob Fearnley;59.0;77.0;1st Round;5;7-6 7-5 3-6 7-6;2026-01-19
20260119;Australian Open;Hard;Grand Slam;Novak Djokovic;Pedro Martinez;4.0;71.0;1st Round;5;3-6 2-6 2-6;2026-01-19
20260119;Australian Open;Hard;Grand Slam;Stan Wawrinka;Laslo Djere;139.0;92.0;1st Round;5;7-5 3-6 4-6 6-7;2026-01-19
20260120;Australian Open;Hard;Grand Slam;Dane Sweeny;Gael Monfils;182.0;110.0;1st Round;5;6-7 7-5 6-4 7-5;2026-01-20
20260120;Australian Open;Hard;Grand Slam;James Duckworth;Dino Prizmic;88.0;127.0;1st Round;5;6-7 6-3 6-1 5-7 3-6;2026-01-20
20260120;Australian Open;Hard;Grand Slam;Vit Kopriva;Jan-Lennard Struff;101.0;86.0;1st Round;5;6-4 2-6 6-2 3-6 1-6;2026-01-20
20260120;Australian Open;Hard;Grand Slam;Eliot Spizzirri;Joao Fonseca;85.0;32.0;1st Round;5;6-4 2-6 6-1 6-2;2026-01-20
20260120;Australian Open;Hard;Grand Slam;Lorenzo Sonego;Carlos Taberner;40.0;99.0;1st Round;5;6-4 6-0 6-3;2026-01-20
20260120;Australian Open;Hard;Grand Slam;Rafael Jodar;Rei Sakamoto;150.0;203.0;1st Round;5;6-7 1-6 7-5 6-4 3-6;2026-01-20
20260120;Australian Open;Hard;Grand Slam;Yibing Wu;Luca Nardi;168.0;108.0;1st Round;5;5-7 6-4 4-6 2-6;2026-01-20
20260120;Australian Open;Hard;Grand Slam;Ethan Quinn;Tallon Griekspoor;80.0;26.0;1st Round;5;6-2 6-3 6-2;2026-01-20
20260120;Australian Open;Hard;Grand Slam;Jakub Mensik;Pablo Carreno Busta;17.0;94.0;1st Round;5;7-5 4-6 2-6 7-6 6-3;2026-01-20
20260120;Australian Open;Hard;Grand Slam;Tomas Machac;Grigor Dimitrov;24.0;45.0;1st Round;5;6-4 6-4 6-3;2026-01-20
20260120;Australian Open;Hard;Grand Slam;Karen Khachanov;Alex Michelsen;18.0;38.0;1st Round;5;4-6 6-4 6-3 5-7 6-3;2026-01-20
20260120;Australian Open;Hard;Grand Slam;Hubert Hurkacz;Zizou Bergs;55.0;43.0;1st Round;5;6-7 7-6 6-3 6-3;2026-01-20
20260120;Australian Open;Hard;Grand Slam;Ben Shelton;Ugo Humbert;7.0;33.0;1st Round;5;3-6 6-7 6-7;2026-01-20
20260120;Australian Open;Hard;Grand Slam;Luciano Darderi;Cristian Garin;25.0;82.0;1st Round;5;6-7 5-7 6-7;2026-01-20
20260120;Australian Open;Hard;Grand Slam;Taylor Fritz;Valentin Royer;9.0;58.0;1st Round;5;7-6 5-7 6-1 6-3;2026-01-20
20260120;Australian Open;Hard;Grand Slam;Stefanos Tsitsipas;Shintaro Mochizuki;35.0;112.0;1st Round;5;6-4 3-6 2-6 2-6;2026-01-20
20260121;Australian Open;Hard;Grand Slam;Alexander Zverev;Alexandre Muller;3.0;52.0;2nd Round;5;6-3 4-6 6-3 6-4;2026-01-21
20260121;Australian Open;Hard;Grand Slam;Frances Tiafoe;Francisco Comesana;34.0;68.0;2nd Round;5;6-4 6-3 4-6 6-2;2026-01-21
20260121;Australian Open;Hard;Grand Slam;Learner Tien;Aleksandr Shevchenko;29.0;97.0;2nd Round;5;2-6 7-5 1-6 0-6;2026-01-21
20260121;Australian Open;Hard;Grand Slam;Cameron Norrie;Emilio Nava;27.0;89.0;2nd Round;5;6-1 7-6 4-6 7-6;2026-01-21
20260121;Australian Open;Hard;Grand Slam;Daniil Medvedev;Quentin Halys;12.0;83.0;2nd Round;5;6-7 6-3 6-4 6-2;2026-01-21
20260121;Australian Open;Hard;Grand Slam;Alex de Minaur;Hamad Medjedovic;6.0;90.0;2nd Round;5;7-6 2-6 2-6 1-6;2026-01-21
20260121;Australian Open;Hard;Grand Slam;Fabian Marozsan;Kamil Majchrzak;47.0;59.0;2nd Round;5;6-3 6-4 7-6;2026-01-21
20260121;Australian Open;Hard;Grand Slam;Tomas Martin Etcheverry;Arthur Fery;62.0;186.0;2nd Round;5;6-7 1-6 3-6;2026-01-21
20260121;Australian Open;Hard;Grand Slam;Alexander Bublik;Marton Fucsovics;10.0;54.0;2nd Round;5;5-7 4-6 5-7;2026-01-21
20260121;Australian Open;Hard;Grand Slam;Andrey Rublev;Jaime Faria;15.0;151.0;2nd Round;5;4-6 3-6 6-4 5-7;2026-01-21
20260121;Australian Open;Hard;Grand Slam;Francisco Cerundolo;Damir Dzumhur;21.0;66.0;2nd Round;5;3-6 2-6 1-6;2026-01-21
20260121;Australian Open;Hard;Grand Slam;Alejandro Davidovich Fokina;Reilly Opelka;14.0;63.0;2nd Round;5;6-3 7-6 5-7 4-6 6-4;2026-01-21
20260121;Australian Open;Hard;Grand Slam;Nuno Borges;Jordan Thompson;46.0;111.0;2nd Round;5;6-7 6-3 6-2 6-4;2026-01-21
20260121;Australian Open;Hard;Grand Slam;Carlos Alcaraz;Yannick Hanfmann;1.0;102.0;2nd Round;5;6-7 3-6 2-6;2026-01-21
20260122;Australian Open;Hard;Grand Slam;Botic van de Zandschulp;Juncheng Shang;75.0;318.0;2nd Round;5;6-7 2-6 3-6;2026-01-22
20260122;Australian Open;Hard;Grand Slam;Casper Ruud;Jaume Munar;13.0;39.0;2nd Round;5;6-3 7-5 6-4;2026-01-22
20260122;Australian Open;Hard;Grand Slam;Marin Cilic;Denis Shapovalov;70.0;23.0;2nd Round;5;4-6 3-6 2-6;2026-01-22
20260122;Australian Open;Hard;Grand Slam;Ethan Quinn;Hubert Hurkacz;80.0;55.0;2nd Round;5;4-6 6-7 1-6;2026-01-22
20260122;Australian Open;Hard;Grand Slam;Lorenzo Musetti;Lorenzo Sonego;5.0;40.0;2nd Round;5;3-6 3-6 4-6;2026-01-22
20260122;Australian Open;Hard;Grand Slam;Eliot Spizzirri;Yibing Wu;85.0;168.0;2nd Round;5;6-2 6-4 6-7 4-6 6-3;2026-01-22
20260122;Australian Open;Hard;Grand Slam;Ben Shelton;Dane Sweeny;7.0;182.0;2nd Round;5;6-3 6-2 6-2;2026-01-22
20260122;Australian Open;Hard;Grand Slam;Jakub Mensik;Rafael Jodar;17.0;150.0;2nd Round;5;6-2 6-4 6-4;2026-01-22
20260122;Australian Open;Hard;Grand Slam;Valentin Vacherot;Rinky Hijikata;31.0;114.0;2nd Round;5;1-6 3-6 6-4 2-6;2026-01-22
20260122;Australian Open;Hard;Grand Slam;Karen Khachanov;Nishesh Basavareddy;18.0;242.0;2nd Round;5;6-1 6-4 6-3;2026-01-22
20260122;Australian Open;Hard;Grand Slam;Tomas Machac;Stefanos Tsitsipas;24.0;35.0;2nd Round;5;6-4 3-6 7-6 7-6;2026-01-22
20260122;Australian Open;Hard;Grand Slam;Stan Wawrinka;Arthur Gea;139.0;198.0;2nd Round;5;6-4 3-6 6-3 5-7 6-7;2026-01-22
20260122;Australian Open;Hard;Grand Slam;Taylor Fritz;Vit Kopriva;9.0;101.0;2nd Round;5;6-1 6-4 7-6;2026-01-22
20260122;Australian Open;Hard;Grand Slam;Jannik Sinner;James Duckworth;2.0;88.0;2nd Round;5;1-6 4-6 2-6;2026-01-22
20260122;Australian Open;Hard;Grand Slam;Novak Djokovic;Francesco Maestrelli;4.0;141.0;2nd Round;5;6-3 6-2 6-2;2026-01-22
20260122;Australian Open;Hard;Grand Slam;Luciano Darderi;Sebastian Baez;25.0;36.0;2nd Round;5;3-6 6-1 4-6 3-6;2026-01-22
20260123;Australian Open;Hard;Grand Slam;Alexander Zverev;Cameron Norrie;3.0;27.0;3rd Round;5;7-5 4-6 6-3 6-1;2026-01-23
20260123;Australian Open;Hard;Grand Slam;Alex de Minaur;Frances Tiafoe;6.0;34.0;3rd Round;5;3-6 4-6 5-7;2026-01-23
20260123;Australian Open;Hard;Grand Slam;Lorenzo Musetti;Tomas Machac;5.0;24.0;3rd Round;5;5-7 6-4 6-2 5-7 6-2;2026-01-23
20260123;Australian Open;Hard;Grand Slam;Carlos Alcaraz;Corentin Moutet;1.0;37.0;3rd Round;5;2-6 4-6 1-6;2026-01-23
20260123;Australian Open;Hard;Grand Slam;Francisco Cerundolo;Andrey Rublev;21.0;15.0;3rd Round;5;6-3 7-6 6-3;2026-01-23
20260123;Australian Open;Hard;Grand Slam;Luciano Darderi;Karen Khachanov;25.0;18.0;3rd Round;5;6-7 6-3 3-6 4-6;2026-01-23
20260123;Australian Open;Hard;Grand Slam;Alexander Bublik;Tomas Martin Etcheverry;10.0;62.0;3rd Round;5;6-7 6-7 4-6;2026-01-23
20260123;Australian Open;Hard;Grand Slam;Learner Tien;Nuno Borges;29.0;46.0;3rd Round;5;6-7 4-6 2-6;2026-01-23
20260123;Australian Open;Hard;Grand Slam;Daniil Medvedev;Fabian Marozsan;12.0;47.0;3rd Round;5;6-7 4-6 7-5 6-0 6-3;2026-01-23
20260124;Australian Open;Hard;Grand Slam;Novak Djokovic;Botic van de Zandschulp;4.0;75.0;3rd Round;5;3-6 4-6 6-7;2026-01-24
20260124;Australian Open;Hard;Grand Slam;Ben Shelton;Valentin Vacherot;7.0;31.0;3rd Round;5;4-6 4-6 6-7;2026-01-24
20260124;Australian Open;Hard;Grand Slam;Jannik Sinner;Eliot Spizzirri;2.0;85.0;3rd Round;5;4-6 6-3 6-4 6-4;2026-01-24
20260124;Australian Open;Hard;Grand Slam;Taylor Fritz;Stan Wawrinka;9.0;139.0;3rd Round;5;7-6 2-6 6-4 6-4;2026-01-24
20260124;Australian Open;Hard;Grand Slam;Casper Ruud;Marin Cilic;13.0;70.0;3rd Round;5;4-6 4-6 6-3 5-7;2026-01-24
20260124;Australian Open;Hard;Grand Slam;Jakub Mensik;Ethan Quinn;17.0;80.0;3rd Round;5;6-2 7-6 7-6;2026-01-24
20260125;Australian Open;Hard;Grand Slam;Carlos Alcaraz;Tommy Paul;1.0;20.0;4th Round;5;7-6 6-4 7-5;2026-01-25
20260125;Australian Open;Hard;Grand Slam;Alex de Minaur;Alexander Bublik;6.0;10.0;4th Round;5;4-6 1-6 1-6;2026-01-25
20260125;Australian Open;Hard;Grand Slam;Alexander Zverev;Francisco Cerundolo;3.0;21.0;4th Round;5;2-6 4-6 4-6;2026-01-25
20260125;Australian Open;Hard;Grand Slam;Learner Tien;Daniil Medvedev;29.0;12.0;4th Round;5;6-4 6-0 6-3;2026-01-25
20260126;Australian Open;Hard;Grand Slam;Ben Shelton;Casper Ruud;7.0;13.0;4th Round;5;3-6 6-4 6-3 6-4;2026-01-26
20260126;Australian Open;Hard;Grand Slam;Lorenzo Musetti;Taylor Fritz;5.0;9.0;4th Round;5;6-2 7-5 6-4;2026-01-26
20260126;Australian Open;Hard;Grand Slam;Jannik Sinner;Luciano Darderi;2.0;25.0;4th Round;5;1-6 3-6 6-7;2026-01-26
20260127;Australian Open;Hard;Grand Slam;Carlos Alcaraz;Alex de Minaur;1.0;6.0;Quarterfinals;5;7-5 6-2 6-1;2026-01-27
20260127;Australian Open;Hard;Grand Slam;Alexander Zverev;Learner Tien;3.0;29.0;Quarterfinals;5;3-6 7-6 1-6 6-7;2026-01-27
20260128;Australian Open;Hard;Grand Slam;Jannik Sinner;Ben Shelton;2.0;7.0;Quarterfinals;5;3-6 4-6 4-6;2026-01-28
20260130;Australian Open;Hard;Grand Slam;Carlos Alcaraz;Alexander Zverev;1.0;3.0;Semifinals;5;6-4 7-6 6-7 6-7 7-5;2026-01-30
20260130;Australian Open;Hard;Grand Slam;Novak Djokovic;Jannik Sinner;4.0;2.0;Semifinals;5;6-3 3-6 6-4 4-6 4-6;2026-01-30
20260201;Australian Open;Hard;Grand Slam;Carlos Alcaraz;Novak Djokovic;1.0;4.0;The Final;5;2-6 6-2 6-3 7-5;2026-02-01
20260202;Open Sud de France;Hard;ATP250;Adrian Mannarino;Pedro Martinez;70.0;77.0;1st Round;3;6-7 1-6;2026-02-02
20260203;Open Sud de France;Hard;ATP250;Pablo Carreno Busta;Miomir Kecmanovic;100.0;69.0;1st Round;3;6-4 3-6 6-7;2026-02-03
20260203;Open Sud de France;Hard;ATP250;Arthur Fils;Valentin Royer;42.0;56.0;1st Round;3;6-7 7-6 2-6;2026-02-03
20260203;Open Sud de France;Hard;ATP250;Ugo Humbert;Botic van de Zandschulp;38.0;67.0;1st Round;3;6-3 6-4;2026-02-03
20260203;Open Sud de France;Hard;ATP250;Ugo Blanchet;Andrea Vavassori;174.0;282.0;1st Round;3;6-4 6-3;2026-02-03
20260203;Open Sud de France;Hard;ATP250;Titouan Droguet;Jan Choinski;150.0;125.0;1st Round;3;2-6 6-7;2026-02-03
20260203;Open Sud de France;Hard;ATP250;Martin Damm;Hubert Hurkacz;160.0;52.0;1st Round;3;7-6 6-4;2026-02-03
20260204;Open Sud de France;Hard;ATP250;Luca Nardi;Nikoloz Basilashvili;106.0;137.0;1st Round;3;3-6 3-6;2026-02-04
20260204;Open Sud de France;Hard;ATP250;Aleksandar Kovacevic;Moise Kouame;83.0;551.0;1st Round;3;6-7 6-2 6-2;2026-02-04
20260204;Open Sud de France;Hard;ATP250;Stan Wawrinka;Hamad Medjedovic;113.0;80.0;1st Round;3;6-7 4-6;2026-02-04
20260204;Open Sud de France;Hard;ATP250;Martin Damm;Roberto Bautista Agut;160.0;89.0;2nd Round;3;6-1 6-3;2026-02-04
20260204;Open Sud de France;Hard;ATP250;Adrian Mannarino;Ugo Humbert;70.0;38.0;2nd Round;3;7-6 3-6 6-7;2026-02-04
20260205;Open Sud de France;Hard;ATP250;Tallon Griekspoor;Pablo Carreno Busta;29.0;100.0;2nd Round;3;4-6 4-6;2026-02-05
20260205;Open Sud de France;Hard;ATP250;Arthur Fils;Ugo Blanchet;42.0;174.0;2nd Round;3;7-6 7-5;2026-02-05
20260205;Open Sud de France;Hard;ATP250;Luca Nardi;Flavio Cobolli;106.0;20.0;2nd Round;3;6-2 6-3;2026-02-05
20260205;Open Sud de France;Hard;ATP250;Felix Auger-Aliassime;Stan Wawrinka;8.0;113.0;2nd Round;3;4-6 6-7;2026-02-05
20260205;Open Sud de France;Hard;ATP250;Titouan Droguet;Aleksandar Kovacevic;150.0;83.0;2nd Round;3;4-6 7-6 6-4;2026-02-05
20260206;Open Sud de France;Hard;ATP250;Adrian Mannarino;Arthur Gea;70.0;168.0;Quarterfinals;3;7-5 4-6 4-6;2026-02-06
20260206;Open Sud de France;Hard;ATP250;Martin Damm;Luca Nardi;160.0;106.0;Quarterfinals;3;6-3 7-6;2026-02-06
20260206;Open Sud de France;Hard;ATP250;Titouan Droguet;Tallon Griekspoor;150.0;29.0;Quarterfinals;3;7-6 7-6;2026-02-06
20260206;Open Sud de France;Hard;ATP250;Felix Auger-Aliassime;Arthur Fils;8.0;42.0;Quarterfinals;3;4-6 2-6;2026-02-06
20260207;Open Sud de France;Hard;ATP250;Adrian Mannarino;Martin Damm;70.0;160.0;Semifinals;3;6-1 3-6 4-6;2026-02-07
20260207;Open Sud de France;Hard;ATP250;Felix Auger-Aliassime;Titouan Droguet;8.0;150.0;Semifinals;3;6-4 6-7 6-1;2026-02-07
20260208;Open Sud de France;Hard;ATP250;Felix Auger-Aliassime;Adrian Mannarino;8.0;70.0;The Final;3;3-6 6-7;2026-02-08
20260209;ABN AMRO World Tennis Tournament;Hard;ATP500;Cameron Norrie;Roberto Bautista Agut;26.0;85.0;1st Round;3;6-7 1-6;2026-02-09
20260209;ABN AMRO World Tennis Tournament;Hard;ATP500;Ugo Humbert;Daniil Medvedev;36.0;11.0;1st Round;3;7-6 3-6 6-3;2026-02-09
20260209;ABN AMRO World Tennis Tournament;Hard;ATP500;Botic van de Zandschulp;Luka Pavlovic;65.0;219.0;1st Round;3;7-6 6-3;2026-02-09
20260209;Dallas Open;Hard;ATP500;Brandon Nakashima;Mattia Bellucci;29.0;107.0;1st Round;3;6-3 6-4;2026-02-09
20260209;Dallas Open;Hard;ATP500;Alejandro Davidovich Fokina;Zachary Svajda;14.0;110.0;1st Round;3;4-6 6-7;2026-02-09
20260210;ABN AMRO World Tennis Tournament;Hard;ATP500;Zizou Bergs;Hamad Medjedovic;39.0;79.0;1st Round;3;6-7 6-7;2026-02-10
20260210;ABN AMRO World Tennis Tournament;Hard;ATP500;Alex de Minaur;Arthur Fils;8.0;42.0;1st Round;3;6-7 2-6;2026-02-10
20260210;ABN AMRO World Tennis Tournament;Hard;ATP500;Quentin Halys;Mees Rottgering;77.0;614.0;1st Round;3;3-6 6-1 6-1;2026-02-10
20260210;ABN AMRO World Tennis Tournament;Hard;ATP500;Jan-Lennard Struff;Hugo Grenier;82.0;188.0;1st Round;3;6-0 6-4;2026-02-10
20260210;Dallas Open;Hard;ATP500;Marin Cilic;Learner Tien;61.0;23.0;1st Round;3;7-5 7-6;2026-02-10
20260210;Dallas Open;Hard;ATP500;Alex Michelsen;Grigor Dimitrov;41.0;43.0;1st Round;3;5-7 6-4 6-4;2026-02-10
20260210;Dallas Open;Hard;ATP500;Ben Shelton;Gabriel Diallo;9.0;38.0;1st Round;3;6-4 6-4;2026-02-10
20260210;Dallas Open;Hard;ATP500;Miomir Kecmanovic;Sho Shimabukuro;66.0;144.0;1st Round;3;7-6 3-6 6-7;2026-02-10
20260210;Dallas Open;Hard;ATP500;Frances Tiafoe;Terence Atmane;30.0;64.0;1st Round;3;4-6 6-2 6-2;2026-02-10
20260210;Dallas Open;Hard;ATP500;Sebastian Korda;Michael Zheng;53.0;151.0;1st Round;3;3-6 4-6;2026-02-10
20260211;Dallas Open;Hard;ATP500;Tommy Paul;Jenson Brooksby;24.0;45.0;1st Round;3;4-6 6-4 7-6;2026-02-11
20260211;Dallas Open;Hard;ATP500;Eliot Spizzirri;James Duckworth;68.0;83.0;1st Round;3;6-2 6-4;2026-02-11
20260211;ABN AMRO World Tennis Tournament;Hard;ATP500;Tallon Griekspoor;Quentin Halys;27.0;77.0;2nd Round;3;7-5 7-6;2026-02-11
20260211;Dallas Open;Hard;ATP500;Adrian Mannarino;Adam Walton;52.0;93.0;1st Round;3;4-6 2-6;2026-02-11
20260211;Dallas Open;Hard;ATP500;Alejandro Davidovich Fokina;Alex Michelsen;14.0;41.0;2nd Round;3;6-4 6-4;2026-02-11
20260211;Dallas Open;Hard;ATP500;Ethan Quinn;Trevor Svajda;74.0;363.0;1st Round;3;6-7 5-7;2026-02-11
20260211;Dallas Open;Hard;ATP500;Aleksandar Kovacevic;Patrick Kypson;78.0;109.0;1st Round;3;6-4 7-6;2026-02-11
20260211;ABN AMRO World Tennis Tournament;Hard;ATP500;Stefanos Tsitsipas;Arthur Rinderknech;32.0;28.0;1st Round;3;5-7 3-6;2026-02-11
20260211;Dallas Open;Hard;ATP500;Taylor Fritz;Marcos Giron;7.0;59.0;1st Round;3;4-6 7-5 6-7;2026-02-11
20260211;Dallas Open;Hard;ATP500;Denis Shapovalov;Rafael Jodar;40.0;124.0;1st Round;3;1-6 2-6;2026-02-11
20260211;ABN AMRO World Tennis Tournament;Hard;ATP500;Karen Khachanov;Jesper de Jong;18.0;86.0;1st Round;3;3-6 6-4 7-5;2026-02-11
20260211;ABN AMRO World Tennis Tournament;Hard;ATP500;Alexander Bublik;Hubert Hurkacz;10.0;70.0;1st Round;3;7-6 6-7 5-7;2026-02-11
20260211;ABN AMRO World Tennis Tournament;Hard;ATP500;Stan Wawrinka;Thijs Boogaard;106.0;1048.0;1st Round;3;3-6 4-6;2026-02-11
20260211;ABN AMRO World Tennis Tournament;Hard;ATP500;Felix Auger-Aliassime;Alexei Popyrin;6.0;50.0;1st Round;3;7-5 6-3;2026-02-11
20260212;Dallas Open;Hard;ATP500;Marin Cilic;Ethan Quinn;61.0;74.0;2nd Round;3;6-7 3-6;2026-02-12
20260212;Dallas Open;Hard;ATP500;Taylor Fritz;Brandon Nakashima;7.0;29.0;2nd Round;3;3-6 4-6;2026-02-12
20260212;Dallas Open;Hard;ATP500;Denis Shapovalov;Aleksandar Kovacevic;40.0;78.0;2nd Round;3;4-6 4-6;2026-02-12
20260212;Dallas Open;Hard;ATP500;Sebastian Korda;Frances Tiafoe;53.0;30.0;2nd Round;3;7-5 6-1;2026-02-12
20260212;ABN AMRO World Tennis Tournament;Hard;ATP500;Felix Auger-Aliassime;Hamad Medjedovic;6.0;79.0;2nd Round;3;4-6 4-6;2026-02-12
20260212;ABN AMRO World Tennis Tournament;Hard;ATP500;Jaume Munar;Karen Khachanov;37.0;18.0;2nd Round;3;7-6 3-6 6-3;2026-02-12
20260212;ABN AMRO World Tennis Tournament;Hard;ATP500;Alex de Minaur;Stan Wawrinka;8.0;106.0;2nd Round;3;6-4 6-2;2026-02-12
20260212;ABN AMRO World Tennis Tournament;Hard;ATP500;Alexander Bublik;Jan-Lennard Struff;10.0;82.0;2nd Round;3;7-6 4-6 6-3;2026-02-12
20260212;ABN AMRO World Tennis Tournament;Hard;ATP500;Botic van de Zandschulp;Stefanos Tsitsipas;65.0;32.0;2nd Round;3;4-6 6-7;2026-02-12
20260213;Dallas Open;Hard;ATP500;Ben Shelton;Adrian Mannarino;9.0;52.0;2nd Round;3;7-6 6-7 6-3;2026-02-13
20260213;Dallas Open;Hard;ATP500;Taylor Fritz;Sebastian Korda;7.0;53.0;Quarterfinals;3;7-6 4-6 6-7;2026-02-13
20260213;Dallas Open;Hard;ATP500;Miomir Kecmanovic;Tommy Paul;66.0;24.0;2nd Round;3;7-5 4-6 4-6;2026-02-13
20260213;ABN AMRO World Tennis Tournament;Hard;ATP500;Alex de Minaur;Botic van de Zandschulp;8.0;65.0;Quarterfinals;3;3-6 7-6 7-5;2026-02-13
20260213;ABN AMRO World Tennis Tournament;Hard;ATP500;Alexander Bublik;Jaume Munar;10.0;37.0;Quarterfinals;3;6-4 6-7 7-6;2026-02-13
20260213;ABN AMRO World Tennis Tournament;Hard;ATP500;Felix Auger-Aliassime;Tallon Griekspoor;6.0;27.0;Quarterfinals;3;6-7 2-6;2026-02-13
20260214;ABN AMRO World Tennis Tournament;Hard;ATP500;Felix Auger-Aliassime;Alexander Bublik;6.0;10.0;Semifinals;3;6-1 6-2;2026-02-14
20260214;ABN AMRO World Tennis Tournament;Hard;ATP500;Alex de Minaur;Ugo Humbert;8.0;36.0;Semifinals;3;4-6 3-6;2026-02-14
20260214;Dallas Open;Hard;ATP500;Denis Shapovalov;Alejandro Davidovich Fokina;40.0;14.0;Quarterfinals;3;7-5 4-6 3-6;2026-02-14
20260214;Dallas Open;Hard;ATP500;Ben Shelton;Miomir Kecmanovic;9.0;66.0;Quarterfinals;3;5-7 6-3 6-4;2026-02-14
20260214;Dallas Open;Hard;ATP500;Taylor Fritz;Marin Cilic;7.0;61.0;Semifinals;3;7-6 7-6;2026-02-14
20260214;Dallas Open;Hard;ATP500;Ben Shelton;Denis Shapovalov;9.0;40.0;Semifinals;3;6-4 4-6 6-7;2026-02-14
20260215;ABN AMRO World Tennis Tournament;Hard;ATP500;Alex de Minaur;Felix Auger-Aliassime;8.0;6.0;The Final;3;3-6 2-6;2026-02-15
20260215;Dallas Open;Hard;ATP500;Ben Shelton;Taylor Fritz;9.0;7.0;The Final;3;3-6 6-3 7-5;2026-02-15
20260216;Qatar Exxon Mobil Open;Hard;ATP500;Arthur Fils;Kamil Majchrzak;40.0;56.0;1st Round;3;7-6 3-6 4-6;2026-02-16
20260216;Qatar Exxon Mobil Open;Hard;ATP500;Daniil Medvedev;Juncheng Shang;11.0;261.0;1st Round;3;4-6 2-6;2026-02-16
20260216;Qatar Exxon Mobil Open;Hard;ATP500;Jakub Mensik;Jan Choinski;16.0;124.0;1st Round;3;6-7 6-2 6-4;2026-02-16
20260216;Qatar Exxon Mobil Open;Hard;ATP500;Valentin Royer;Pierre-Hugues Herbert;60.0;190.0;1st Round;3;0-6 3-6;2026-02-16
20260216;Qatar Exxon Mobil Open;Hard;ATP500;Jannik Sinner;Tomas Machac;2.0;31.0;1st Round;3;6-1 6-4;2026-02-16
20260216;Delray Beach Open;Hard;ATP250;Alex Michelsen;Valentin Vacherot;41.0;26.0;1st Round;3;7-6 6-4;2026-02-16
20260216;Delray Beach Open;Hard;ATP250;Coleman Wong;Nuno Borges;137.0;45.0;1st Round;3;6-7 6-4 3-6;2026-02-16
20260216;Delray Beach Open;Hard;ATP250;Terence Atmane;Patrick Kypson;66.0;105.0;1st Round;3;6-3 2-6 6-4;2026-02-16
20260216;Delray Beach Open;Hard;ATP250;Marcos Giron;Sho Shimabukuro;64.0;135.0;1st Round;3;3-6 5-7;2026-02-16
20260217;Qatar Exxon Mobil Open;Hard;ATP500;Stefanos Tsitsipas;Moez Echargui;33.0;139.0;1st Round;3;6-4 6-4;2026-02-17
20260217;Qatar Exxon Mobil Open;Hard;ATP500;Fabian Marozsan;Ugo Humbert;48.0;36.0;1st Round;3;6-3 6-1;2026-02-17
20260217;Qatar Exxon Mobil Open;Hard;ATP500;Karen Khachanov;Shintaro Mochizuki;17.0;117.0;1st Round;3;6-1 3-6 6-4;2026-02-17
20260217;Qatar Exxon Mobil Open;Hard;ATP500;Marton Fucsovics;Hady Habib;61.0;334.0;1st Round;3;6-3 6-3;2026-02-17
20260217;Qatar Exxon Mobil Open;Hard;ATP500;Andrey Rublev;Jesper de Jong;14.0;86.0;1st Round;3;4-6 3-6;2026-02-17
20260217;Qatar Exxon Mobil Open;Hard;ATP500;Quentin Halys;Pablo Carreno Busta;72.0;123.0;1st Round;3;6-4 5-7 3-6;2026-02-17
20260217;Qatar Exxon Mobil Open;Hard;ATP500;Carlos Alcaraz;Arthur Rinderknech;1.0;30.0;1st Round;3;6-4 7-6;2026-02-17
20260217;Qatar Exxon Mobil Open;Hard;ATP500;Jiri Lehecka;Jenson Brooksby;22.0;47.0;1st Round;3;3-6 3-6;2026-02-17
20260217;Delray Beach Open;Hard;ATP250;Zachary Svajda;Aleksandar Kovacevic;106.0;75.0;1st Round;3;6-7 3-6;2026-02-17
20260217;Delray Beach Open;Hard;ATP250;Sebastian Korda;Mackenzie McDonald;50.0;116.0;1st Round;3;6-4 7-5;2026-02-17
20260217;Delray Beach Open;Hard;ATP250;Miomir Kecmanovic;Mattia Bellucci;83.0;109.0;1st Round;3;6-1 6-4;2026-02-17
20260217;Delray Beach Open;Hard;ATP250;Rafael Jodar;Ethan Quinn;118.0;70.0;1st Round;3;6-2 6-3;2026-02-17
20260217;Delray Beach Open;Hard;ATP250;Adam Walton;Gabriel Diallo;93.0;39.0;1st Round;3;6-7 3-6;2026-02-17
20260217;Delray Beach Open;Hard;ATP250;Brandon Nakashima;Marin Cilic;29.0;43.0;1st Round;3;6-7 6-7;2026-02-17
20260217;Delray Beach Open;Hard;ATP250;Frances Tiafoe;Rinky Hijikata;28.0;113.0;1st Round;3;6-4 6-4;2026-02-17
20260218;Qatar Exxon Mobil Open;Hard;ATP500;Stefanos Tsitsipas;Daniil Medvedev;33.0;11.0;2nd Round;3;3-6 4-6;2026-02-18
20260218;Qatar Exxon Mobil Open;Hard;ATP500;Jannik Sinner;Alexei Popyrin;2.0;53.0;2nd Round;3;6-3 7-5;2026-02-18
20260218;Qatar Exxon Mobil Open;Hard;ATP500;Jakub Mensik;Zhizhen Zhang;16.0;319.0;2nd Round;3;3-6 2-6;2026-02-18
20260218;Qatar Exxon Mobil Open;Hard;ATP500;Andrey Rublev;Fabian Marozsan;14.0;48.0;2nd Round;3;6-2 6-4;2026-02-18
20260218;Qatar Exxon Mobil Open;Hard;ATP500;Carlos Alcaraz;Valentin Royer;1.0;60.0;2nd Round;3;2-6 5-7;2026-02-18
20260218;Qatar Exxon Mobil Open;Hard;ATP500;Jiri Lehecka;Zizou Bergs;22.0;44.0;2nd Round;3;6-2 6-1;2026-02-18
20260218;Delray Beach Open;Hard;ATP250;Flavio Cobolli;Terence Atmane;20.0;66.0;2nd Round;3;7-5 6-4;2026-02-18
20260218;Qatar Exxon Mobil Open;Hard;ATP500;Arthur Fils;Quentin Halys;40.0;72.0;2nd Round;3;1-6 6-7;2026-02-18
20260218;Delray Beach Open;Hard;ATP250;Coleman Wong;Brandon Nakashima;137.0;29.0;2nd Round;3;4-6 6-7;2026-02-18
20260218;Delray Beach Open;Hard;ATP250;Sebastian Korda;Alex Michelsen;50.0;41.0;2nd Round;3;6-3 7-6;2026-02-18
20260218;Delray Beach Open;Hard;ATP250;Tommy Paul;Corentin Moutet;24.0;34.0;1st Round;3;6-4 3-6 4-6;2026-02-18
20260218;Qatar Exxon Mobil Open;Hard;ATP500;Karen Khachanov;Marton Fucsovics;17.0;61.0;2nd Round;3;6-2 4-6 6-4;2026-02-18
20260219;Delray Beach Open;Hard;ATP250;Casper Ruud;Marcos Giron;13.0;64.0;2nd Round;3;6-4 6-7 4-6;2026-02-19
20260219;Delray Beach Open;Hard;ATP250;Tommy Paul;Adam Walton;24.0;93.0;2nd Round;3;7-6 6-3;2026-02-19
20260219;Delray Beach Open;Hard;ATP250;Frances Tiafoe;Zachary Svajda;28.0;106.0;2nd Round;3;4-6 6-3 5-7;2026-02-19
20260219;Delray Beach Open;Hard;ATP250;Learner Tien;Miomir Kecmanovic;23.0;83.0;2nd Round;3;6-4 6-7 7-6;2026-02-19
20260219;Qatar Exxon Mobil Open;Hard;ATP500;Carlos Alcaraz;Karen Khachanov;1.0;17.0;Quarterfinals;3;6-7 6-4 6-3;2026-02-19
20260219;Qatar Exxon Mobil Open;Hard;ATP500;Arthur Fils;Jiri Lehecka;40.0;22.0;Quarterfinals;3;3-6 3-6;2026-02-19
20260219;Qatar Exxon Mobil Open;Hard;ATP500;Andrey Rublev;Stefanos Tsitsipas;14.0;33.0;Quarterfinals;3;6-3 7-6;2026-02-19
20260219;Qatar Exxon Mobil Open;Hard;ATP500;Jakub Mensik;Jannik Sinner;16.0;2.0;Quarterfinals;3;6-7 6-2 3-6;2026-02-19
20260220;Qatar Exxon Mobil Open;Hard;ATP500;Arthur Fils;Jakub Mensik;40.0;16.0;Semifinals;3;4-6 6-7;2026-02-20
20260220;Delray Beach Open;Hard;ATP250;Learner Tien;Frances Tiafoe;23.0;28.0;Quarterfinals;3;7-6 3-6 7-5;2026-02-20
20260220;Qatar Exxon Mobil Open;Hard;ATP500;Carlos Alcaraz;Andrey Rublev;1.0;14.0;Semifinals;3;7-6 6-4;2026-02-20
20260220;Delray Beach Open;Hard;ATP250;Flavio Cobolli;Coleman Wong;20.0;137.0;Quarterfinals;3;7-5 6-7 6-2;2026-02-20
20260220;Delray Beach Open;Hard;ATP250;Sebastian Korda;Casper Ruud;50.0;13.0;Quarterfinals;3;6-4 2-6 2-6;2026-02-20
20260220;Delray Beach Open;Hard;ATP250;Taylor Fritz;Rafael Jodar;8.0;118.0;2nd Round;3;6-7 4-6;2026-02-20
20260221;Delray Beach Open;Hard;ATP250;Tommy Paul;Taylor Fritz;24.0;8.0;Quarterfinals;3;4-6 3-6;2026-02-21
20260221;Delray Beach Open;Hard;ATP250;Sebastian Korda;Flavio Cobolli;50.0;20.0;Semifinals;3;7-6 6-1;2026-02-21
20260221;Qatar Exxon Mobil Open;Hard;ATP500;Carlos Alcaraz;Arthur Fils;1.0;40.0;The Final;3;6-2 6-1;2026-02-21
20260222;Delray Beach Open;Hard;ATP250;Tommy Paul;Learner Tien;24.0;23.0;Semifinals;3;6-4 4-6 3-6;2026-02-22
20260222;Delray Beach Open;Hard;ATP250;Sebastian Korda;Tommy Paul;50.0;24.0;The Final;3;6-4 6-3;2026-02-22
20260223;Dubai Tennis Championships;Hard;ATP500;Stan Wawrinka;Benjamin Hassan;99.0;289.0;1st Round;3;5-7 3-6;2026-02-23
20260223;Dubai Tennis Championships;Hard;ATP500;Jack Draper;Quentin Halys;15.0;68.0;1st Round;3;6-7 3-6;2026-02-23
20260223;Dubai Tennis Championships;Hard;ATP500;Felix Auger-Aliassime;Zhizhen Zhang;8.0;263.0;1st Round;3;6-3 7-6;2026-02-23
20260224;Dubai Tennis Championships;Hard;ATP500;Alexander Bublik;Jan-Lennard Struff;10.0;80.0;1st Round;3;3-6 4-6;2026-02-24
20260224;Dubai Tennis Championships;Hard;ATP500;Karen Khachanov;Aleksandr Shevchenko;16.0;92.0;1st Round;3;7-6 2-6 3-6;2026-02-24
20260224;Dubai Tennis Championships;Hard;ATP500;Pablo Carreno Busta;Denis Shapovalov;124.0;36.0;1st Round;3;2-6 4-6;2026-02-24
20260224;Dubai Tennis Championships;Hard;ATP500;Andrey Rublev;Valentin Royer;18.0;54.0;1st Round;3;3-6 4-6;2026-02-24
20260224;Dubai Tennis Championships;Hard;ATP500;Arthur Rinderknech;Fabian Marozsan;31.0;50.0;1st Round;3;3-6 6-3 6-4;2026-02-24
20260224;Dubai Tennis Championships;Hard;ATP500;Jiri Lehecka;Luca Nardi;24.0;109.0;1st Round;3;6-4 4-6 2-6;2026-02-24
20260224;Dubai Tennis Championships;Hard;ATP500;Jakub Mensik;Hubert Hurkacz;13.0;73.0;1st Round;3;6-4 7-6;2026-02-24
20260224;Dubai Tennis Championships;Hard;ATP500;Daniil Medvedev;Juncheng Shang;11.0;262.0;1st Round;3;6-1 6-3;2026-02-24
20260224;Dubai Tennis Championships;Hard;ATP500;Alexei Popyrin;Kamil Majchrzak;47.0;56.0;1st Round;3;6-3 3-6 5-7;2026-02-24
20260224;Dubai Tennis Championships;Hard;ATP500;Jenson Brooksby;Zizou Bergs;49.0;46.0;1st Round;3;6-3 6-4;2026-02-24
20260224;Dubai Tennis Championships;Hard;ATP500;Tallon Griekspoor;Otto Virtanen;25.0;131.0;1st Round;3;6-3 6-4;2026-02-24
20260224;Abierto Mexicano;Hard;ATP500;Brandon Nakashima;Elias Ymer;29.0;190.0;1st Round;3;3-6 4-6;2026-02-24
20260224;Abierto Mexicano;Hard;ATP500;Valentin Vacherot;Coleman Wong;27.0;125.0;1st Round;3;6-4 3-6 2-6;2026-02-24
20260224;Abierto Mexicano;Hard;ATP500;Miomir Kecmanovic;Tristan Schoolkate;84.0;108.0;1st Round;3;2-6 2-6;2026-02-24
20260224;Abierto Mexicano;Hard;ATP500;Rafael Jodar;Cameron Norrie;114.0;26.0;1st Round;3;3-6 2-6;2026-02-24
20260224;Abierto Mexicano;Hard;ATP500;Patrick Kypson;Alex de Minaur;103.0;6.0;1st Round;3;6-1 6-7 7-6;2026-02-24
20260224;Abierto Mexicano;Hard;ATP500;Aleksandar Kovacevic;Adam Walton;75.0;87.0;1st Round;3;7-6 7-6;2026-02-24
20260224;Abierto Mexicano;Hard;ATP500;Alejandro Davidovich Fokina;Daniel Altmaier;14.0;53.0;1st Round;3;7-5 6-3;2026-02-24
20260224;Dubai Tennis Championships;Hard;ATP500;Ugo Humbert;Stefanos Tsitsipas;37.0;30.0;1st Round;3;6-4 7-5;2026-02-24
20260225;Dubai Tennis Championships;Hard;ATP500;Jiri Lehecka;Pablo Carreno Busta;24.0;124.0;2nd Round;3;6-7 4-6;2026-02-25
20260225;Dubai Tennis Championships;Hard;ATP500;Daniil Medvedev;Stan Wawrinka;11.0;99.0;2nd Round;3;6-2 6-3;2026-02-25
20260225;Dubai Tennis Championships;Hard;ATP500;Jenson Brooksby;Karen Khachanov;49.0;16.0;2nd Round;3;6-7 4-6;2026-02-25
20260225;Dubai Tennis Championships;Hard;ATP500;Andrey Rublev;Ugo Humbert;18.0;37.0;2nd Round;3;4-6 7-6 3-6;2026-02-25
20260225;Dubai Tennis Championships;Hard;ATP500;Tallon Griekspoor;Alexander Bublik;25.0;10.0;2nd Round;3;6-3 7-6;2026-02-25
20260225;Dubai Tennis Championships;Hard;ATP500;Jakub Mensik;Alexei Popyrin;13.0;47.0;2nd Round;3;6-3 6-2;2026-02-25
20260225;Abierto Mexicano;Hard;ATP500;Alexander Zverev;Corentin Moutet;4.0;35.0;1st Round;3;6-2 6-4;2026-02-25
20260225;Dubai Tennis Championships;Hard;ATP500;Arthur Rinderknech;Jack Draper;31.0;15.0;2nd Round;3;5-7 7-6 4-6;2026-02-25
20260225;Abierto Mexicano;Hard;ATP500;Dalibor Svrcina;James Duckworth;123.0;83.0;1st Round;3;6-4 6-1;2026-02-25
20260225;Abierto Mexicano;Hard;ATP500;Sho Shimabukuro;Adrian Mannarino;130.0;51.0;1st Round;3;6-3 6-4;2026-02-25
20260225;Abierto Mexicano;Hard;ATP500;Mattia Bellucci;Rinky Hijikata;110.0;115.0;1st Round;3;6-7 3-6;2026-02-25
20260225;Abierto Mexicano;Hard;ATP500;Gael Monfils;Damir Dzumhur;170.0;60.0;1st Round;3;4-6 6-7;2026-02-25
20260225;Abierto Mexicano;Hard;ATP500;Frances Tiafoe;Nuno Borges;28.0;48.0;1st Round;3;4-6 4-6;2026-02-25
20260225;Abierto Mexicano;Hard;ATP500;Terence Atmane;Grigor Dimitrov;63.0;44.0;1st Round;3;6-3 6-3;2026-02-25
20260225;Abierto Mexicano;Hard;ATP500;Yibing Wu;Casper Ruud;142.0;12.0;1st Round;3;7-6 7-6;2026-02-25
20260226;Dubai Tennis Championships;Hard;ATP500;Andrey Rublev;Arthur Rinderknech;18.0;31.0;Quarterfinals;3;6-2 6-4;2026-02-26
20260226;Dubai Tennis Championships;Hard;ATP500;Tallon Griekspoor;Jakub Mensik;25.0;13.0;Quarterfinals;3;3-6 6-3 2-6;2026-02-26
20260226;Dubai Tennis Championships;Hard;ATP500;Daniil Medvedev;Jenson Brooksby;11.0;49.0;Quarterfinals;3;6-2 6-1;2026-02-26
20260226;Dubai Tennis Championships;Hard;ATP500;Felix Auger-Aliassime;Jiri Lehecka;8.0;24.0;Quarterfinals;3;3-6 6-7;2026-02-26
20260226;Abierto Mexicano;Hard;ATP500;Miomir Kecmanovic;Alexander Zverev;84.0;4.0;2nd Round;3;3-6 7-6 6-7;2026-02-26
20260226;Abierto Mexicano;Hard;ATP500;Valentin Vacherot;Gael Monfils;27.0;170.0;2nd Round;3;6-3 6-3;2026-02-26
20260226;Abierto Mexicano;Hard;ATP500;Yibing Wu;Sho Shimabukuro;142.0;130.0;2nd Round;3;3-6 6-7;2026-02-26
20260226;Abierto Mexicano;Hard;ATP500;Flavio Cobolli;Dalibor Svrcina;20.0;123.0;2nd Round;3;4-6 4-6;2026-02-26
20260226;Abierto Mexicano;Hard;ATP500;Brandon Nakashima;Patrick Kypson;29.0;103.0;2nd Round;3;6-4 6-4;2026-02-26
20260226;Abierto Mexicano;Hard;ATP500;Mattia Bellucci;Alejandro Davidovich Fokina;110.0;14.0;2nd Round;3;3-6 3-6;2026-02-26
20260226;Abierto Mexicano;Hard;ATP500;Terence Atmane;Rafael Jodar;63.0;114.0;2nd Round;3;6-2 4-6 6-1;2026-02-26
20260226;Abierto Mexicano;Hard;ATP500;Frances Tiafoe;Aleksandar Kovacevic;28.0;75.0;2nd Round;3;6-4 3-6 7-6;2026-02-26
20260227;Dubai Tennis Championships;Hard;ATP500;Tallon Griekspoor;Andrey Rublev;25.0;18.0;Semifinals;3;5-7 6-7;2026-02-27
20260227;Dubai Tennis Championships;Hard;ATP500;Daniil Medvedev;Felix Auger-Aliassime;11.0;8.0;Semifinals;3;6-4 6-2;2026-02-27
20260227;Abierto Mexicano;Hard;ATP500;Flavio Cobolli;Yibing Wu;20.0;142.0;Quarterfinals;3;6-7 1-6;2026-02-27
20260227;Abierto Mexicano;Hard;ATP500;Miomir Kecmanovic;Terence Atmane;84.0;63.0;Quarterfinals;3;6-3 6-3;2026-02-27
20260227;Abierto Mexicano;Hard;ATP500;Frances Tiafoe;Mattia Bellucci;28.0;110.0;Quarterfinals;3;3-6 4-6;2026-02-27
20260227;Abierto Mexicano;Hard;ATP500;Brandon Nakashima;Valentin Vacherot;29.0;27.0;Quarterfinals;3;2-6 6-2 6-3;2026-02-27
20260228;Abierto Mexicano;Hard;ATP500;Flavio Cobolli;Miomir Kecmanovic;20.0;84.0;Semifinals;3;6-7 6-3 4-6;2026-02-28
20260228;Abierto Mexicano;Hard;ATP500;Frances Tiafoe;Brandon Nakashima;28.0;29.0;Semifinals;3;3-6 7-6 6-4;2026-02-28
20260301;Abierto Mexicano;Hard;ATP500;Flavio Cobolli;Frances Tiafoe;20.0;28.0;The Final;3;6-7 4-6;2026-03-01
20260304;BNP Paribas Open;Hard;Masters 1000;Reilly Opelka;Ethan Quinn;68.0;73.0;1st Round;3;5-7 6-7;2026-03-04
20260304;BNP Paribas Open;Hard;Masters 1000;Matteo Berrettini;Adrian Mannarino;66.0;48.0;1st Round;3;6-4 5-7 5-7;2026-03-04
20260304;BNP Paribas Open;Hard;Masters 1000;Adam Walton;Quentin Halys;91.0;102.0;1st Round;3;3-6 3-6;2026-03-04
20260304;BNP Paribas Open;Hard;Masters 1000;Marcos Giron;Mariano Navone;69.0;79.0;1st Round;3;4-6 7-5 6-3;2026-03-04
20260304;BNP Paribas Open;Hard;Masters 1000;Gabriel Diallo;Mattia Bellucci;38.0;94.0;1st Round;3;7-6 6-4;2026-03-04
20260304;BNP Paribas Open;Hard;Masters 1000;Camilo Ugo Carabelli;Martin Damm;67.0;129.0;1st Round;3;6-7 3-6;2026-03-04
20260304;BNP Paribas Open;Hard;Masters 1000;Zizou Bergs;Jan-Lennard Struff;47.0;313.0;1st Round;3;6-3 6-4;2026-03-04
20260304;BNP Paribas Open;Hard;Masters 1000;Dalibor Svrcina;James Duckworth;109.0;83.0;1st Round;3;2-6 4-6;2026-03-04
20260305;BNP Paribas Open;Hard;Masters 1000;Gael Monfils;Alexis Galarneau;148.0;219.0;1st Round;3;6-3 6-4;2026-03-05
20260305;BNP Paribas Open;Hard;Masters 1000;Sebastian Baez;Chun-Hsin Tseng;53.0;144.0;1st Round;3;3-6 2-6;2026-03-05
20260305;BNP Paribas Open;Hard;Masters 1000;Aleksandr Shevchenko;Sho Shimabukuro;88.0;113.0;1st Round;3;6-4 3-6 6-2;2026-03-05
20260305;BNP Paribas Open;Hard;Masters 1000;Dino Prizmic;Tristan Schoolkate;119.0;118.0;1st Round;3;7-6 3-6 7-5;2026-03-05
20260305;BNP Paribas Open;Hard;Masters 1000;Denis Shapovalov;Stefanos Tsitsipas;39.0;43.0;1st Round;3;2-6 6-3 4-6;2026-03-05
20260305;BNP Paribas Open;Hard;Masters 1000;Roberto Bautista Agut;Fabian Marozsan;93.0;46.0;1st Round;3;4-6 7-6 4-6;2026-03-05
20260305;BNP Paribas Open;Hard;Masters 1000;Jenson Brooksby;Alexei Popyrin;41.0;45.0;1st Round;3;3-6 4-6;2026-03-05
20260305;BNP Paribas Open;Hard;Masters 1000;Joao Fonseca;Raphael Collignon;35.0;77.0;1st Round;3;7-6 6-4;2026-03-05
20260305;BNP Paribas Open;Hard;Masters 1000;Jacob Fearnley;Damir Dzumhur;87.0;64.0;1st Round;3;6-3 6-3;2026-03-05
20260305;BNP Paribas Open;Hard;Masters 1000;Grigor Dimitrov;Terence Atmane;42.0;52.0;1st Round;3;6-4 5-7 6-4;2026-03-05
20260305;BNP Paribas Open;Hard;Masters 1000;Zachary Svajda;Marin Cilic;99.0;51.0;1st Round;3;6-7 4-6;2026-03-05
20260305;BNP Paribas Open;Hard;Masters 1000;Benjamin Bonzi;Valentin Royer;111.0;60.0;1st Round;3;6-4 6-3;2026-03-05
20260305;BNP Paribas Open;Hard;Masters 1000;Aleksandar Kovacevic;Hubert Hurkacz;72.0;71.0;1st Round;3;6-7 6-7;2026-03-05
20260306;BNP Paribas Open;Hard;Masters 1000;Learner Tien;Adam Walton;27.0;91.0;2nd Round;3;6-7 6-7;2026-03-06
20260306;BNP Paribas Open;Hard;Masters 1000;Brandon Nakashima;Camilo Ugo Carabelli;30.0;67.0;2nd Round;3;3-6 4-6;2026-03-06
20260306;BNP Paribas Open;Hard;Masters 1000;Ben Shelton;Reilly Opelka;8.0;68.0;2nd Round;3;7-6 6-7 3-6;2026-03-06
20260306;BNP Paribas Open;Hard;Masters 1000;Marton Fucsovics;Lorenzo Musetti;56.0;5.0;2nd Round;3;7-5 6-1;2026-03-06
20260306;BNP Paribas Open;Hard;Masters 1000;Flavio Cobolli;Miomir Kecmanovic;15.0;58.0;2nd Round;3;3-6 6-3 6-4;2026-03-06
20260306;BNP Paribas Open;Hard;Masters 1000;Frances Tiafoe;Jenson Brooksby;22.0;41.0;2nd Round;3;4-6 2-6;2026-03-06
20260306;BNP Paribas Open;Hard;Masters 1000;Felix Auger-Aliassime;Gael Monfils;9.0;148.0;2nd Round;3;6-7 6-3 6-4;2026-03-06
20260306;BNP Paribas Open;Hard;Masters 1000;Alexander Zverev;Matteo Berrettini;4.0;66.0;2nd Round;3;6-3 6-4;2026-03-06
20260306;BNP Paribas Open;Hard;Masters 1000;Juan Manuel Cerundolo;Botic van de Zandschulp;70.0;59.0;1st Round;3;6-7 7-6 3-6;2026-03-06
20260306;BNP Paribas Open;Hard;Masters 1000;Alejandro Tabilo;Rafael Jodar;40.0;103.0;1st Round;3;6-1 6-2;2026-03-06
20260306;BNP Paribas Open;Hard;Masters 1000;Nuno Borges;Emilio Nava;49.0;75.0;1st Round;3;6-7 5-7;2026-03-06
20260306;BNP Paribas Open;Hard;Masters 1000;Mackenzie McDonald;Matteo Arnaldi;126.0;85.0;1st Round;3;6-0 6-1;2026-03-06
20260306;BNP Paribas Open;Hard;Masters 1000;Rinky Hijikata;Francesco Maestrelli;117.0;114.0;1st Round;3;7-6 6-4;2026-03-06
20260306;BNP Paribas Open;Hard;Masters 1000;Sebastian Korda;Francisco Comesana;37.0;82.0;1st Round;3;5-7 0-6;2026-03-06
20260306;BNP Paribas Open;Hard;Masters 1000;Vit Kopriva;Michael Zheng;62.0;145.0;1st Round;3;6-7 5-7;2026-03-06
20260307;BNP Paribas Open;Hard;Masters 1000;Valentin Vacherot;Nuno Borges;26.0;49.0;2nd Round;3;7-5 7-5;2026-03-07
20260307;BNP Paribas Open;Hard;Masters 1000;Jannik Sinner;Dalibor Svrcina;2.0;109.0;2nd Round;3;1-6 1-6;2026-03-07
20260307;BNP Paribas Open;Hard;Masters 1000;Casper Ruud;Aleksandr Shevchenko;13.0;88.0;2nd Round;3;1-6 6-7;2026-03-07
20260307;BNP Paribas Open;Hard;Masters 1000;Denis Shapovalov;Tomas Martin Etcheverry;39.0;31.0;2nd Round;3;6-3 2-6 7-6;2026-03-07
20260307;BNP Paribas Open;Hard;Masters 1000;Aleksandar Kovacevic;Corentin Moutet;72.0;33.0;2nd Round;3;1-6 4-6;2026-03-07
20260307;BNP Paribas Open;Hard;Masters 1000;Jakub Mensik;Marcos Giron;12.0;69.0;2nd Round;3;7-5 7-6;2026-03-07
20260307;BNP Paribas Open;Hard;Masters 1000;Novak Djokovic;Kamil Majchrzak;3.0;57.0;2nd Round;3;6-4 1-6 2-6;2026-03-07
20260307;BNP Paribas Open;Hard;Masters 1000;Joao Fonseca;Karen Khachanov;35.0;16.0;2nd Round;3;6-4 6-7 4-6;2026-03-07
20260307;BNP Paribas Open;Hard;Masters 1000;Rinky Hijikata;Luciano Darderi;117.0;21.0;2nd Round;3;4-6 6-2 6-4;2026-03-07
20260307;BNP Paribas Open;Hard;Masters 1000;Jack Draper;Roberto Bautista Agut;14.0;93.0;2nd Round;3;3-6 6-3 6-2;2026-03-07
20260307;BNP Paribas Open;Hard;Masters 1000;Gabriel Diallo;Andrey Rublev;38.0;17.0;2nd Round;3;6-7 7-6 6-3;2026-03-07
20260307;BNP Paribas Open;Hard;Masters 1000;Alejandro Davidovich Fokina;Zachary Svajda;19.0;99.0;2nd Round;3;7-6 6-2;2026-03-07
20260307;BNP Paribas Open;Hard;Masters 1000;Francisco Cerundolo;Benjamin Bonzi;20.0;111.0;2nd Round;3;6-4 5-7 7-6;2026-03-07
20260307;BNP Paribas Open;Hard;Masters 1000;Tommy Paul;Zizou Bergs;24.0;47.0;2nd Round;3;1-6 2-6;2026-03-07
20260307;BNP Paribas Open;Hard;Masters 1000;Alex de Minaur;Sebastian Korda;6.0;37.0;2nd Round;3;6-4 4-6 4-6;2026-03-07
20260308;BNP Paribas Open;Hard;Masters 1000;Alejandro Davidovich Fokina;Jakub Mensik;19.0;12.0;3rd Round;3;6-2 4-6 6-2;2026-03-08
20260308;BNP Paribas Open;Hard;Masters 1000;Alexander Zverev;Brandon Nakashima;4.0;30.0;3rd Round;3;7-6 5-7 6-4;2026-03-08
20260308;BNP Paribas Open;Hard;Masters 1000;Learner Tien;Ben Shelton;27.0;8.0;3rd Round;3;6-7 6-4 3-6;2026-03-08
20260308;BNP Paribas Open;Hard;Masters 1000;Jannik Sinner;Denis Shapovalov;2.0;39.0;3rd Round;3;3-6 2-6;2026-03-08
20260308;BNP Paribas Open;Hard;Masters 1000;Arthur Fils;Marton Fucsovics;32.0;56.0;3rd Round;3;6-3 7-5;2026-03-08
20260308;BNP Paribas Open;Hard;Masters 1000;Daniil Medvedev;Alejandro Tabilo;11.0;40.0;2nd Round;3;4-6 2-6;2026-03-08
20260308;BNP Paribas Open;Hard;Masters 1000;Alex Michelsen;Ugo Humbert;44.0;34.0;2nd Round;3;7-5 6-7 7-6;2026-03-08
20260308;BNP Paribas Open;Hard;Masters 1000;Cameron Norrie;Mackenzie McDonald;29.0;126.0;2nd Round;3;2-6 3-6;2026-03-08
20260308;BNP Paribas Open;Hard;Masters 1000;Alexander Bublik;Vit Kopriva;10.0;62.0;2nd Round;3;6-3 6-7 2-6;2026-03-08
20260308;BNP Paribas Open;Hard;Masters 1000;Taylor Fritz;Jacob Fearnley;7.0;87.0;2nd Round;3;3-6 7-6 1-6;2026-03-08
20260308;BNP Paribas Open;Hard;Masters 1000;Sebastian Baez;Jiri Lehecka;53.0;23.0;2nd Round;3;6-4 6-1;2026-03-08
20260308;BNP Paribas Open;Hard;Masters 1000;Carlos Alcaraz;Grigor Dimitrov;1.0;42.0;2nd Round;3;6-2 6-3;2026-03-08
20260309;BNP Paribas Open;Hard;Masters 1000;Casper Ruud;Valentin Vacherot;13.0;26.0;3rd Round;3;6-3 3-6 4-6;2026-03-09
20260309;BNP Paribas Open;Hard;Masters 1000;Joao Fonseca;Tommy Paul;35.0;24.0;3rd Round;3;2-6 3-6;2026-03-09
20260309;BNP Paribas Open;Hard;Masters 1000;Alex Michelsen;Taylor Fritz;44.0;7.0;3rd Round;3;6-4 7-6;2026-03-09
20260309;BNP Paribas Open;Hard;Masters 1000;Novak Djokovic;Aleksandar Kovacevic;3.0;72.0;3rd Round;3;6-4 1-6 6-4;2026-03-09
20260309;BNP Paribas Open;Hard;Masters 1000;Rinky Hijikata;Alexander Bublik;117.0;10.0;3rd Round;3;6-7 7-6 6-3;2026-03-09
20260309;BNP Paribas Open;Hard;Masters 1000;Frances Tiafoe;Flavio Cobolli;22.0;15.0;3rd Round;3;1-6 2-6;2026-03-09
20260309;BNP Paribas Open;Hard;Masters 1000;Jack Draper;Francisco Cerundolo;14.0;20.0;3rd Round;3;1-6 5-7;2026-03-09
20260309;BNP Paribas Open;Hard;Masters 1000;Felix Auger-Aliassime;Gabriel Diallo;9.0;38.0;3rd Round;3;6-7 6-3 6-3;2026-03-09
20260309;BNP Paribas Open;Hard;Masters 1000;Cameron Norrie;Alex de Minaur;29.0;6.0;3rd Round;3;4-6 4-6;2026-03-09
20260310;BNP Paribas Open;Hard;Masters 1000;Carlos Alcaraz;Arthur Rinderknech;1.0;28.0;3rd Round;3;6-7 6-3 6-2;2026-03-10
20260310;BNP Paribas Open;Hard;Masters 1000;Daniil Medvedev;Sebastian Baez;11.0;53.0;3rd Round;3;4-6 0-6;2026-03-10
20260310;BNP Paribas Open;Hard;Masters 1000;Arthur Fils;Felix Auger-Aliassime;32.0;9.0;4th Round;3;6-3 7-6;2026-03-10
20260310;BNP Paribas Open;Hard;Masters 1000;Alexander Zverev;Frances Tiafoe;4.0;22.0;4th Round;3;3-6 4-6;2026-03-10
20260310;BNP Paribas Open;Hard;Masters 1000;Learner Tien;Alejandro Davidovich Fokina;27.0;19.0;4th Round;3;4-6 6-1 7-6;2026-03-10
20260311;BNP Paribas Open;Hard;Masters 1000;Cameron Norrie;Rinky Hijikata;29.0;117.0;4th Round;3;6-4 6-2;2026-03-11
20260311;BNP Paribas Open;Hard;Masters 1000;Daniil Medvedev;Alex Michelsen;11.0;44.0;4th Round;3;2-6 4-6;2026-03-11
20260311;BNP Paribas Open;Hard;Masters 1000;Jannik Sinner;Joao Fonseca;2.0;35.0;4th Round;3;6-7 6-7;2026-03-11
20260311;BNP Paribas Open;Hard;Masters 1000;Carlos Alcaraz;Casper Ruud;1.0;13.0;4th Round;3;6-1 7-6;2026-03-11
20260312;BNP Paribas Open;Hard;Masters 1000;Jack Draper;Novak Djokovic;14.0;3.0;4th Round;3;6-4 4-6 6-7;2026-03-12
20260312;BNP Paribas Open;Hard;Masters 1000;Jannik Sinner;Learner Tien;2.0;27.0;Quarterfinals;3;1-6 2-6;2026-03-12
20260312;BNP Paribas Open;Hard;Masters 1000;Alexander Zverev;Arthur Fils;4.0;32.0;Quarterfinals;3;6-2 6-3;2026-03-12
20260313;BNP Paribas Open;Hard;Masters 1000;Daniil Medvedev;Jack Draper;11.0;14.0;Quarterfinals;3;6-1 7-5;2026-03-13
20260313;BNP Paribas Open;Hard;Masters 1000;Carlos Alcaraz;Cameron Norrie;1.0;29.0;Quarterfinals;3;3-6 4-6;2026-03-13
20260314;BNP Paribas Open;Hard;Masters 1000;Daniil Medvedev;Carlos Alcaraz;11.0;1.0;Semifinals;3;3-6 6-7;2026-03-14
20260314;BNP Paribas Open;Hard;Masters 1000;Jannik Sinner;Alexander Zverev;2.0;4.0;Semifinals;3;6-2 6-4;2026-03-14
20260315;BNP Paribas Open;Hard;Masters 1000;Jannik Sinner;Daniil Medvedev;2.0;11.0;The Final;3;7-6 7-6;2026-03-15
20260319;Miami Open;Hard;Masters 1000;Kamil Majchrzak;Miomir Kecmanovic;57.0;58.0;1st Round;3;4-6 6-3 6-1;2026-03-19
20260319;Miami Open;Hard;Masters 1000;Adrian Mannarino;Zhizhen Zhang;43.0;270.0;1st Round;3;6-3 6-2;2026-03-19
20260319;Miami Open;Hard;Masters 1000;Stefanos Tsitsipas;Arthur Fery;51.0;174.0;1st Round;3;6-1 7-6;2026-03-19
20260319;Miami Open;Hard;Masters 1000;Joao Fonseca;Fabian Marozsan;39.0;46.0;1st Round;3;4-6 6-3 2-6;2026-03-19
20260319;Miami Open;Hard;Masters 1000;Darwin Blanch;Jan-Lennard Struff;272.0;316.0;1st Round;3;3-6 6-3 3-6;2026-03-19
20260319;Miami Open;Hard;Masters 1000;Ethan Quinn;Hubert Hurkacz;56.0;75.0;1st Round;3;6-2 6-4;2026-03-19
20260319;Miami Open;Hard;Masters 1000;Botic van de Zandschulp;Denis Shapovalov;65.0;38.0;1st Round;3;5-7 3-6;2026-03-19
20260319;Miami Open;Hard;Masters 1000;Moise Kouame;Zachary Svajda;385.0;96.0;1st Round;3;5-7 6-4 6-4;2026-03-19
20260319;Miami Open;Hard;Masters 1000;Tomas Machac;Emilio Nava;48.0;74.0;1st Round;3;6-2 4-6 1-6;2026-03-19
20260319;Miami Open;Hard;Masters 1000;Rafael Jodar;Yannick Hanfmann;109.0;64.0;1st Round;3;4-6 6-4 1-6;2026-03-19
20260319;Miami Open;Hard;Masters 1000;Marin Cilic;Alexei Popyrin;49.0;47.0;1st Round;3;6-4 6-4;2026-03-19
20260319;Miami Open;Hard;Masters 1000;Martin Landaluce;Marcos Giron;151.0;70.0;1st Round;3;3-6 6-7;2026-03-19
20260319;Miami Open;Hard;Masters 1000;Damir Dzumhur;Ignacio Buse;76.0;63.0;1st Round;3;6-7 7-6 6-1;2026-03-19
20260319;Miami Open;Hard;Masters 1000;Raphael Collignon;Grigor Dimitrov;72.0;44.0;1st Round;3;6-7 6-4 6-7;2026-03-19
20260319;Miami Open;Hard;Masters 1000;Alejandro Tabilo;Francisco Comesana;41.0;82.0;1st Round;3;4-6 2-6;2026-03-19
20260319;Miami Open;Hard;Masters 1000;Zizou Bergs;Jenson Brooksby;45.0;42.0;1st Round;3;5-7 2-6;2026-03-19
20260319;Miami Open;Hard;Masters 1000;Reilly Opelka;Nuno Borges;67.0;50.0;1st Round;3;7-6 2-6 6-7;2026-03-19
20260319;Miami Open;Hard;Masters 1000;Matteo Berrettini;Alexandre Muller;68.0;90.0;1st Round;3;6-4 6-2;2026-03-19
20260319;Miami Open;Hard;Masters 1000;Roberto Bautista Agut;James Duckworth;89.0;80.0;1st Round;3;7-6 7-6;2026-03-19
20260319;Miami Open;Hard;Masters 1000;Mariano Navone;Nikoloz Basilashvili;61.0;134.0;1st Round;3;6-7 3-6;2026-03-19
20260319;Miami Open;Hard;Masters 1000;Quentin Halys;Liam Draxl;111.0;147.0;1st Round;3;6-7 6-1 6-1;2026-03-19
20260320;Miami Open;Hard;Masters 1000;Ethan Quinn;Casper Ruud;56.0;12.0;2nd Round;3;6-4 7-6;2026-03-20
20260320;Miami Open;Hard;Masters 1000;Reilly Opelka;Jack Draper;67.0;26.0;2nd Round;3;7-6 7-6;2026-03-20
20260320;Miami Open;Hard;Masters 1000;Tommy Paul;Adrian Mannarino;23.0;43.0;2nd Round;3;2-6 6-2 4-6;2026-03-20
20260320;Miami Open;Hard;Masters 1000;Taylor Fritz;Botic van de Zandschulp;7.0;65.0;2nd Round;3;6-3 6-7 6-3;2026-03-20
20260320;Miami Open;Hard;Masters 1000;Arthur Fils;Darwin Blanch;31.0;272.0;2nd Round;3;6-2 6-3;2026-03-20
20260320;Miami Open;Hard;Masters 1000;Matteo Berrettini;Alexander Bublik;68.0;11.0;2nd Round;3;4-6 4-6;2026-03-20
20260320;Miami Open;Hard;Masters 1000;Karen Khachanov;Roberto Bautista Agut;15.0;89.0;2nd Round;3;3-6 3-6;2026-03-20
20260320;Miami Open;Hard;Masters 1000;Gabriel Diallo;Yibing Wu;37.0;118.0;1st Round;3;2-6 6-7;2026-03-20
20260320;Miami Open;Hard;Masters 1000;Adam Walton;Sebastian Baez;85.0;52.0;1st Round;3;6-2 6-2;2026-03-20
20260320;Miami Open;Hard;Masters 1000;Aleksandr Shevchenko;Matteo Arnaldi;84.0;101.0;1st Round;3;7-6 6-7 6-2;2026-03-20
20260320;Miami Open;Hard;Masters 1000;Rei Sakamoto;Aleksandar Kovacevic;164.0;92.0;1st Round;3;6-4 3-6 7-6;2026-03-20
20260320;Miami Open;Hard;Masters 1000;Alex Michelsen;Mattia Bellucci;40.0;77.0;1st Round;3;2-6 1-6;2026-03-20
20260320;Miami Open;Hard;Masters 1000;Terence Atmane;Daniel Altmaier;53.0;55.0;1st Round;3;4-6 2-6;2026-03-20
20260321;Miami Open;Hard;Masters 1000;Rafael Jodar;Aleksandar Vukic;109.0;93.0;2nd Round;3;1-6 2-6;2026-03-21
20260321;Miami Open;Hard;Masters 1000;Sebastian Korda;Camilo Ugo Carabelli;36.0;66.0;2nd Round;3;0-6 3-6;2026-03-21
20260321;Miami Open;Hard;Masters 1000;Stefanos Tsitsipas;Alex de Minaur;51.0;6.0;2nd Round;3;6-3 7-6;2026-03-21
20260321;Miami Open;Hard;Masters 1000;Alejandro Tabilo;Andrey Rublev;41.0;16.0;2nd Round;3;6-7 6-2 6-4;2026-03-21
20260321;Miami Open;Hard;Masters 1000;Aleksandr Shevchenko;Ben Shelton;84.0;9.0;2nd Round;3;6-7 7-6 6-3;2026-03-21
20260321;Miami Open;Hard;Masters 1000;Alex Michelsen;Cameron Norrie;40.0;24.0;2nd Round;3;5-7 7-6 4-6;2026-03-21
20260321;Miami Open;Hard;Masters 1000;Jakub Mensik;Adam Walton;13.0;85.0;2nd Round;3;6-3 2-6 4-6;2026-03-21
20260321;Miami Open;Hard;Masters 1000;Daniil Medvedev;Rei Sakamoto;10.0;164.0;2nd Round;3;6-7 6-3 6-1;2026-03-21
20260321;Miami Open;Hard;Masters 1000;Kamil Majchrzak;Learner Tien;57.0;21.0;2nd Round;3;6-2 4-6 6-2;2026-03-21
20260321;Miami Open;Hard;Masters 1000;Corentin Moutet;Tomas Machac;33.0;48.0;2nd Round;3;0-6 6-1 4-6;2026-03-21
20260321;Miami Open;Hard;Masters 1000;Valentin Vacherot;Mariano Navone;25.0;61.0;2nd Round;3;3-6 4-6;2026-03-21
20260321;Miami Open;Hard;Masters 1000;Jiri Lehecka;Moise Kouame;22.0;385.0;2nd Round;3;2-6 5-7;2026-03-21
20260321;Miami Open;Hard;Masters 1000;Quentin Halys;Alejandro Davidovich Fokina;111.0;17.0;2nd Round;3;7-6 6-4;2026-03-21
20260321;Miami Open;Hard;Masters 1000;Jannik Sinner;Damir Dzumhur;2.0;76.0;2nd Round;3;3-6 3-6;2026-03-21
20260321;Miami Open;Hard;Masters 1000;Ugo Humbert;Gabriel Diallo;34.0;37.0;2nd Round;3;1-6 4-6;2026-03-21
20260321;Miami Open;Hard;Masters 1000;Raphael Collignon;Flavio Cobolli;72.0;14.0;2nd Round;3;5-7 3-6;2026-03-21
20260321;Miami Open;Hard;Masters 1000;Frances Tiafoe;Arthur Cazaux;20.0;73.0;2nd Round;3;6-7 1-6;2026-03-21
20260321;Miami Open;Hard;Masters 1000;Tomas Martin Etcheverry;Zizou Bergs;32.0;45.0;2nd Round;3;6-7 6-7;2026-03-21
20260321;Miami Open;Hard;Masters 1000;Felix Auger-Aliassime;Marton Fucsovics;8.0;54.0;2nd Round;3;7-6 7-5;2026-03-21
20260321;Miami Open;Hard;Masters 1000;Terence Atmane;Arthur Rinderknech;53.0;27.0;2nd Round;3;7-6 6-3;2026-03-21
20260321;Miami Open;Hard;Masters 1000;Carlos Alcaraz;Joao Fonseca;1.0;39.0;2nd Round;3;6-4 6-4;2026-03-21
20260321;Miami Open;Hard;Masters 1000;Martin Landaluce;Luciano Darderi;151.0;18.0;2nd Round;3;6-3 6-7 6-4;2026-03-21
20260322;Miami Open;Hard;Masters 1000;Tommy Paul;Raphael Collignon;23.0;72.0;3rd Round;3;6-2 3-6 7-6;2026-03-22
20260322;Miami Open;Hard;Masters 1000;Taylor Fritz;Reilly Opelka;7.0;67.0;3rd Round;3;3-6 4-6;2026-03-22
20260322;Miami Open;Hard;Masters 1000;Jiri Lehecka;Ethan Quinn;22.0;56.0;3rd Round;3;6-3 7-6;2026-03-22
20260322;Miami Open;Hard;Masters 1000;Martin Landaluce;Karen Khachanov;151.0;15.0;3rd Round;3;3-6 6-7;2026-03-22
20260322;Miami Open;Hard;Masters 1000;Marin Cilic;Brandon Nakashima;49.0;30.0;2nd Round;3;2-6 6-4 7-6;2026-03-22
20260322;Miami Open;Hard;Masters 1000;Sebastian Korda;Carlos Alcaraz;36.0;1.0;3rd Round;3;3-6 7-5 4-6;2026-03-22
20260322;Miami Open;Hard;Masters 1000;Alexander Zverev;Martin Damm;4.0;133.0;2nd Round;3;2-6 4-6;2026-03-22
20260322;Miami Open;Hard;Masters 1000;Tomas Martin Etcheverry;Rafael Jodar;32.0;109.0;3rd Round;3;7-5 6-4;2026-03-22
20260323;Miami Open;Hard;Masters 1000;Alex Michelsen;Alejandro Tabilo;40.0;41.0;3rd Round;3;3-6 6-3 6-4;2026-03-23
20260323;Miami Open;Hard;Masters 1000;Arthur Fils;Stefanos Tsitsipas;31.0;51.0;3rd Round;3;0-6 1-6;2026-03-23
20260323;Miami Open;Hard;Masters 1000;Valentin Vacherot;Matteo Berrettini;25.0;68.0;3rd Round;3;7-6 6-4;2026-03-23
20260323;Miami Open;Hard;Masters 1000;Jannik Sinner;Corentin Moutet;2.0;33.0;3rd Round;3;1-6 4-6;2026-03-23
20260323;Miami Open;Hard;Masters 1000;Frances Tiafoe;Jakub Mensik;20.0;13.0;3rd Round;3;6-7 6-4 6-7;2026-03-23
20260323;Miami Open;Hard;Masters 1000;Alexander Zverev;Marin Cilic;4.0;49.0;3rd Round;3;2-6 7-5 4-6;2026-03-23
20260323;Miami Open;Hard;Masters 1000;Ugo Humbert;Aleksandr Shevchenko;34.0;84.0;3rd Round;3;6-4 7-6;2026-03-23
20260323;Miami Open;Hard;Masters 1000;Quentin Halys;Kamil Majchrzak;111.0;57.0;3rd Round;3;7-6 6-1;2026-03-23
20260323;Miami Open;Hard;Masters 1000;Terence Atmane;Felix Auger-Aliassime;53.0;8.0;3rd Round;3;6-3 1-6 6-3;2026-03-23
20260323;Miami Open;Hard;Masters 1000;Francisco Cerundolo;Daniil Medvedev;19.0;10.0;3rd Round;3;0-6 6-4 5-7;2026-03-23
20260324;Miami Open;Hard;Masters 1000;Frances Tiafoe;Terence Atmane;20.0;53.0;4th Round;3;4-6 6-1 4-6;2026-03-24
20260324;Miami Open;Hard;Masters 1000;Tommy Paul;Tomas Martin Etcheverry;23.0;32.0;4th Round;3;1-6 3-6;2026-03-24
20260324;Miami Open;Hard;Masters 1000;Arthur Fils;Valentin Vacherot;31.0;25.0;4th Round;3;6-4 6-7 6-4;2026-03-24
20260324;Miami Open;Hard;Masters 1000;Jiri Lehecka;Taylor Fritz;22.0;7.0;4th Round;3;4-6 7-6 2-6;2026-03-24
20260324;Miami Open;Hard;Masters 1000;Martin Landaluce;Sebastian Korda;151.0;36.0;4th Round;3;2-6 7-6 6-4;2026-03-24
20260324;Miami Open;Hard;Masters 1000;Jannik Sinner;Alex Michelsen;2.0;40.0;4th Round;3;7-5 7-6;2026-03-24
20260325;Miami Open;Hard;Masters 1000;Francisco Cerundolo;Ugo Humbert;19.0;34.0;4th Round;3;6-4 6-3;2026-03-25
20260325;Miami Open;Hard;Masters 1000;Alexander Zverev;Quentin Halys;4.0;111.0;4th Round;3;6-7 6-7;2026-03-25
20260325;Miami Open;Hard;Masters 1000;Jiri Lehecka;Martin Landaluce;22.0;151.0;Quarterfinals;3;7-6 7-5;2026-03-25
20260326;Miami Open;Hard;Masters 1000;Arthur Fils;Tommy Paul;31.0;23.0;Quarterfinals;3;7-6 6-7 6-7;2026-03-26
20260326;Miami Open;Hard;Masters 1000;Alexander Zverev;Francisco Cerundolo;4.0;19.0;Quarterfinals;3;1-6 2-6;2026-03-26
20260326;Miami Open;Hard;Masters 1000;Jannik Sinner;Frances Tiafoe;2.0;20.0;Quarterfinals;3;6-2 6-2;2026-03-26
20260327;Miami Open;Hard;Masters 1000;Jannik Sinner;Alexander Zverev;2.0;4.0;Semifinals;3;3-6 6-7;2026-03-27
20260327;Miami Open;Hard;Masters 1000;Jiri Lehecka;Arthur Fils;22.0;31.0;Semifinals;3;6-2 6-2;2026-03-27
20260329;Miami Open;Hard;Masters 1000;Jannik Sinner;Jiri Lehecka;2.0;22.0;The Final;3;6-4 6-4;2026-03-29